<?xml version="1.0" encoding="UTF-8" standalone="yes"?>
<addon 
	id="service.nfo.watchedstate.updater" 
	name="NFO Watchedstate Updater" 
	version="1.0.0" 
	provider-name="4lb3rtO">
  <requires>
    <import addon="xbmc.python" version="2.1.0"/>
	<import addon="xbmc.addon"  version="12.0.0"/>
  </requires>
  <extension 
	point="xbmc.service" 
	library="default.py" 
	start="login"/>
  <extension point="xbmc.addon.metadata">
    <summary lang="en">Renewed your watchedstate in nfo files</summary>
	<summary lang="de">Erneuert deinen watchedstate in den nfo Dateien</summary>
    <description lang="en">Updated your watchedstate in the nfo files as soon as this is done in the XBMC library.</description>
	<description lang="de">Aktualisiert deinen watchedstate in den nfo Dateien, sobald dies in der XBMC Bibliothek geschieht.</description>
    <platform>all</platform>
	<language>en</language>
	<language>de</language>
	<license>Creative Commons Attribution-NonCommercial-ShareAlike 4.0 International (CC BY-NC-SA 4.0)</license>
	<forum><!--    --></forum>
    <website></website>
    <email>4lb3rtO@gmx.de</email>
    <source></source>
  </extension>
</addon>
