﻿<?xml version="1.0" encoding="UTF-8"?>
<window id="1500" type="dialog">
  <defaultcontrol always="true">36100</defaultcontrol>
  <onunload>ClearProperty(HomeButton)</onunload>
	<controls>
		<include>BlackBack</include>
		<control type="group" id="576757">
			<include>openclosebox</include>
			<left>235</left>
			<top>60</top>
			<width>810</width>
			<height>600</height>
			<control type="image">
				<description>background image</description>
				<left>0</left>
				<top>0</top>
				<width>810</width>
				<height>600</height>
				<colordiffuse>grey1</colordiffuse>
				<texture border="1">WhiteBack.png</texture>
			</control>
			<control type="image">
				<description>background image</description>
				<left>10</left>
				<top>10</top>
				<width>790</width>
				<height>580</height>
				<texture border="1">WhiteBack.png</texture>
			</control>
			<control type="label">
				<description>header label</description>
				<left>40</left>
				<top>15</top>
				<width>730</width>
				<height>30</height>
				<font>impacted21</font>
				<label>$LOCALIZE[22080] dein Widget</label>
				<align>center</align>
				<aligny>center</aligny>
				<textcolor>grey2</textcolor>
			</control>
			<control type="image">
				<description>background image</description>
				<left>10</left>
				<top>48</top>
				<width>790</width>
				<height>40</height>
				<colordiffuse>grey2</colordiffuse>
				<texture border="1">WhiteBack.png</texture>
			</control>
			<control type="grouplist">
				<left>580</left>
				<top>370</top>
				<width>220</width>
				<height>220</height>
				<control type="image">
					<description>background image</description>
					<width>300</width>
					<height>300</height>
					<aspectratio ailign="left">keep</aspectratio>
					<colordiffuse>grey1</colordiffuse>
					<texture border="1">Design-Scripticon.png</texture>
				</control>
			</control>
			<control type="label">
				<description>Title label</description>
				<left>25</left>
				<top>52</top>
				<width>790</width>
				<label>[UPPERCASE]$VAR[WidgetPropertyLabel][/UPPERCASE]</label>
				<align>left</align>
				<scroll>false</scroll>
			</control>
			<control type="grouplist" id="36100"> <!-- Videos -->
				<left>30</left>
				<top>125</top>
				<width>740</width>
				<height>580</height>
				<height>450</height>
				<itemgap>2</itemgap>
				<visible>StringCompare(Window(Home).Property(HomeButton),movies)</visible>
				<control type="radiobutton" id="10">
					<width>740</width>
					<height>35</height>
					<align>left</align>
					<label>$LOCALIZE[575]</label>
					<textcolor>grey3</textcolor>
					<texturenofocus>-</texturenofocus>
					<onclick>Skin.ToggleSetting(Widget_RecommendedMovies)</onclick>
					<selected>Skin.HasSetting(Widget_RecommendedMovies)</selected>
				</control>
				<control type="radiobutton" id="11">
					<width>740</width>
					<height>35</height>
					<align>left</align>
					<label>$LOCALIZE[590]</label>
					<textcolor>grey3</textcolor>
					<texturenofocus>-</texturenofocus>
					<onclick>Skin.Reset(Widget_RecentMovies)</onclick>
					<onclick>Skin.ToggleSetting(Widget_RandomMovies)</onclick>
					<selected>Skin.HasSetting(Widget_RandomMovies)</selected>
				</control>
				<control type="radiobutton" id="12">
					<width>740</width>
					<height>35</height>
					<align>left</align>
					<label>$LOCALIZE[20386]</label>
					<textcolor>grey3</textcolor>
					<texturenofocus>-</texturenofocus>
					<onclick>Skin.Reset(Widget_RandomMovies)</onclick>
					<onclick>Skin.ToggleSetting(Widget_RecentMovies)</onclick>
					<selected>Skin.HasSetting(Widget_RecentMovies)</selected>
				</control>
				<include>WidgetGeneralSettings</include>
			</control>
			<control type="grouplist" id="36100"> <!-- TVShows -->
				<left>30</left>
				<top>125</top>
				<width>740</width>
				<height>580</height>
				<height>450</height>
				<itemgap>2</itemgap>
				<visible>StringCompare(Window(Home).Property(HomeButton),series)</visible>
				<control type="radiobutton" id="20">
					<width>740</width>
					<height>35</height>
					<align>left</align>
					<label>$LOCALIZE[575]</label>
					<textcolor>grey3</textcolor>
					<texturenofocus>-</texturenofocus>
					<onclick>Skin.ToggleSetting(Widget_RecommendedTVShows)</onclick>
					<selected>Skin.HasSetting(Widget_RecommendedTVShows)</selected>
				</control>
				<control type="radiobutton" id="21">
					<width>740</width>
					<height>35</height>
					<align>left</align>
					<label>$LOCALIZE[590]</label>
					<textcolor>grey3</textcolor>
					<texturenofocus>-</texturenofocus>
					<onclick>Skin.Reset(Widget_RecentTVShows)</onclick>
					<onclick>Skin.ToggleSetting(Widget_RandomTVShows)</onclick>
					<selected>Skin.HasSetting(Widget_RandomTVShows)</selected>
				</control>
				<control type="radiobutton" id="22">
					<width>740</width>
					<height>35</height>
					<align>left</align>
					<label>$LOCALIZE[51425]</label>
					<textcolor>grey3</textcolor>
					<texturenofocus>-</texturenofocus>
					<onclick>Skin.Reset(Widget_RandomTVShows)</onclick>
					<onclick>Skin.ToggleSetting(Widget_RecentTVShows)</onclick>
					<selected>Skin.HasSetting(Widget_RecentTVShows)</selected>
				</control>
				<control type="radiobutton" id="23">
					<description>Widget TV Shows</description>
					<width>740</width>
					<height>35</height>
					<align>left</align>
					<label>- $LOCALIZE[14001]</label>
					<textcolor>grey3</textcolor>
					<texturenofocus>-</texturenofocus>
					<onclick>Skin.ToggleSetting(Widget_RecentTVShows_Episodes)</onclick>
					<selected>Skin.HasSetting(Widget_RecentTVShows_Episodes)</selected>
					<visible>Skin.HasSetting(Widget_RecentTVShows)</visible>
				</control>
				<include>WidgetGeneralSettings</include>
			</control>
			<control type="grouplist" id="36100"> <!-- MusicVideos -->
				<left>30</left>
				<top>125</top>
				<width>740</width>
				<height>580</height>
				<height>450</height>
				<itemgap>2</itemgap>
				<visible>StringCompare(Window(Home).Property(HomeButton),musicvideos)</visible>
				<control type="radiobutton" id="30">
					<width>740</width>
					<height>35</height>
					<align>left</align>
					<label>$LOCALIZE[575]</label>
					<textcolor>grey3</textcolor>
					<texturenofocus>-</texturenofocus>
					<onclick>Skin.ToggleSetting(Widget_RecommendedMusicVideos)</onclick>
					<selected>Skin.HasSetting(Widget_RecommendedMusicVideos)</selected>
				</control>
				<control type="radiobutton" id="31">
					<width>740</width>
					<height>35</height>
					<align>left</align>
					<label>$LOCALIZE[590]</label>
					<textcolor>grey3</textcolor>
					<texturenofocus>-</texturenofocus>
					<onclick>Skin.Reset(Widget_RecentMusicVideos)</onclick>
					<onclick>Skin.ToggleSetting(Widget_RandomMusicVideos)</onclick>
					<selected>Skin.HasSetting(Widget_RandomMusicVideos)</selected>
				</control>
				<control type="radiobutton" id="32">
					<width>740</width>
					<height>35</height>
					<align>left</align>
					<label>$LOCALIZE[20390]</label>
					<textcolor>grey3</textcolor>
					<texturenofocus>-</texturenofocus>
					<onclick>Skin.Reset(Widget_RandomMusicVideos)</onclick>
					<onclick>Skin.ToggleSetting(Widget_RecentMusicVideos)</onclick>
					<selected>Skin.HasSetting(Widget_RecentMusicVideos)</selected>
				</control>
				<include>WidgetGeneralSettings</include>
			</control>
			<control type="grouplist" id="36100"> <!-- Music -->
				<left>30</left>
				<top>125</top>
				<width>740</width>
				<height>580</height>
				<height>450</height>
				<itemgap>2</itemgap>
				<visible>StringCompare(Window(Home).Property(HomeButton),music)|StringCompare(Window(skinsettings).Property(HomeButton),music)</visible>
				<control type="radiobutton" id="40">
					<width>740</width>
					<height>35</height>
					<align>left</align>
					<label>$LOCALIZE[590] $LOCALIZE[36919]</label>
					<textcolor>grey3</textcolor>
					<texturenofocus>-</texturenofocus>
					<onclick>Skin.Reset(Widget_RecommendedSongs)</onclick>
					<onclick>Skin.Reset(Widget_RecentAlbums)</onclick>
					<onclick>Skin.Reset(Widget_RecommendedAlbums)</onclick>
					<onclick>Skin.Reset(Widget_RandomSongs)</onclick>
					<onclick>Skin.ToggleSetting(Widget_RandomAlbums)</onclick>
					<selected>Skin.HasSetting(Widget_RandomAlbums)</selected>
				</control>
				<control type="radiobutton" id="41">
					<width>740</width>
					<height>35</height>
					<align>left</align>
					<label>$LOCALIZE[590] $LOCALIZE[36921]</label>
					<textcolor>grey3</textcolor>
					<texturenofocus>-</texturenofocus>
					<!-- <onclick>Skin.Reset(Widget_RecommendedSongs)</onclick> -->
					<onclick>Skin.Reset(Widget_RecentAlbums)</onclick>
					<onclick>Skin.Reset(Widget_RecommendedAlbums)</onclick>
					<onclick>Skin.Reset(Widget_RandomAlbums)</onclick>
					<onclick>Skin.ToggleSetting(Widget_RandomSongs)</onclick>
					<selected>Skin.HasSetting(Widget_RandomSongs)</selected>
				</control>
				<!-- <control type="radiobutton" id="42">
					<width>740</width>
					<height>35</height>
					<align>left</align>
					<label>$LOCALIZE[51421]</label>
					<textcolor>grey3</textcolor>
					<texturenofocus>-</texturenofocus>
					<onclick>Skin.Reset(Widget_RandomAlbums)</onclick>
					<onclick>Skin.Reset(Widget_RecentAlbums)</onclick>
					<onclick>Skin.Reset(Widget_RecommendedAlbums)</onclick>
					<onclick>Skin.Reset(Widget_RandomSongs)</onclick>
					<onclick>Skin.ToggleSetting(Widget_RecommendedSongs)</onclick>
					<selected>Skin.HasSetting(Widget_RecommendedSongs)</selected>
				</control> -->
				<control type="radiobutton" id="43">
					<width>740</width>
					<height>35</height>
					<align>left</align>
					<label>$LOCALIZE[517]</label>
					<textcolor>grey3</textcolor>
					<texturenofocus>-</texturenofocus>
					<onclick>Skin.Reset(Widget_RandomAlbums)</onclick>
					<!-- <onclick>Skin.Reset(Widget_RecommendedSongs)</onclick> -->
					<onclick>Skin.Reset(Widget_RecentAlbums)</onclick>
					<onclick>Skin.Reset(Widget_RandomSongs)</onclick>
					<onclick>Skin.ToggleSetting(Widget_RecommendedAlbums)</onclick>
					<selected>Skin.HasSetting(Widget_RecommendedAlbums)</selected>
				</control>
				<control type="radiobutton" id="44">
					<width>740</width>
					<height>35</height>
					<align>left</align>
					<label>$LOCALIZE[359]</label>
					<textcolor>grey3</textcolor>
					<texturenofocus>-</texturenofocus>
					<onclick>Skin.Reset(Widget_RandomAlbums)</onclick>
					<!-- <onclick>Skin.Reset(Widget_RecommendedSongs)</onclick> -->
					<onclick>Skin.Reset(Widget_RecommendedAlbums)</onclick>
					<onclick>Skin.Reset(Widget_RandomSongs)</onclick>
					<onclick>Skin.ToggleSetting(Widget_RecentAlbums)</onclick>
					<selected>Skin.HasSetting(Widget_RecentAlbums)</selected>
				</control>
				<include>WidgetGeneralSettings</include>
			</control>
			<control type="grouplist" id="36100"> <!-- LiveTV -->
				<left>30</left>
				<top>125</top>
				<width>740</width>
				<height>580</height>
				<height>450</height>
				<itemgap>2</itemgap>
				<visible>StringCompare(Window(Home).Property(HomeButton),livetv)</visible>
				<control type="radiobutton" id="50">
					<width>740</width>
					<height>35</height>
					<align>left</align>
					<opup>25</opup>
					<label>$LOCALIZE[20007]</label>
					<textcolor>grey3</textcolor>
					<texturenofocus>-</texturenofocus>
					<onclick>Skin.Reset(Widget_PVRTimers)</onclick>
					<onclick>Skin.Reset(Widget_LiveTVWidgetChannels)</onclick>
					<onclick>Skin.Reset(Widget_LiveTVHighlights)</onclick>
					<onclick>Skin.Reset(Widget_SerienPlaner)</onclick>
					<onclick>Skin.ToggleSetting(Widget_Recordings)</onclick>
					<selected>Skin.HasSetting(Widget_Recordings)</selected>
				</control>
				<control type="radiobutton" id="51">
					<width>740</width>
					<height>35</height>
					<align>left</align>
					<label>$LOCALIZE[19040]</label>
					<textcolor>grey3</textcolor>
					<texturenofocus>-</texturenofocus>
					<onclick>Skin.Reset(Widget_Recordings)</onclick>
					<onclick>Skin.Reset(Widget_LiveTVWidgetChannels)</onclick>
					<onclick>Skin.Reset(Widget_LiveTVHighlights)</onclick>
					<onclick>Skin.ToggleSetting(Widget_PVRTimers)</onclick>
					<onclick>Skin.Reset(Widget_SerienPlaner)</onclick>
					<selected>Skin.HasSetting(Widget_PVRTimers)</selected>
					<enable>PVR.HasTimer</enable>
				</control>
				<control type="radiobutton" id="52">
					<width>740</width>
					<height>35</height>
					<align>left</align>
					<label>51493</label>
					<textcolor>grey3</textcolor>
					<texturenofocus>-</texturenofocus>
					<onclick>Skin.Reset(Widget_Recordings)</onclick>
					<onclick>Skin.Reset(Widget_PVRTimers)</onclick>
					<onclick>Skin.Reset(Widget_LiveTVHighlights)</onclick>
					<onclick>Skin.Reset(Widget_SerienPlaner)</onclick>
					<onclick>Skin.ToggleSetting(Widget_LiveTVWidgetChannels)</onclick>
					<selected>Skin.HasSetting(Widget_LiveTVWidgetChannels)</selected>
				</control>
				<control type="button" id="53">
					<description>User Channels</description>
					<width>740</width>
					<height>35</height>
					<align>left</align>
					<label> $LOCALIZE[19141]</label>
					<textcolor>grey3</textcolor>
					<texturenofocus>-</texturenofocus>
					<label2>$INFO[Skin.String(Widget_PVR_TV_WidgetChannels_Path)]</label2>
					<onclick>Skin.SetPath(Widget_PVR_TV_WidgetChannels_Path,pvr://channels/tv/)</onclick>
					<visible>Skin.HasSetting(Widget_LiveTVWidgetChannels)</visible>
				</control>
				<control type="radiobutton" id="54">
					<width>740</width>
					<height>35</height>
					<align>left</align>
					<label>TV Highlights</label>
					<textcolor>grey3</textcolor>
					<texturenofocus>-</texturenofocus>
					<onclick>Skin.Reset(Widget_Recordings)</onclick>
					<onclick>Skin.Reset(Widget_PVRTimers)</onclick>
					<onclick>Skin.Reset(Widget_LiveTVWidgetChannels)</onclick>
					<onclick>Skin.Reset(Widget_SerienPlaner)</onclick>
					<onclick>Skin.ToggleSetting(Widget_LiveTVHighlights)</onclick>
					<selected>Skin.HasSetting(Widget_LiveTVHighlights)</selected>
					<enable>System.HasAddon(plugin.program.tvhighlights)|System.HasAddon(plugin.service.gto)</enable>
				</control>
				<control type="button" id="55">
					<width>740</width>
					<height>35</height>
					<align>left</align>
					<label>- $LOCALIZE[5]</label>
					<textcolor>grey3</textcolor>
					<texturenofocus>-</texturenofocus>
					<onclick>Addon.OpenSettings(plugin.program.tvhighlights)</onclick>
					<visible>Skin.HasSetting(Widget_LiveTVHighlights)</visible>
					<visible>System.HasAddon(plugin.program.tvhighlights)</visible>
				</control>
				<control type="button" id="56">
					<width>740</width>
					<height>35</height>
					<align>left</align>
					<label>- Refresh</label>
					<textcolor>grey3</textcolor>
					<texturenofocus>-</texturenofocus>
					<onclick>RunScript(plugin.program.tvhighlights,&quot;?methode=scrape_highlights&quot;)</onclick>
					<visible>Skin.HasSetting(Widget_LiveTVHighlights)</visible>
					<visible>System.HasAddon(plugin.program.tvhighlights)</visible>
				</control>
				<control type="button" id="57">
					<width>740</width>
					<height>35</height>
					<align>left</align>
					<label>- Scrape</label>
					<textcolor>grey3</textcolor>
					<texturenofocus>-</texturenofocus>
					<onclick>RunScript(plugin.service.gto,action=scrape)</onclick>
					<visible>Skin.HasSetting(Widget_LiveTVHighlights)</visible>
					<visible>System.HasAddon(plugin.service.gto)</visible>
				</control>
				<control type="button" id="58">
					<width>740</width>
					<height>35</height>
					<align>left</align>
					<label>- $LOCALIZE[5]</label>
					<textcolor>grey3</textcolor>
					<texturenofocus>-</texturenofocus>
					<onclick>Addon.OpenSettings(plugin.service.gto)</onclick>
					<visible>Skin.HasSetting(Widget_LiveTVHighlights)</visible>
					<visible>System.HasAddon(plugin.service.gto)</visible>
				</control>
				<include>WidgetGeneralSettings</include>
			</control>
			<control type="grouplist" id="36100"> <!-- Radio -->
				<left>30</left>
				<top>125</top>
				<width>740</width>
				<height>580</height>
				<height>450</height>
				<itemgap>2</itemgap>
				<visible>StringCompare(Window(Home).Property(HomeButton),radio)</visible>
				<control type="radiobutton" id="50">
					<width>740</width>
					<height>35</height>
					<align>left</align>
					<opup>25</opup>
					<label>51493</label>
					<textcolor>grey3</textcolor>
					<texturenofocus>-</texturenofocus>
					<onclick>Skin.ToggleSetting(Widget_PVR_Radio_WidgetChannels)</onclick>
					<selected>Skin.HasSetting(Widget_PVR_Radio_WidgetChannels)</selected>
				</control>
				<control type="button" id="51">
					<description>User Channels</description>
					<width>740</width>
					<height>35</height>
					<align>left</align>
					<label> $LOCALIZE[19141]</label>
					<textcolor>grey3</textcolor>
					<texturenofocus>-</texturenofocus>
					<label2>$INFO[Skin.String(Widget_PVR_Radio_WidgetChannels_Path)]</label2>
					<onclick>Skin.SetPath(Widget_PVR_Radio_WidgetChannels_Path,pvr://channels/radio)</onclick>
					<visible>Skin.HasSetting(Widget_PVR_Radio_WidgetChannels)</visible>
				</control>
				<include>WidgetGeneralSettings</include>
			</control>
			<control type="grouplist" id="36100"> <!-- Picture -->
				<left>30</left>
				<top>125</top>
				<width>740</width>
				<height>580</height>
				<height>450</height>
				<itemgap>2</itemgap>
				<visible>StringCompare(Window(Home).Property(HomeButton),picture)</visible>
				<control type="radiobutton" id="50">
					<width>740</width>
					<height>35</height>
					<align>left</align>
					<opup>25</opup>
					<label>108</label>
					<textcolor>grey3</textcolor>
					<texturenofocus>-</texturenofocus>
					<onclick>Skin.ToggleSetting(Widget_Diashow)</onclick>
					<selected>Skin.HasSetting(Widget_Diashow)</selected>
				</control>
				<control type="button" id="51">
					<description>User Path</description>
					<width>740</width>
					<height>35</height>
					<align>left</align>
					<label>$LOCALIZE[51332]</label>
					<textcolor>grey3</textcolor>
					<texturenofocus>-</texturenofocus>
					<label2>$INFO[Skin.String(widget_diashow_folder)]</label2>
					<onclick>Skin.SetPath(widget_diashow_folder)</onclick>
					<visible>Skin.HasSetting(Widget_Diashow)</visible>
				</control>
				<include>WidgetGeneralSettings</include>
			</control>
			<control type="grouplist" id="36100"> <!-- Weather -->
				<left>30</left>
				<top>125</top>
				<width>740</width>
				<height>580</height>
				<height>450</height>
				<itemgap>2</itemgap>
				<visible>StringCompare(Window(Home).Property(HomeButton),weather)</visible>
				<control type="radiobutton" id="60">
					<width>740</width>
					<height>35</height>
					<align>left</align>
					<label>$LOCALIZE[8] $LOCALIZE[51487]</label>
					<textcolor>grey3</textcolor>
					<texturenofocus>-</texturenofocus>
					<onclick>Skin.Reset(HomeWeatherWidgetFull)</onclick>
					<onclick>Skin.ToggleSetting(HomeWeatherWidgetToday)</onclick>
					<selected>Skin.HasSetting(HomeWeatherWidgetToday)</selected>
				</control>
				<control type="radiobutton" id="61">
					<width>740</width>
					<height>35</height>
					<align>left</align>
					<label>$LOCALIZE[8] $LOCALIZE[51433]</label>
					<textcolor>grey3</textcolor>
					<texturenofocus>-</texturenofocus>
					<onclick>Skin.Reset(HomeWeatherWidgetToday)</onclick>
					<onclick>Skin.ToggleSetting(HomeWeatherWidgetFull)</onclick>
					<selected>Skin.HasSetting(HomeWeatherWidgetFull)</selected>
				</control>
				<control type="button" id="62">
					<width>740</width>
					<height>35</height>
					<align>left</align>
					<textcolor>grey3</textcolor>
					<texturenofocus>-</texturenofocus>
					<label>51469</label>
					<onclick>RunScript(script.image.resource.select,property=weatherfanart&amp;type=resource.images.weatherfanart)</onclick>
					<visible>System.HasAddon(script.image.resource.select)</visible>
					<enable>!IsEmpty(Weather.Plugin)</enable>
				</control>
				<control type="button" id="63">
					<width>740</width>
					<height>35</height>
					<align>left</align>
					<textcolor>grey3</textcolor>
					<texturenofocus>-</texturenofocus>
					<label>$LOCALIZE[8] $LOCALIZE[21417]</label>
					<onclick>Dialog.Close(all,true)</onclick>
					<onclick>ActivateWindow(MyWeatherSettings)</onclick>
				</control>
				<include>WidgetGeneralSettings</include>
			</control>
			<control type="grouplist" id="36100"> <!-- 3D -->
				<left>30</left>
				<top>125</top>
				<width>740</width>
				<height>580</height>
				<height>450</height>
				<itemgap>2</itemgap>
				<visible>StringCompare(Window(Home).Property(HomeButton),3d)</visible>
				<control type="radiobutton" id="70">
					<width>740</width>
					<height>35</height>
					<align>left</align>
					<textcolor>grey3</textcolor>
					<texturenofocus>-</texturenofocus>
					<label>$LOCALIZE[51495]</label>
					<onclick>Skin.Reset(Widget_RecentMovies_3D)</onclick>
					<onclick>Skin.Reset(Widget_RandomMovies_3D)</onclick>
					<onclick>Skin.ToggleSetting(Widget_RecommendedMovies_3D)</onclick>
					<selected>Skin.HasSetting(Widget_RecommendedMovies_3D)</selected>
				</control>
				<control type="radiobutton" id="71">
					<width>740</width>
					<height>35</height>
					<align>left</align>
					<label>$LOCALIZE[590]</label>
					<textcolor>grey3</textcolor>
					<texturenofocus>-</texturenofocus>
					<onclick>Skin.Reset(Widget_RecommendedMovies_3D)</onclick>
					<onclick>Skin.Reset(Widget_RecentMovies_3D)</onclick>
					<onclick>Skin.ToggleSetting(Widget_RandomMovies_3D)</onclick>
					<selected>Skin.HasSetting(Widget_RandomMovies_3D)</selected>
				</control>
				<control type="radiobutton" id="72">
					<width>740</width>
					<height>35</height>
					<align>left</align>
					<label>$LOCALIZE[20386]</label>
					<textcolor>grey3</textcolor>
					<texturenofocus>-</texturenofocus>
					<onclick>Skin.Reset(Widget_RecommendedMovies_3D)</onclick>
					<onclick>Skin.Reset(Widget_RandomMovies_3D)</onclick>
					<onclick>Skin.ToggleSetting(Widget_RecentMovies_3D)</onclick>
					<selected>Skin.HasSetting(Widget_RecentMovies_3D)</selected>
				</control>
				<include>WidgetGeneralSettings</include>
			</control>
			<control type="grouplist" id="36100"> <!-- HD -->
				<left>30</left>
				<top>125</top>
				<width>740</width>
				<height>580</height>
				<height>450</height>
				<itemgap>2</itemgap>
				<visible>StringCompare(Window(Home).Property(HomeButton),hd)</visible>
				<control type="radiobutton" id="80">
					<width>740</width>
					<height>35</height>
					<align>left</align>
					<textcolor>grey3</textcolor>
					<texturenofocus>-</texturenofocus>
					<label>$LOCALIZE[51495]</label>
					<onclick>Skin.Reset(Widget_RecentMovies_HD)</onclick>
					<onclick>Skin.Reset(Widget_RandomMovies_HD)</onclick>
					<onclick>Skin.ToggleSetting(Widget_RecommendedMovies_HD)</onclick>
					<selected>Skin.HasSetting(Widget_RecommendedMovies_HD)</selected>
				</control>
				<control type="radiobutton" id="81">
					<width>740</width>
					<height>35</height>
					<align>left</align>
					<label>$LOCALIZE[590]</label>
					<textcolor>grey3</textcolor>
					<texturenofocus>-</texturenofocus>
					<onclick>Skin.Reset(Widget_RecommendedMovies_HD)</onclick>
					<onclick>Skin.Reset(Widget_RecentMovies_HD)</onclick>
					<onclick>Skin.ToggleSetting(Widget_RandomMovies_HD)</onclick>
					<selected>Skin.HasSetting(Widget_RandomMovies_HD)</selected>
				</control>
				<control type="radiobutton" id="82">
					<width>740</width>
					<height>35</height>
					<align>left</align>
					<label>$LOCALIZE[20386]</label>
					<textcolor>grey3</textcolor>
					<texturenofocus>-</texturenofocus>
					<onclick>Skin.Reset(Widget_RecommendedMovies_HD)</onclick>
					<onclick>Skin.Reset(Widget_RandomMovies_HD)</onclick>
					<onclick>Skin.ToggleSetting(Widget_RecentMovies_HD)</onclick>
					<selected>Skin.HasSetting(Widget_RecentMovies_HD)</selected>
				</control>
				<include>WidgetGeneralSettings</include>
			</control>
			<control type="grouplist" id="36100"> <!-- FullHD -->
				<left>30</left>
				<top>125</top>
				<width>740</width>
				<height>580</height>
				<height>450</height>
				<itemgap>2</itemgap>
				<visible>StringCompare(Window(Home).Property(HomeButton),fullhd)</visible>
				<control type="radiobutton" id="90">
					<width>740</width>
					<height>35</height>
					<align>left</align>
					<textcolor>grey3</textcolor>
					<texturenofocus>-</texturenofocus>
					<label>$LOCALIZE[51495]</label>
					<onclick>Skin.Reset(Widget_RecentMovies_FullHD)</onclick>
					<onclick>Skin.Reset(Widget_RandomMovies_FullHD)</onclick>
					<onclick>Skin.ToggleSetting(Widget_RecommendedMovies_FullHD)</onclick>
					<selected>Skin.HasSetting(Widget_RecommendedMovies_FullHD)</selected>
				</control>
				<control type="radiobutton" id="91">
					<width>740</width>
					<height>35</height>
					<align>left</align>
					<label>$LOCALIZE[590]</label>
					<textcolor>grey3</textcolor>
					<texturenofocus>-</texturenofocus>
					<onclick>Skin.Reset(Widget_RecommendedMovies_FullHD)</onclick>
					<onclick>Skin.Reset(Widget_RecentMovies_FullHD)</onclick>
					<onclick>Skin.ToggleSetting(Widget_RandomMovies_FullHD)</onclick>
					<selected>Skin.HasSetting(Widget_RandomMovies_FullHD)</selected>
				</control>
				<control type="radiobutton" id="92">
					<width>740</width>
					<height>35</height>
					<align>left</align>
					<label>$LOCALIZE[20386]</label>
					<textcolor>grey3</textcolor>
					<texturenofocus>-</texturenofocus>
					<onclick>Skin.Reset(Widget_RecommendedMovies_FullHD)</onclick>
					<onclick>Skin.Reset(Widget_RandomMovies_FullHD)</onclick>
					<onclick>Skin.ToggleSetting(Widget_RecentMovies_FullHD)</onclick>
					<selected>Skin.HasSetting(Widget_RecentMovies_FullHD)</selected>
				</control>
				<include>WidgetGeneralSettings</include>
			</control>
			<control type="grouplist" id="36100"> <!-- Doku -->
				<left>30</left>
				<top>125</top>
				<width>740</width>
				<height>580</height>
				<height>450</height>
				<itemgap>2</itemgap>
				<visible>StringCompare(Window(Home).Property(HomeButton),doku)</visible>
				<control type="radiobutton" id="100">
					<width>740</width>
					<height>35</height>
					<align>left</align>
					<textcolor>grey3</textcolor>
					<texturenofocus>-</texturenofocus>
					<label>$LOCALIZE[51495]</label>
					<onclick>Skin.Reset(Widget_RecentMovies_Doku)</onclick>
					<onclick>Skin.Reset(Widget_RandomMovies_Doku)</onclick>
					<onclick>Skin.ToggleSetting(Widget_RecommendedMovies_Doku)</onclick>
					<selected>Skin.HasSetting(Widget_RecommendedMovies_Doku)</selected>
				</control>
				<control type="radiobutton" id="101">
					<width>740</width>
					<height>35</height>
					<align>left</align>
					<label>$LOCALIZE[590]</label>
					<textcolor>grey3</textcolor>
					<texturenofocus>-</texturenofocus>
					<onclick>Skin.Reset(Widget_RecommendedMovies_Doku)</onclick>
					<onclick>Skin.Reset(Widget_RecentMovies_Doku)</onclick>
					<onclick>Skin.ToggleSetting(Widget_RandomMovies_Doku)</onclick>
					<selected>Skin.HasSetting(Widget_RandomMovies_Doku)</selected>
				</control>
				<control type="radiobutton" id="102">
					<width>740</width>
					<height>35</height>
					<align>left</align>
					<label>$LOCALIZE[20386]</label>
					<textcolor>grey3</textcolor>
					<texturenofocus>-</texturenofocus>
					<onclick>Skin.Reset(Widget_RecommendedMovies_Doku)</onclick>
					<onclick>Skin.Reset(Widget_RandomMovies_Doku)</onclick>
					<onclick>Skin.ToggleSetting(Widget_RecentMovies_Doku)</onclick>
					<selected>Skin.HasSetting(Widget_RecentMovies_Doku)</selected>
				</control>
				<include>WidgetGeneralSettings</include>
			</control>
			<control type="grouplist" id="36100"> <!-- KIDS -->
				<left>30</left>
				<top>125</top>
				<width>740</width>
				<height>580</height>
				<height>450</height>
				<itemgap>2</itemgap>
				<visible>StringCompare(Window(Home).Property(HomeButton),kids)</visible>
				<control type="radiobutton" id="110">
					<width>740</width>
					<height>35</height>
					<align>left</align>
					<textcolor>grey3</textcolor>
					<texturenofocus>-</texturenofocus>
					<label>$LOCALIZE[51495]</label>
					<onclick>Skin.Reset(Widget_RecentMovies_Kids)</onclick>
					<onclick>Skin.Reset(Widget_RandomMovies_Kids)</onclick>
					<onclick>Skin.ToggleSetting(Widget_RecommendedMovies_Kids)</onclick>
					<selected>Skin.HasSetting(Widget_RecommendedMovies_Kids)</selected>
				</control>
				<control type="radiobutton" id="111">
					<width>740</width>
					<height>35</height>
					<align>left</align>
					<label>$LOCALIZE[590]</label>
					<textcolor>grey3</textcolor>
					<texturenofocus>-</texturenofocus>
					<onclick>Skin.Reset(Widget_RecommendedMovies_Kids)</onclick>
					<onclick>Skin.Reset(Widget_RecentMovies_Kids)</onclick>
					<onclick>Skin.ToggleSetting(Widget_RandomMovies_Kids)</onclick>
					<selected>Skin.HasSetting(Widget_RandomMovies_Kids)</selected>
				</control>
				<control type="radiobutton" id="112">
					<width>740</width>
					<height>35</height>
					<align>left</align>
					<label>$LOCALIZE[20386]</label>
					<textcolor>grey3</textcolor>
					<texturenofocus>-</texturenofocus>
					<onclick>Skin.Reset(Widget_RecommendedMovies_Kids)</onclick>
					<onclick>Skin.Reset(Widget_RandomMovies_Kids)</onclick>
					<onclick>Skin.ToggleSetting(Widget_RecentMovies_Kids)</onclick>
					<selected>Skin.HasSetting(Widget_RecentMovies_Kids)</selected>
				</control>
				<control type="button" id="113">
					<width>740</width>
					<height>35</height>
					<align>left</align>
					<textcolor>grey3</textcolor>
					<texturenofocus>-</texturenofocus>
					<label>51226</label>
					<label2>$VAR[Rating_Age_Kids_Label]</label2>
					<onclick condition="!Skin.HasSetting(Rating_Age_Kids_0)+!Skin.HasSetting(Rating_Age_Kids_6)+!Skin.HasSetting(Rating_Age_Kids_12)+!Skin.HasSetting(Rating_Age_Kids_16)">Skin.SetBool(Rating_Age_Kids_0)</onclick>
					<onclick condition="Skin.HasSetting(Rating_Age_Kids_16)">Skin.SetBool(Rating_Age_Kids_0)</onclick>
					<onclick condition="Skin.HasSetting(Rating_Age_Kids_12)">Skin.SetBool(Rating_Age_Kids_16)</onclick>
					<onclick condition="Skin.HasSetting(Rating_Age_Kids_6)">Skin.SetBool(Rating_Age_Kids_12)</onclick>
					<onclick condition="Skin.HasSetting(Rating_Age_Kids_0)">Skin.SetBool(Rating_Age_Kids_6)</onclick>
					<onclick condition="Skin.HasSetting(Rating_Age_Kids_0)">Skin.Reset(Rating_Age_Kids_0)</onclick>
					<onclick condition="Skin.HasSetting(Rating_Age_Kids_6)">Skin.Reset(Rating_Age_Kids_6)</onclick>
					<onclick condition="Skin.HasSetting(Rating_Age_Kids_12)">Skin.Reset(Rating_Age_Kids_12)</onclick>
					<onclick condition="Skin.HasSetting(Rating_Age_Kids_16)">Skin.Reset(Rating_Age_Kids_16)</onclick>
				</control>
				<include>WidgetGeneralSettings</include>
			</control>
			<control type="grouplist" id="36100"> <!-- Fav1 -->
				<left>30</left>
				<top>125</top>
				<width>740</width>
				<height>580</height>
				<height>450</height>
				<itemgap>2</itemgap>
				<visible>StringCompare(Window(Home).Property(HomeButton),fav1)</visible>
				<control type="button" id="121">
					<width>740</width>
					<height>35</height>
					<align>left</align>
					<textcolor>grey3</textcolor>
					<texturenofocus>-</texturenofocus>
					<label>$LOCALIZE[13350]</label>
					<label2>$INFO[Skin.String(Favourite1_Playlist_Path)]</label2>
					<onclick>Skin.SetFile(Favourite1_Playlist_Path,,special://videoplaylists/)</onclick>
				</control>
				<control type="radiobutton" id="122">
					<width>740</width>
					<height>35</height>
					<align>left</align>
					<textcolor>grey3</textcolor>
					<texturenofocus>-</texturenofocus>
					<label>$LOCALIZE[51495]</label>
					<onclick>Skin.Reset(Widget_RecentMovies_Fav1)</onclick>
					<onclick>Skin.Reset(Widget_RandomMovies_Fav1)</onclick>
					<onclick>Skin.ToggleSetting(Widget_RecommendedMovies_Fav1)</onclick>
					<selected>Skin.HasSetting(Widget_RecommendedMovies_Fav1)</selected>
				</control>
				<control type="radiobutton" id="123">
					<width>740</width>
					<height>35</height>
					<align>left</align>
					<label>$LOCALIZE[590]</label>
					<textcolor>grey3</textcolor>
					<texturenofocus>-</texturenofocus>
					<onclick>Skin.Reset(Widget_RecommendedMovies_Fav1)</onclick>
					<onclick>Skin.Reset(Widget_RecentMovies_Fav1)</onclick>
					<onclick>Skin.ToggleSetting(Widget_RandomMovies_Fav1)</onclick>
					<selected>Skin.HasSetting(Widget_RandomMovies_Fav1)</selected>
				</control>
				<control type="radiobutton" id="124">
					<width>740</width>
					<height>35</height>
					<align>left</align>
					<label>$LOCALIZE[31328]</label>
					<textcolor>grey3</textcolor>
					<texturenofocus>-</texturenofocus>
					<onclick>Skin.Reset(Widget_RecommendedMovies_Fav1)</onclick>
					<onclick>Skin.Reset(Widget_RandomMovies_Fav1)</onclick>
					<onclick>Skin.ToggleSetting(Widget_RecentMovies_Fav1)</onclick>
					<selected>Skin.HasSetting(Widget_RecentMovies_Fav1)</selected>
				</control>
				<include>WidgetGeneralSettings</include>
			</control>
			<control type="grouplist" id="36100"> <!-- Fav2 -->
				<left>30</left>
				<top>125</top>
				<width>740</width>
				<height>580</height>
				<height>450</height>
				<itemgap>2</itemgap>
				<visible>StringCompare(Window(Home).Property(HomeButton),fav2)</visible>
				<control type="button" id="131">
					<width>740</width>
					<height>35</height>
					<align>left</align>
					<textcolor>grey3</textcolor>
					<texturenofocus>-</texturenofocus>
					<label>$LOCALIZE[13350]</label>
					<label2>$INFO[Skin.String(Favourite2_Playlist_Path)]</label2>
					<onclick>Skin.SetFile(Favourite2_Playlist_Path,,special://videoplaylists/)</onclick>
				</control>
				<control type="radiobutton" id="132">
					<width>740</width>
					<height>35</height>
					<align>left</align>
					<textcolor>grey3</textcolor>
					<texturenofocus>-</texturenofocus>
					<label>$LOCALIZE[51495]</label>
					<onclick>Skin.Reset(Widget_RecentMovies_Fav2)</onclick>
					<onclick>Skin.Reset(Widget_RandomMovies_Fav2)</onclick>
					<onclick>Skin.ToggleSetting(Widget_RecommendedMovies_Fav2)</onclick>
					<selected>Skin.HasSetting(Widget_RecommendedMovies_Fav2)</selected>
				</control>
				<control type="radiobutton" id="133">
					<width>740</width>
					<height>35</height>
					<align>left</align>
					<label>$LOCALIZE[590]</label>
					<textcolor>grey3</textcolor>
					<texturenofocus>-</texturenofocus>
					<onclick>Skin.Reset(Widget_RecommendedMovies_Fav2)</onclick>
					<onclick>Skin.Reset(Widget_RecentMovies_Fav2)</onclick>
					<onclick>Skin.ToggleSetting(Widget_RandomMovies_Fav2)</onclick>
					<selected>Skin.HasSetting(Widget_RandomMovies_Fav2)</selected>
				</control>
				<control type="radiobutton" id="134">
					<width>740</width>
					<height>35</height>
					<align>left</align>
					<label>$LOCALIZE[31328]</label>
					<textcolor>grey3</textcolor>
					<texturenofocus>-</texturenofocus>
					<onclick>Skin.Reset(Widget_RecommendedMovies_Fav2)</onclick>
					<onclick>Skin.Reset(Widget_RandomMovies_Fav2)</onclick>
					<onclick>Skin.ToggleSetting(Widget_RecentMovies_Fav2)</onclick>
					<selected>Skin.HasSetting(Widget_RecentMovies_Fav2)</selected>
				</control>
				<include>WidgetGeneralSettings</include>
			</control>
			<control type="grouplist" id="36100"> <!-- Fav3 -->
				<left>30</left>
				<top>125</top>
				<width>740</width>
				<height>580</height>
				<height>450</height>
				<itemgap>2</itemgap>
				<visible>StringCompare(Window(Home).Property(HomeButton),fav3)</visible>
				<control type="radiobutton" id="140">
					<width>740</width>
					<height>35</height>
					<align>left</align>
					<textcolor>grey3</textcolor>
					<texturenofocus>-</texturenofocus>
					<label>$LOCALIZE[559]</label>
					<onclick>Skin.Reset(Widget_UserPlaylist_Radio)</onclick>
					<onclick>Skin.ToggleSetting(Widget_UserPlaylist)</onclick>
					<selected>Skin.HasSetting(Widget_UserPlaylist)</selected>
				</control>
				<control type="button" id="141">
					<width>740</width>
					<height>35</height>
					<align>left</align>
					<textcolor>grey3</textcolor>
					<texturenofocus>-</texturenofocus>
					<label>- $LOCALIZE[524]: </label>
					<label2>$INFO[Skin.String(Favourite3_Playlist_Path)]</label2>
					<onclick>Skin.SetFile(Favourite3_Playlist_Path,,special://musicplaylists/)</onclick>
					<visible>Skin.HasSetting(Widget_UserPlaylist)</visible>
				</control>
				<control type="button" id="142">
					<width>740</width>
					<height>35</height>
					<align>left</align>
					<textcolor>grey3</textcolor>
					<texturenofocus>-</texturenofocus>
					<label>- $LOCALIZE[21899]</label>
					<label2>$INFO[Skin.String(UserPlaylistLabel)]</label2>
					<onclick>Skin.SetString(UserPlaylistLabel)</onclick>
					<visible>Skin.HasSetting(Widget_UserPlaylist)</visible>
				</control>
				<control type="radiobutton" id="143">
					<width>740</width>
					<height>35</height>
					<align>left</align>
					<textcolor>grey3</textcolor>
					<texturenofocus>-</texturenofocus>
					<label>$LOCALIZE[51429]</label>
					<onclick>Skin.Reset(Widget_UserPlaylist)</onclick>
					<onclick>Skin.ToggleSetting(Widget_UserPlaylist_Radio)</onclick>
					<selected>Skin.HasSetting(Widget_UserPlaylist_Radio)</selected>
					<!-- <enable>System.HasAddon(plugin.audio.radio_de)</enable> -->
				</control>
				<control type="button" id="144">
					<width>740</width>
					<height>35</height>
					<align>left</align>
					<textcolor>grey3</textcolor>
					<texturenofocus>-</texturenofocus>
					<label>- $LOCALIZE[22080] $LOCALIZE[51457]</label>
					<label2>$INFO[Skin.String(RadioPath)]</label2>
					<onclick>Dialog.Close(all,true)</onclick>
					<onclick>Skin.SetPath(RadioPath,plugin://plugin.audio.radio_de/)</onclick>
					<visible>Skin.HasSetting(Widget_UserPlaylist_Radio)</visible>
					<!-- <visible>System.HasAddon(plugin.audio.radio_de)</visible> -->
				</control>
				<control type="button" id="145">
					<width>740</width>
					<height>35</height>
					<align>left</align>
					<textcolor>grey3</textcolor>
					<texturenofocus>-</texturenofocus>
					<label>- $LOCALIZE[51431]</label>
					<onclick>Dialog.Close(1500)</onclick>
					<onclick>RunAddon(plugin.audio.radio_de)</onclick>
					<visible>Skin.HasSetting(Widget_UserPlaylist_Radio)</visible>
					<!-- <visible>System.HasAddon(plugin.audio.radio_de)</visible> -->
				</control>
				<include>WidgetGeneralSettings</include>
			</control>
			<control type="grouplist" id="36100"> <!-- NEWS -->
				<left>30</left>
				<top>125</top>
				<width>740</width>
				<height>450</height>
				<itemgap>2</itemgap>
				<visible>StringCompare(Window(Home).Property(HomeButton),news)</visible>
				<control type="radiobutton" id="50">
					<width>740</width>
					<height>35</height>
					<align>left</align>
					<opup>25</opup>
					<label>News</label>
					<textcolor>grey3</textcolor>
					<texturenofocus>-</texturenofocus>
					<onclick>Skin.ToggleSetting(Widget_NEWS_NewsCenter)</onclick>
					<selected>Skin.HasSetting(Widget_NEWS_NewsCenter)</selected>
					<!-- <enable>System.HasAddon(plugin.program.newscenter)</enable> -->
				</control>
				<control type="button" id="51">
					<description>User Channels</description>
					<width>740</width>
					<height>35</height>
					<align>left</align>
					<label>- Feed</label>
					<textcolor>grey3</textcolor>
					<texturenofocus>-</texturenofocus>
					<onclick>RunScript(plugin.program.newscenter,&quot;?methode=set_default_feed&quot;)</onclick>
					<visible>Skin.HasSetting(Widget_NEWS_NewsCenter)</visible>
				</control>
				<control type="button" id="52">
					<width>740</width>
					<height>35</height>
					<align>left</align>
					<label>- $LOCALIZE[5]</label>
					<textcolor>grey3</textcolor>
					<texturenofocus>-</texturenofocus>
					<onclick>Addon.OpenSettings(plugin.program.newscenter)</onclick>
					<visible>Skin.HasSetting(Widget_NEWS_NewsCenter)</visible>
				</control>
				<control type="radiobutton" id="53">
					<width>740</width>
					<height>35</height>
					<align>left</align>
					<opup>25</opup>
					<label>TV Highlights (GTO)</label>
					<textcolor>grey3</textcolor>
					<texturenofocus>-</texturenofocus>
					<onclick>Skin.ToggleSetting(Widget_NEWS_TVHighlights_gto)</onclick>
					<selected>Skin.HasSetting(Widget_NEWS_TVHighlights_gto)</selected>
					<!-- <enable>System.HasAddon(plugin.service.gto)</enable> -->
				</control>
				<control type="button" id="54">
					<width>740</width>
					<height>35</height>
					<align>left</align>
					<label>- Refresh</label>
					<textcolor>grey3</textcolor>
					<texturenofocus>-</texturenofocus>
					<onclick>RunScript(plugin.service.gto,action=refresh)</onclick>
					<visible>Skin.HasSetting(Widget_NEWS_TVHighlights_gto)</visible>
				</control>
				<control type="button" id="55">
					<width>740</width>
					<height>35</height>
					<align>left</align>
					<label>- Scrape</label>
					<textcolor>grey3</textcolor>
					<texturenofocus>-</texturenofocus>
					<onclick>RunScript(plugin.service.gto,action=scrape)</onclick>
					<visible>Skin.HasSetting(Widget_NEWS_TVHighlights_gto)</visible>
				</control>
				<control type="button" id="56">
					<width>740</width>
					<height>35</height>
					<align>left</align>
					<label>- $LOCALIZE[5]</label>
					<textcolor>grey3</textcolor>
					<texturenofocus>-</texturenofocus>
					<onclick>Addon.OpenSettings(plugin.service.gto)</onclick>
					<visible>Skin.HasSetting(Widget_NEWS_TVHighlights_gto)</visible>
				</control>
				<control type="radiobutton" id="57">
					<width>740</width>
					<height>35</height>
					<align>left</align>
					<opup>25</opup>
					<label>Serien Planer</label>
					<textcolor>grey3</textcolor>
					<texturenofocus>-</texturenofocus>
					<onclick>Skin.ToggleSetting(Widget_NEWS_SerienPlaner)</onclick>
					<selected>Skin.HasSetting(Widget_NEWS_SerienPlaner)</selected>
					<!-- <enable>System.HasAddon(plugin.program.serienplaner)</enable> -->
				</control>
				<!-- <control type="button" id="58">
					<width>740</width>
					<height>35</height>
					<align>left</align>
					<label>- Refresh</label>
					<textcolor>grey3</textcolor>
					<texturenofocus>-</texturenofocus>
					<onclick>RunScript(plugin.program.serienplaner,action=refresh)</onclick>
					<visible>Skin.HasSetting(Widget_NEWS_SerienPlaner)</visible>
				</control> -->
				<control type="button" id="59">
					<width>740</width>
					<height>35</height>
					<align>left</align>
					<label>- Scrape</label>
					<textcolor>grey3</textcolor>
					<texturenofocus>-</texturenofocus>
					<onclick>RunScript(plugin.program.serienplaner,?methode=scrape_serien)</onclick>
					<visible>Skin.HasSetting(Widget_NEWS_SerienPlaner)</visible>
				</control>
				<control type="button" id="60">
					<width>740</width>
					<height>35</height>
					<align>left</align>
					<label>- wahl der Rubrik (temporär)</label>
					<textcolor>grey3</textcolor>
					<texturenofocus>-</texturenofocus>
					<onclick>RunScript(plugin.program.serienplaner,?methode=show_select_dialog)</onclick>
					<visible>Skin.HasSetting(Widget_NEWS_SerienPlaner)</visible>
				</control>
				<control type="button" id="61">
					<width>740</width>
					<height>35</height>
					<align>left</align>
					<label>- $LOCALIZE[5]</label>
					<textcolor>grey3</textcolor>
					<texturenofocus>-</texturenofocus>
					<onclick>Addon.OpenSettings(plugin.program.serienplaner)</onclick>
					<visible>Skin.HasSetting(Widget_NEWS_SerienPlaner)</visible>
				</control>
				<include>WidgetGeneralSettings</include>
			</control>
		</control>
	</controls>
</window>
