﻿<?xml version="1.0" encoding="UTF-8"?>
<window id="1801" type="dialog">
	<defaultcontrol always="true">-</defaultcontrol>
	<onload>Dialog.Close(1801)</onload>
	<onunload>ClearProperty(UsedAddons)</onunload>
	<controls>
		<control type="list">
			<left>10</left>
			<top>125</top>
			<width>790</width>
			<height>550</height>
			<onright>-</onright>
			<onleft>-</onleft>
			<onup>-</onup>
			<ondown>-</ondown>
			<scrolltime>-</scrolltime>
			<focusposition>-</focusposition>
			<orientation>vertical</orientation>
			<movement>1</movement>
			<itemlayout height="1" width="1">
			</itemlayout>
			<focusedlayout height="1" width="1">
			</focusedlayout>
			<content>$VAR[VARUsedAddons]</content>
		</control>
    </controls>
</window>
