﻿<?xml version="1.0" encoding="UTF-8"?>
<window id="1800" type="dialog">
	<defaultcontrol always="true">18000</defaultcontrol>
	<controls>
		<include>BlackBack</include>
		<control type="group" id="576757">
			<include>openclosebox</include>
			<left>235</left>
			<top>60</top>
			<width>810</width>
			<height>600</height>
			<control type="image">
				<description>background image</description>
				<left>0</left>
				<top>0</top>
				<width>810</width>
				<height>600</height>
				<colordiffuse>grey1</colordiffuse>
				<texture border="1">WhiteBack.png</texture>
			</control>
			<control type="image">
				<description>background image</description>
				<left>10</left>
				<top>10</top>
				<width>790</width>
				<height>580</height>
				<texture border="1">WhiteBack.png</texture>
			</control>
			<control type="label" id="1">
				<description>header label</description>
				<left>40</left>
				<top>15</top>
				<width>730</width>
				<height>30</height>
				<font>impacted21</font>
				<label>unterstützte/bevorzugte Addons</label>
				<align>center</align>
				<aligny>center</aligny>
				<textcolor>grey2</textcolor>
			</control>
			<control type="image">
				<description>background image</description>
				<left>10</left>
				<top>48</top>
				<width>790</width>
				<height>40</height>
				<colordiffuse>grey2</colordiffuse>
				<texture border="1">WhiteBack.png</texture>
			</control>
			<control type="grouplist">
				<left>580</left>
				<top>370</top>
				<width>220</width>
				<height>220</height>
				<control type="image">
					<description>background image</description>
					<width>300</width>
					<height>300</height>
					<aspectratio ailign="left">keep</aspectratio>
					<colordiffuse>grey1</colordiffuse>
					<animation effect="fade" end="50" time="0" condition="true">Conditional</animation>
					<texture border="1">Design-Addonicon.png</texture>
				</control>
			</control>
			<control type="label">
				<description>Title label</description>
				<left>25</left>
				<top>52</top>
				<width>200</width>
				<label>$LOCALIZE[24001] / $LOCALIZE[247]</label>
				<align>left</align>
				<scroll>false</scroll>
			</control>
			<control type="label">
				<description>Title label</description>
				<left>680</left>
				<top>52</top>
				<width>100</width>
				<label>Aktion</label>
				<align>right</align>
				<aligny>center</aligny>
				<scroll>false</scroll>
			</control>
			<control type="list" id="18000">
				<left>10</left>
				<top>100</top>
				<width>790</width>
				<height>465</height>
				<onright>-</onright>
				<onleft>-</onleft>
				<onup>18000</onup>
				<ondown>18000</ondown>
				<scrolltime tween="Quadratic" easing="out">500</scrolltime>
				<focusposition>0</focusposition>
				<orientation>vertical</orientation>
				<movement>1</movement>
				<itemlayout height="35" width="790">
					<control type="label">
						<left>20</left>
						<top>10</top>
						<width>750</width>
						<height>30</height>
						<textcolor>grey3</textcolor>
						<label>$INFO[ListItem.Label]</label>
						<align>left</align>
					</control>
					<control type="label">
						<left>20</left>
						<top>10</top>
						<width>750</width>
						<height>30</height>
						<textcolor>grey3</textcolor>
						<label>$INFO[ListItem.Label2]</label>
						<align>right</align>  
					</control>
					<control type="image">
						<left>742</left>
						<top>12</top>
						<width>24</width>
						<height>24</height>
						<aspectratio>keep</aspectratio>
						<texture>$INFO[ListItem.Icon]</texture>
					</control>
				</itemlayout>
				<focusedlayout height="35" width="790">
					<control type="image">
					  <left>10</left>
					  <top>8</top>
					  <width>770</width>
					  <height>34</height>
					  <texture border="2">buttons/ButtonFO.png</texture>
					  <visible>Control.HasFocus(18000)</visible>
					</control>
					<control type="label">
						<left>20</left>
						<top>10</top>
						<width>750</width>
						<height>30</height>
						<textcolor>black</textcolor>
						<label>$INFO[ListItem.Label]</label>
						<align>left</align>	  
					</control>
					<control type="label">
						<left>20</left>
						<top>10</top>
						<width>750</width>
						<height>30</height>
						<textcolor>black</textcolor>
						<label>$INFO[ListItem.Label2]</label>
						<align>right</align>  
					</control>
					<control type="image">
						<left>742</left>
						<top>12</top>
						<width>24</width>
						<height>24</height>
						<aspectratio>keep</aspectratio>
						<texture>$INFO[ListItem.Icon]</texture>
					</control>
				</focusedlayout>
				<content>
					<item>
						<label>Artist Slide Show</label>
						<label2>$LOCALIZE[24038]</label2>
						<onclick>SetProperty(UsedAddons,artistslideshow)</onclick>
						<onclick>ActivateWindow(1801)</onclick>
						<visible>!System.HasAddon(script.artistslideshow)</visible>
						<visible>!System.HasAddon(script.artistslideshow)</visible>
					</item>
					<item>
						<label>Artist Slide Show $INFO[System.AddonVersion(script.artistslideshow),(,)]</label>
						<label2>$LOCALIZE[5]</label2>
						<onclick>Addon.OpenSettings(script.artistslideshow)</onclick>
						<visible>System.HasAddon(script.artistslideshow)</visible>
					</item>
					<item>
						<label>Artwork Downloader</label>
						<label2>$LOCALIZE[24038]</label2>
						<onclick>SetProperty(UsedAddons,ad)</onclick>
						<onclick>ActivateWindow(1801)</onclick>
						<visible>!System.HasAddon(script.artwork.downloader)</visible>
					</item>
					<item>
						<label>Artwork Downloader $INFO[System.AddonVersion(script.artwork.downloader),(,)]</label>
						<label2>$LOCALIZE[5]</label2>
						<onclick>Addon.OpenSettings(script.artwork.downloader)</onclick>
						<visible>System.HasAddon(script.artwork.downloader)</visible>
					</item>
					<item>
						<label>Extended Info Script</label>
						<label2>$LOCALIZE[24038]</label2>
						<onclick>SetProperty(UsedAddons,extendedinfo)</onclick>
						<onclick>ActivateWindow(1801)</onclick>
						<visible>!System.HasAddon(script.extendedinfo)</visible>
					</item>
					<item>
						<label>Extended Info Script $INFO[System.AddonVersion(script.extendedinfo),(,)]</label>
						<label2>$LOCALIZE[5]</label2>
						<onclick>Addon.OpenSettings(script.extendedinfo)</onclick>
						<visible>System.HasAddon(script.extendedinfo)</visible>
					</item>
					<item>
						<label>Gloabl Search</label>
						<label2>$LOCALIZE[24038]</label2>
						<onclick>SetProperty(UsedAddons,globalsearch)</onclick>
						<onclick>ActivateWindow(1801)</onclick>
						<visible>!System.HasAddon(script.globalsearch)</visible>
					</item>
					<item>
						<label>Gloabl Search Script $INFO[System.AddonVersion(script.globalsearch),(,)]</label>
						<label2>$LOCALIZE[5]</label2>
						<onclick>Addon.OpenSettings(script.globalsearch)</onclick>
						<visible>System.HasAddon(script.globalsearch)</visible>
					</item>
					<item>
						<label>Radio Addon</label>
						<label2>$LOCALIZE[24038]</label2>
						<onclick>SetProperty(UsedAddons,radio)</onclick>
						<onclick>ActivateWindow(1801)</onclick>
						<visible>!System.HasAddon(plugin.audio.radio_de)</visible>
					</item>
					<item>
						<label>Radio Addon $INFO[System.AddonVersion(plugin.audio.radio_de),(,)]</label>
						<label2>$LOCALIZE[5]</label2>
						<onclick>Addon.OpenSettings(plugin.audio.radio_de)</onclick>
						<visible>System.HasAddon(plugin.audio.radio_de)</visible>
					</item>
					<item>
						<label>TvTunes</label>
						<label2>$LOCALIZE[24038]</label2>
						<onclick>SetProperty(UsedAddons,tvtunes)</onclick>
						<onclick>ActivateWindow(1801)</onclick>
						<visible>!System.HasAddon(script.tvtunes)</visible>
					</item>
					<item>
						<label>TvTunes $INFO[System.AddonVersion(script.tvtunes),(,)]</label>
						<label2>$LOCALIZE[5]</label2>
						<onclick>Addon.OpenSettings(script.tvtunes)</onclick>
						<visible>System.HasAddon(script.tvtunes)</visible>
					</item>
					<item>
						<label>TV Highlights Grabber</label>
						<label2>$LOCALIZE[24038]</label2>
						<onclick>SetProperty(UsedAddons,tvhighlights)</onclick>
						<onclick>ActivateWindow(1801)</onclick>
						<visible>!System.HasAddon(plugin.program.tvhighlights)</visible>
					</item>
					<item>
						<label>TV Highlights Grabber $INFO[System.AddonVersion(plugin.program.tvhighlights),(,)]</label>
						<label2>$LOCALIZE[5]</label2>
						<onclick>Addon.OpenSettings(plugin.program.tvhighlights)</onclick>
						<visible>System.HasAddon(plugin.program.tvhighlights)</visible>
					</item>
					<item>
						<label>KN Switchtimer Service</label>
						<label2>$LOCALIZE[24038]</label2>
						<onclick>SetProperty(UsedAddons,switchtimer)</onclick>
						<onclick>ActivateWindow(1801)</onclick>
						<visible>!System.HasAddon(service.kn.switchtimer)</visible>
					</item>
					<item>
						<label>KN Switchtimer Service $INFO[System.AddonVersion(service.kn.switchtimer),(,)]</label>
						<label2>$LOCALIZE[5]</label2>
						<onclick>Addon.OpenSettings(service.kn.switchtimer)</onclick>
						<visible>System.HasAddon(service.kn.switchtimer)</visible>
					</item>
					<item>
						<label>News Center</label>
						<label2>$LOCALIZE[24038]</label2>
						<onclick>SetProperty(UsedAddons,newscenter)</onclick>
						<onclick>ActivateWindow(1801)</onclick>
						<visible>!System.HasAddon(plugin.program.newscenter)</visible>
					</item>
					<item>
						<label>News Center $INFO[System.AddonVersion(plugin.program.newscenter),(,)]</label>
						<label2>$LOCALIZE[5]</label2>
						<onclick>Addon.OpenSettings(plugin.program.newscenter)</onclick>
						<visible>System.HasAddon(plugin.program.newscenter)</visible>
					</item>
					<item>
						<label>Serien Planer</label>
						<label2>$LOCALIZE[24038]</label2>
						<onclick>SetProperty(UsedAddons,serienplaner)</onclick>
						<onclick>ActivateWindow(1801)</onclick>
						<visible>!System.HasAddon(plugin.program.serienplaner)</visible>
					</item>
					<item>
						<label>Serien Planer $INFO[System.AddonVersion(plugin.program.serienplaner),(,)]</label>
						<label2>$LOCALIZE[5]</label2>
						<onclick>Addon.OpenSettings(plugin.program.serienplaner)</onclick>
						<visible>System.HasAddon(plugin.program.serienplaner)</visible>
					</item>
					<item>
						<label>Image Resource Select</label>
						<label2>$LOCALIZE[24038]</label2>
						<onclick>SetProperty(UsedAddons,imageresource)</onclick>
						<onclick>ActivateWindow(1801)</onclick>
						<visible>!System.HasAddon(script.image.resource.select)</visible>
					</item>
					<item>
						<label>Image Resource Select $INFO[System.AddonVersion(script.image.resource.select),(,)]</label>
						<label2>-</label2>
						<icon>OverlayWatched.png</icon>
						<onclick>Addon.OpenSettings(script.image.resource.select)</onclick>
						<visible>System.HasAddon(script.image.resource.select)</visible>
					</item>
					<item>
						<label>Resource Images Languageflags Colour</label>
						<label2>$LOCALIZE[24038]</label2>
						<onclick>SetProperty(UsedAddons,languageflags)</onclick>
						<onclick>ActivateWindow(1801)</onclick>
						<visible>!System.HasAddon(resource.images.languageflags.colour)</visible>
					</item>
					<item>
						<label>Resource Images Languageflags Colour $INFO[System.AddonVersion(resource.images.languageflags.colour),(,)]</label>
						<label2>-</label2>
						<icon>OverlayWatched.png</icon>
						<onclick>Addon.OpenSettings(resource.images.languageflags.colour)</onclick>
						<visible>System.HasAddon(resource.images.languageflags.colour)</visible>
					</item>
					<item>
						<label>Resource Images Weathericons Outline HD</label>
						<label2>$LOCALIZE[24038]</label2>
						<onclick>SetProperty(UsedAddons,weathericons)</onclick>
						<onclick>ActivateWindow(1801)</onclick>
						<visible>!System.HasAddon(resource.images.weathericons.outline-hd)</visible>
					</item>
					<item>
						<label>Resource Images Weathericons Outline HD $INFO[System.AddonVersion(resource.images.weathericons.outline-hd),(,)]</label>
						<label2>-</label2>
						<icon>OverlayWatched.png</icon>
						<onclick>Addon.OpenSettings(resource.images.weathericons.outline-hd)</onclick>
						<visible>System.HasAddon(resource.images.weathericons.outline-hd)</visible>
					</item>
					<item>
						<label>Resource Images Weatherfanart Multi</label>
						<label2>$LOCALIZE[24038]</label2>
						<onclick>SetProperty(UsedAddons,weatherfanart)</onclick>
						<onclick>ActivateWindow(1801)</onclick>
						<visible>!System.HasAddon(resource.images.weatherfanart.multi)</visible>
					</item>
					<item>
						<label>Resource Images Weatherfanart Multi $INFO[System.AddonVersion(resource.images.weatherfanart.multi),(,)]</label>
						<label2>-</label2>
						<icon>OverlayWatched.png</icon>
						<onclick>Addon.OpenSettings(resource.images.weatherfanart.multi)</onclick>
						<visible>System.HasAddon(resource.images.weatherfanart.multi)</visible>
					</item>
					<item>
						<label>Service Library Data Provider</label>
						<label2>$LOCALIZE[24038]</label2>
						<onclick>SetProperty(UsedAddons,librarydata)</onclick>
						<onclick>ActivateWindow(1801)</onclick>
						<visible>!System.HasAddon(service.library.data.provider)</visible>
					</item>
					<item>
						<label>Service Library Data Provider $INFO[System.AddonVersion(service.library.data.provider),(,)]</label>
						<label2>$LOCALIZE[5]</label2>
						<onclick>Addon.OpenSettings(service.library.data.provider)</onclick>
						<visible>System.HasAddon(service.library.data.provider)</visible>
					</item>
				</content>
			</control>
		</control>
    </controls>
</window>
