<?xml version="1.0" encoding="utf-8"?>
<includes>
    <include name="ViewMoviePanel">
        <include>openclose</include>
        <control type="image">
            <visible>Control.IsVisible(500)</visible>
            <include>Dimensions_Fullscreen</include>
            <colordiffuse>focused</colordiffuse>
            <texture border="2" flipy="true">ContentPanel_scratched.png</texture>
        </control>
        <control type="group">
            <include>openclosebox</include>
            <visible>Control.IsVisible(500)</visible>
            <control type="button" id="444">
                <enable>false</enable>
                <include>HiddenButton</include>
                <visible>Control.IsVisible(500)</visible>
            </control>
            <control type="image">
                <left>-8</left>
                <top>22</top>
                <width>1935</width>
                <height>45</height>
                <colordiffuse>menudiffuse</colordiffuse>
                <texture>Shadow.png</texture>
            </control>
            <control type="image">
                <left>-8</left>
                <top>720</top>
                <width>1935</width>
                <height>45</height>
                <colordiffuse>menudiffuse</colordiffuse>
                <texture flipy="true">Shadow.png</texture>
            </control>
            <control type="image">
                <left>-8</left>
                <top>68</top>
                <width>1935</width>
                <height>652</height>
                <colordiffuse>fanartdiffuse</colordiffuse>
                <texture>WhiteBack.png</texture>
            </control>
            <control type="image">
                <left>-8</left>
                <top>68</top>
                <width>1935</width>
                <height>652</height>
                <colordiffuse>grey2</colordiffuse>
                <aspectratio aligny="top">scale</aspectratio>
                <fadetime>FadeTime</fadetime>
                <texture diffuse="WhiteBack.png" fallback="BlackBack.png">$INFO[ListItem.Art(fanart)]</texture>
                <visible>Skin.HasSetting(fanart)</visible>
                <include>openclosevisible</include>
            </control>
            <control type="image">
                <visible>!ListItem.IsParentFolder</visible>
                <visible>Container.Content(movies)|Container.Content(sets)|Container.Content(tvshows)|Container.Content(seasons)|Container.Content(episodes)</visible>
                <include>openclosevisible</include>
                <left>-8</left>
                <top>780</top>
                <width>1935</width>
                <height>3</height>
                <colordiffuse>fanartdiffuse</colordiffuse>
                <texture border="1">Separator1.png</texture>
            </control>
            <control type="image">
                <left>-8</left>
                <top>128r</top>
                <width>1935</width>
                <height>135</height>
                <colordiffuse>menudiffuse</colordiffuse>
                <texture>Shadow.png</texture>
            </control>
        </control>
        <control type="group">
            <include>openclosebox</include>
            <visible>Control.IsVisible(500)</visible>
            <control type="panel" id="500">
                <left>105</left>
                <top>75</top>
                <width>1680</width>
                <height>660</height>
                <onleft>500</onleft>
                <onright>500</onright>
                <onup>9000</onup>
                <ondown condition="Control.IsVisible(60)">60</ondown>
                <ondown condition="Control.IsVisible(2000)">2000</ondown>
                <ondown condition="!Skin.HasSetting(HideJumpSMSBar)+!Control.IsVisible(60)">17000</ondown>
                <viewtype label="Panel">panel</viewtype>
                <pagecontrol>60</pagecontrol>
                <scrolltime>200</scrolltime>
                <focusposition>0</focusposition>
                <movement>3</movement>
                <preloaditems>4</preloaditems>
                <orientation>horizontal</orientation>
                <visible>Window.IsVisible(videos)</visible>
                <!-- <visible>!Container.Content(files)</visible> -->
                <itemlayout condition="!Container.Content(Episodes)+!Container.Content(files)" height="308" width="210">
                    <control type="group">
                        <control type="image">
                            <left>22</left>
                            <top>20</top>
                            <width>164</width>
                            <height>222</height>
                            <colordiffuse>$VAR[CoverDim]</colordiffuse>
                            <texture diffuse="masks/mask.png">BlackBack.png</texture>
                        </control>
                        <control type="image">
                            <include>openclosevisible</include>
                            <left>21</left>
                            <top>12</top>
                            <width>171</width>
                            <height>240</height>
                            <aspectratio>keep</aspectratio>
                            <colordiffuse>$VAR[CoverDim]</colordiffuse>
                            <animation effect="rotate" end="45" time="0" center="auto" condition="true">Conditional</animation>
                            <texture>$INFO[ListItem.Art(clearlogo)]</texture>
                            <visible>Skin.HasSetting(logo_cover)+!String.IsEmpty(ListItem.Art(clearlogo))</visible>
                        </control>
                        <control type="image">
                            <include>openclosevisible</include>
                            <left>22</left>
                            <top>20</top>
                            <width>164</width>
                            <height>224</height>
                            <aspectratio>stretch</aspectratio>
                            <fadetime>FadeTime</fadetime>
                            <colordiffuse>$VAR[CoverDim]</colordiffuse>
                            <texture diffuse="masks/mask.png" fallback="FallbackCover.png">$VAR[PosterThumb]</texture>
                            <visible>String.IsEmpty(ListItem.Art(clearlogo))|!Skin.HasSetting(logo_cover)</visible>
                        </control>
                        <control type="image">
                            <left>24</left>
                            <top>242</top>
                            <width>162</width>
                            <height>90</height>
                            <colordiffuse>menudiffuse</colordiffuse>
                            <aspectratio>stretch</aspectratio>
                            <fadetime>FadeTime</fadetime>
                            <texture flipy="true">Shadow.png</texture>
                        </control>
                        <control type="group">
                            <left>24</left>
                            <top>20</top>
                            <include>Amazon_Flagg_Small</include>
                        </control>
                        <control type="group">
                            <left>24</left>
                            <top>20</top>
                            <include>WatchedIcon_Small</include>
                        </control>
                        <control type="group">
                            <left>110</left>
                            <top>166</top>
                            <include>Set_Flagg_Small</include>
                        </control>
                        <control type="image">
                            <include>openclosevisible</include>
                            <left>22</left>
                            <top>20</top>
                            <width>164</width>
                            <height>224</height>
                            <aspectratio>stretch</aspectratio>
                            <fadetime>FadeTime</fadetime>
                            <colordiffuse>$VAR[CoverDim]</colordiffuse>
                            <texture>masks/Default.png</texture>
                            <visible>Skin.HasSetting(animation)</visible>
                            <visible>!ListItem.IsParentFolder</visible>
                        </control>
                    </control>
                    <control type="label">
                        <left>26</left>
                        <top>248</top>
                        <width>164</width>
                        <height>30</height>
                        <textcolor>white</textcolor>
                        <shadowcolor>-</shadowcolor>
                        <align>center</align>
                        <aligny>center</aligny>
                        <font>ubuntu-r13b</font>
                        <label>$VAR[OriginalTitle]</label>
                        <scroll>false</scroll>
                    </control>
                    <control type="label">
                        <left>22</left>
                        <top>274</top>
                        <width>164</width>
                        <height>30</height>
                        <textcolor>grey1</textcolor>
                        <shadowcolor>-</shadowcolor>
                        <align>center</align>
                        <aligny>center</aligny>
                        <font>ubuntu-r13b</font>
                        <label>$INFO[ListItem.Year]</label>
                        <scroll>false</scroll>
                        <visible>![ListItem.IsCollection|Container.Content(Sets)]</visible>
                    </control>
                </itemlayout>
                <focusedlayout condition="!Container.Content(Episodes)+!Container.Content(files)" height="330" width="210">
                    <control type="group">
                        <include>focuseffect</include>
                        <control type="image">
                            <left>14</left>
                            <top>14</top>
                            <width>183</width>
                            <height>297</height>
                            <texture>BlackBack.png</texture>
                        </control>
                        <control type="image">
                            <left>4</left>
                            <top>4</top>
                            <width>202</width>
                            <height>314</height>
                            <aspectratio>stretch</aspectratio>
                            <texture border="8">ThumbShadowWhite.png</texture>
                        </control>
                        <control type="image">
                            <left>22</left>
                            <top>20</top>
                            <width>164</width>
                            <height>224</height>
                            <aspectratio>stretch</aspectratio>
                            <fadetime>FadeTime</fadetime>
                            <texture diffuse="masks/mask.png" fallback="FallbackCover.png">$VAR[PosterThumb]</texture>
                        </control>
                        <control type="group">
                            <left>24</left>
                            <top>20</top>
                            <include>Amazon_Flagg_Small_Focus</include>
                        </control>
                        <control type="group">
                            <left>24</left>
                            <top>20</top>
                            <include>WatchedIcon_Focus_Small</include>
                        </control>
                        <control type="group">
                            <left>111</left>
                            <top>166</top>
                            <include>Set_Flagg_Small_Focus</include>
                        </control>
                        <control type="image">
                            <include>openclosevisible</include>
                            <left>22</left>
                            <top>20</top>
                            <width>164</width>
                            <height>224</height>
                            <aspectratio>stretch</aspectratio>
                            <fadetime>FadeTime</fadetime>
                            <texture>masks/Default.png</texture>
                            <visible>Skin.HasSetting(animation)</visible>
                            <visible>!ListItem.IsParentFolder</visible>
                        </control>
                        <control type="label">
                            <left>26</left>
                            <top>248</top>
                            <width>164</width>
                            <height>30</height>
                            <textcolor>white</textcolor>
                            <shadowcolor>-</shadowcolor>
                            <align>center</align>
                            <aligny>center</aligny>
                            <font>ubuntu-r13b</font>
                            <label>$VAR[OriginalTitle]</label>
                            <scroll>true</scroll>
                        </control>
                        <control type="label">
                            <left>22</left>
                            <top>274</top>
                            <width>164</width>
                            <height>30</height>
                            <textcolor>grey1</textcolor>
                            <shadowcolor>-</shadowcolor>
                            <align>center</align>
                            <aligny>center</aligny>
                            <font>ubuntu-r13b</font>
                            <label>$INFO[ListItem.Year]</label>
                            <scroll>false</scroll>
                            <visible>![ListItem.IsCollection|Container.Content(Sets)]</visible>
                        </control>
                    </control>
                </focusedlayout>
                <itemlayout condition="Container.Content(Episodes)|Container.Content(files)" height="308" width="420">
                    <control type="group">
                        <left>30</left>
                        <control type="image">
                            <left>22</left>
                            <top>20</top>
                            <width>342</width>
                            <height>208</height>
                            <aspectratio>stretch</aspectratio>
                            <fadetime>FadeTime</fadetime>
                            <colordiffuse>$VAR[CoverDim]</colordiffuse>
                            <texture border="2" fallback="FallbackCover.png">$INFO[ListItem.Icon]</texture>
                        </control>
                        <control type="image">
                            <left>24</left>
                            <top>226</top>
                            <width>339</width>
                            <height>90</height>
                            <colordiffuse>menudiffuse</colordiffuse>
                            <aspectratio>stretch</aspectratio>
                            <fadetime>FadeTime</fadetime>
                            <texture flipy="true">Shadow.png</texture>
                        </control>
                        <control type="image">
                            <left>303</left>
                            <top>20</top>
                            <width>54</width>
                            <height>60</height>
                            <aspectratio>stretch</aspectratio>
                            <fadetime>FadeTime</fadetime>
                            <colordiffuse>grey1</colordiffuse>
                            <texture flipx="true">icons/BannerFlag.png</texture>
                            <visible>Skin.HasSetting(animation)</visible>
                            <visible>!ListItem.IsParentFolder</visible>
                            <visible>!String.IsEmpty(ListItem.Episode)</visible>
                        </control>
                        <control type="image">
                            <left>22</left>
                            <top>20</top>
                            <width>342</width>
                            <height>208</height>
                            <aspectratio>stretch</aspectratio>
                            <fadetime>FadeTime</fadetime>
                            <colordiffuse>$VAR[CoverDim]</colordiffuse>
                            <texture border="2">masks/Default_sharp.png</texture>
                            <visible>Skin.HasSetting(animation)</visible>
                        </control>
                        <control type="group">
                            <left>24</left>
                            <top>22</top>
                            <include>Amazon_Flagg_Small</include>
                        </control>
                        <control type="group">
                            <left>24</left>
                            <top>22</top>
                            <include>WatchedIcon_Small</include>
                        </control>
                        <control type="label">
                            <left>300</left>
                            <top>28</top>
                            <width>60</width>
                            <height>30</height>
                            <textcolor>white</textcolor>
                            <shadowcolor>black</shadowcolor>
                            <align>center</align>
                            <aligny>center</aligny>
                            <font>font16</font>
                            <label>$INFO[ListItem.Episode]</label>
                            <visible>!String.IsEmpty(ListItem.Episode)</visible>
                            <scroll>false</scroll>
                        </control>
                        <control type="label">
                            <left>22</left>
                            <top>240</top>
                            <width>342</width>
                            <height>30</height>
                            <textcolor>white</textcolor>
                            <shadowcolor>black</shadowcolor>
                            <align>center</align>
                            <aligny>center</aligny>
                            <font>font16</font>
                            <label>$VAR[OriginalTitle]</label>
                            <scroll>false</scroll>
                        </control>
                        <control type="label">
                            <left>22</left>
                            <top>270</top>
                            <width>342</width>
                            <height>30</height>
                            <textcolor>grey1</textcolor>
                            <shadowcolor>black</shadowcolor>
                            <align>center</align>
                            <aligny>center</aligny>
                            <font>ubuntu-r13b</font>
                            <label>$INFO[ListItem.Duration,, $LOCALIZE[12391]]</label>
                            <scroll>false</scroll>
                        </control>
                    </control>
                </itemlayout>
                <focusedlayout condition="Container.Content(Episodes)|Container.Content(files)" height="330" width="420">
                    <control type="group">
                        <include>focuseffect</include>
                        <left>30</left>
                        <control type="image">
                            <left>12</left>
                            <top>14</top>
                            <width>363</width>
                            <height>297</height>
                            <texture>BlackBack.png</texture>
                        </control>
                        <control type="image">
                            <left>4</left>
                            <top>4</top>
                            <width>380</width>
                            <height>314</height>
                            <aspectratio>stretch</aspectratio>
                            <texture border="8">ThumbShadowWhite.png</texture>
                        </control>
                        <control type="image">
                            <left>22</left>
                            <top>20</top>
                            <width>342</width>
                            <height>208</height>
                            <aspectratio>stretch</aspectratio>
                            <fadetime>FadeTime</fadetime>
                            <texture border="2" fallback="FallbackCover.png">$INFO[ListItem.Icon]</texture>
                        </control>
                        <control type="image">
                            <left>303</left>
                            <top>20</top>
                            <width>54</width>
                            <height>60</height>
                            <aspectratio>stretch</aspectratio>
                            <fadetime>FadeTime</fadetime>
                            <texture flipx="true">icons/BannerFlag.png</texture>
                            <visible>Skin.HasSetting(animation)</visible>
                            <visible>!ListItem.IsParentFolder</visible>
                            <visible>!String.IsEmpty(ListItem.Episode)</visible>
                        </control>
                        <control type="image">
                            <left>22</left>
                            <top>20</top>
                            <width>342</width>
                            <height>208</height>
                            <aspectratio>stretch</aspectratio>
                            <fadetime>FadeTime</fadetime>
                            <texture border="2">masks/Default_sharp.png</texture>
                            <visible>Skin.HasSetting(animation)</visible>
                        </control>
                        <control type="group">
                            <left>24</left>
                            <top>21</top>
                            <include>Amazon_Flagg_Small_Focus</include>
                        </control>
                        <control type="group">
                            <left>24</left>
                            <top>21</top>
                            <include>WatchedIcon_Focus_Small</include>
                        </control>
                        <control type="label">
                            <left>300</left>
                            <top>28</top>
                            <width>60</width>
                            <height>30</height>
                            <textcolor>white</textcolor>
                            <shadowcolor>black</shadowcolor>
                            <align>center</align>
                            <aligny>center</aligny>
                            <font>font16</font>
                            <label>$INFO[ListItem.Episode]</label>
                            <visible>!String.IsEmpty(ListItem.Episode)</visible>
                            <scroll>false</scroll>
                        </control>
                        <control type="label">
                            <left>22</left>
                            <top>240</top>
                            <width>342</width>
                            <height>30</height>
                            <textcolor>white</textcolor>
                            <shadowcolor>black</shadowcolor>
                            <align>center</align>
                            <aligny>center</aligny>
                            <font>font16</font>
                            <label>$VAR[OriginalTitle]</label>
                            <scroll>false</scroll>
                        </control>
                        <control type="label">
                            <left>22</left>
                            <top>270</top>
                            <width>342</width>
                            <height>30</height>
                            <textcolor>grey1</textcolor>
                            <shadowcolor>black</shadowcolor>
                            <align>center</align>
                            <aligny>center</aligny>
                            <font>ubuntu-r13b</font>
                            <label>$INFO[ListItem.Duration,, $LOCALIZE[12391]]</label>
                            <scroll>false</scroll>
                        </control>
                    </control>
                </focusedlayout>
            </control>
        </control>
        <control type="group">
            <include>openclosevisible</include>
            <visible>Control.IsVisible(500)</visible>
            <control type="group">
                <top>60</top>
                <control type="group">
                    <visible>Container(500).HasNext</visible>
                    <include>openclosevisible</include>
                    <control type="image">
                        <left>60r</left>
                        <top>255</top>
                        <width>1</width>
                        <height>180</height>
                        <colordiffuse>menudiffuse</colordiffuse>
                        <texture>Separator3.png</texture>
                    </control>
                    <control type="image">
                        <left>50r</left>
                        <top>318</top>
                        <width>30</width>
                        <height>45</height>
                        <colordiffuse>menudiffuse</colordiffuse>
                        <texture flipx="true">ArrowBig.png</texture>
                    </control>
                </control>
                <control type="group">
                    <visible>Container(500).HasPrevious</visible>
                    <include>openclosevisible</include>
                    <control type="image">
                        <left>60</left>
                        <top>255</top>
                        <width>1</width>
                        <height>180</height>
                        <colordiffuse>menudiffuse</colordiffuse>
                        <texture>Separator3.png</texture>
                    </control>
                    <control type="image">
                        <left>21</left>
                        <top>318</top>
                        <width>30</width>
                        <height>45</height>
                        <colordiffuse>menudiffuse</colordiffuse>
                        <texture>ArrowBig.png</texture>
                    </control>
                </control>
            </control>
            <control type="label">
                <left>0</left>
                <top>225r</top>
                <width>1920</width>
                <height>75</height>
                <align>center</align>
                <font>menufontimpacted</font>
                <textcolor>grey2</textcolor>
                <label>$INFO[ListItem.Label]</label>
                <animation effect="fade" end="100" time="150" delay="500">Visible</animation>
                <visible>![Container.Content(movies)|Container.Content(sets)|Container.Content(tvshows)|Container.Content(seasons)|Container.Content(episodes)]</visible>
            </control>
            <control type="grouplist">
                <left>20</left>
                <top>735</top>
                <width>1500</width>
                <height>45</height>
                <itemgap>12</itemgap>
                <align>left</align>
                <orientation>horizontal</orientation>
                <include>FlagVideo</include>
                <include>FlagVideoAudioStream1</include>
                <include>FlagVideoAudioStream2</include>
                <include>FlagVideoSubtitles</include>
            </control>
            <control type="group">
                <top>525</top>
                <control type="scrollbar" id="60">
                    <animation effect="slide" start="0,0" end="0,-8" time="150" condition="Control.HasFocus(60)">Conditional</animation>
                    <left>15</left>
                    <top>180</top>
                    <width>1890</width>
                    <height>16</height>
                    <texturesliderbackground border="1">ScrollBarBackground_H.png</texturesliderbackground>
                    <texturesliderbar border="3">ScrollBar_H.png</texturesliderbar>
                    <texturesliderbarfocus colordiffuse="red" border="3">ScrollBar_H.png</texturesliderbarfocus>
                    <textureslidernib>-</textureslidernib>
                    <textureslidernibfocus>-</textureslidernibfocus>
                    <onup>401</onup>
                    <ondown condition="Control.IsVisible(2000)">2000</ondown>
                    <ondown condition="Control.IsVisible(17000)">17000</ondown>
                    <ondown condition="!Control.IsVisible(17000)">732</ondown>
                    <showonepage>false</showonepage>
                    <orientation>horizontal</orientation>
                </control>
                <control type="group">
                    <visible>!ListItem.IsParentFolder</visible>
                    <visible>Container.Content(movies)|Container.Content(sets)|Container.Content(tvshows)|Container.Content(seasons)|Container.Content(episodes)</visible>
                    <include>openclosevisible</include>
                    <control type="group">
                        <left>30</left>
                        <top>60</top>
                        <control type="group">
                            <!-- without extended infos -->
                            <left>30</left>
                            <top>0</top>
                            <include>openclosevisible</include>
                            <include>openclosemediumnodelay</include>
                            <control type="group">
                                <left>188</left>
                                <top>218</top>
                                <animation effect="zoom" end="80" condition="true">Conditional</animation>
                                <include>MovieSetInformationCover</include>
                                <visible>ListItem.IsCollection</visible>
                                <include>openclosevisible</include>
                            </control>
                            <control type="label">
                                <left>30</left>
                                <top>132</top>
                                <width>1740</width>
                                <height>75</height>
                                <align>center</align>
                                <textcolor>grey1</textcolor>
                                <font>impacted21</font>
                                <label>$LOCALIZE[20161]$INFO[Container(2000).NumItems,: [COLOR=white],[/COLOR]]</label>
                                <visible>ListItem.IsCollection</visible>
                                <include>openclosevisible</include>
                            </control>
                            <control type="textbox">
                                <description>Description</description>
                                <include>openclosevisible</include>
                                <left>0</left>
                                <top>218</top>
                                <width>1155</width>
                                <height>261</height>
                                <include condition="!Skin.HasSetting(BigPlotText)">PlotText16Var</include>
                                <include condition="Skin.HasSetting(BigPlotText)">PlotTextBigVar</include>
                                <shadowcolor>black</shadowcolor>
                                <label>$INFO[ListItem.Plot]</label>
                                <visible>!String.IsEmpty(ListItem.Plot)</visible>
                            </control>
                            <control type="image">
                                <visible>Container.Content(Movies)</visible>
                                <include>openclosevisible</include>
                                <left>1245</left>
                                <top>218</top>
                                <width>570</width>
                                <height>240</height>
                                <fadetime>FadeTime</fadetime>
                                <colordiffuse>menudiffuse</colordiffuse>
                                <aspectratio align="right">keep</aspectratio>
                                <texture diffuse="SideFadeWhite_round.png">$VAR[extraart_rule]</texture>
                                <visible>Skin.HasSetting(video_art)</visible>
                            </control>
                            <control type="group">
                                <include>openclosefanart</include>
                                <left>1245</left>
                                <top>218</top>
                                <visible>Container.Content(Movies)+!ListItem.IsCollection</visible>
                                <control type="grouplist">
                                    <width>570</width>
                                    <height>300</height>
                                    <itemgap>0</itemgap>
                                    <include>openclosevisible</include>
                                    <include>MovieDataList_Content</include>
                                </control>
                            </control>
                        </control>
                    </control>
                    <control type="image">
                        <visible>![ListItem.IsCollection|Container.Content(Sets)]|!String.IsEmpty(ListItem.Plot)</visible>
                        <description>Separator</description>
                        <include>openclosevisible</include>
                        <left>1269</left>
                        <top>278</top>
                        <width>3</width>
                        <height>248</height>
                        <colordiffuse>fanartdiffuse</colordiffuse>
                        <texture border="1">Separator4.png</texture>
                    </control>
                    <control type="image">
                        <visible>Container.Content(Seasons)</visible>
                        <include>openclosevisible</include>
                        <left>1305</left>
                        <top>278</top>
                        <width>570</width>
                        <height>240</height>
                        <fadetime>FadeTime</fadetime>
                        <aspectratio>keep</aspectratio>
                        <texture>$VAR[extraart_tvshow_rule]</texture>
                        <visible>Skin.HasSetting(tvshow_art)</visible>
                    </control>
                    <control type="label">
                        <visible>Container.Content(Episodes)|[!Skin.HasSetting(tvshow_art)+Container.Content(Seasons)]</visible>
                        <left>1305</left>
                        <top>278</top>
                        <width>570</width>
                        <height>240</height>
                        <align>center</align>
                        <textcolor>grey</textcolor>
                        <font>menufontimpacted</font>
                        <label>$INFO[ListItem.Season,$LOCALIZE[20373] ,]</label>
                    </control>
                    <control type="grouplist">
                        <visible>Container.Content(TVShows)</visible>
                        <include>openclosevisible</include>
                        <left>1305</left>
                        <top>285</top>
                        <width>570</width>
                        <height>300</height>
                        <itemgap>1</itemgap>
                        <include>TVShowDataList_Content</include>
                    </control>
                </control>
            </control>
        </control>
        <control type="group">
            <visible>Control.IsVisible(500)</visible>
			<include>openclosevisible</include>
            <control type="group">
                <include>openclosevisible</include>
                <visible>Skin.HasSetting(CommonPageCount)</visible>
                <control type="label">
                    <description>Page Count Label</description>
                    <left>780r</left>
                    <top>738</top>
                    <width>750</width>
                    <height>30</height>
                    <font>font16</font>
                    <textcolor>grey</textcolor>
                    <scroll>false</scroll>
                    <align>right</align>
                    <aligny>center</aligny>
                    <label>$INFO[Container.NumItems,([COLOR=selected],[/COLOR]) $LOCALIZE[31025]]$INFO[Container.CurrentPage, - $LOCALIZE[31024] ([COLOR=selected]]$INFO[Container.NumPages,/,[/COLOR])]</label>
                </control>
            </control>
            <include condition="!Skin.HasSetting(HideJumpSMSBar)">AlphaBarH</include>
        </control>
    </include>
</includes>
