<?xml version="1.0" encoding="UTF-8"?>
<addon id="skin.horizonzv.isengard" name="Horizonz V" version="1.8.9.5" provider-name="blauesgruen">
	<requires>
		<import addon="xbmc.gui" version="5.10.0"/>
		<import addon="script.image.resource.select" version="0.0.5"/>
		<import addon="service.library.data.provider" version="0.1.2"/>
		<import addon="resource.images.languageflags.colour" version="0.0.3"/>
		<!-- <import addon="script.artwork.downloader" version="12.0.29"/>
		<import addon="script.artistslideshow" version="1.8.6"/>
		<import addon="script.globalsearch" version="6.0.1"/>
		<import addon="plugin.audio.radio_de" version="2.3.1"/>
		<import addon="resource.images.weathericons.outline" version="0.0.4"/>
		<import addon="script.extendedinfo" version="3.1.1"/>
		<import addon="resource.images.weatherfanart.multi" version="0.0.5"/> -->
	</requires>
	<extension point="xbmc.gui.skin" defaultthemename="textures.xbt" debugging="false" effectslowdown="0.75">
		<res width="1280" height="720" aspect="16:9" default="true" folder="720p" />
	</extension>
	<extension point="xbmc.addon.metadata">
		<platform>all</platform>
		<summary>Skin von blauesgruen / Initiator mad-max</summary>
		<description>Konzept:[CR]- einen AEON Skin schaffen der auch auf schwächeren Systemen läuft[CR]- logische und intuitive Bedienung[CR]- ein ansprechendes Aussehen im Alu-/Glasdesign, gut lesbar[CR]- alles ganz anders zu machen ;)[CR]bisher unterstützte Addons:[CR]- Artwork Downloader (Artworks für Filme)[CR]- CDArt Manager (Artworks für Music)[CR]- Script Extended Infos[CR]- GlobalSearch[CR]- SkinWidgets (ermöglicht die Darstellung von "zuletzt hinzugefügten", "zufällig gewählten" und "empfohlenen" Elementen)[CR]Kontakt und Fehlermeldungen:[CR]- www.kodinerds.net "Horizonz V"[CR]DANKE AN DIE COMMUNITY BEI XBMCNERDS/KODINERDS FUER DIE UNTERSTÜTZUNG !!!</description>
		<disclaimer>Ursprünglich basierte der Skin auf den Mockups von xb2iris Skin "Horizonz".</disclaimer>
	</extension>
</addon>