﻿<?xml version="1.0" encoding="UTF-8"?>
<window id="1101" type="dialog">
  <defaultcontrol always="true">1101</defaultcontrol>
  <onunload>ClearProperty(HomeButton)</onunload>
	<controls>
		<include>BlackBack</include>
		<control type="group" id="576757">
			<include>openclosebox</include>
			<left>235</left>
			<top>210</top>
			<width>810</width>
			<height>600</height>
			<control type="image">
				<description>background image</description>
				<left>0</left>
				<top>0</top>
				<width>810</width>
				<height>300</height>
				<colordiffuse>grey1</colordiffuse>
				<texture border="1">WhiteBack.png</texture>
			</control>
			<control type="image">
				<description>background image</description>
				<left>10</left>
				<top>10</top>
				<width>790</width>
				<height>280</height>
				<texture border="1">WhiteBack.png</texture>
			</control>
			<control type="label">
				<description>header label</description>
				<left>40</left>
				<top>15</top>
				<width>730</width>
				<height>30</height>
				<font>impacted21</font>
				<label>Artist Infos</label>
				<align>center</align>
				<aligny>center</aligny>
				<textcolor>grey2</textcolor>
			</control>
			<!-- <control type="image">
				<description>background image</description>
				<left>10</left>
				<top>48</top>
				<width>790</width>
				<height>40</height>
				<colordiffuse>grey2</colordiffuse>
				<texture border="1">WhiteBack.png</texture>
			</control> -->
			<control type="grouplist">
				<left>580</left>
				<top>70</top>
				<width>220</width>
				<height>220</height>
				<control type="image">
					<description>background image</description>
					<width>300</width>
					<height>300</height>
					<aspectratio ailign="left">keep</aspectratio>
					<colordiffuse>grey1</colordiffuse>
					<texture border="1">Design-Scripticon.png</texture>
				</control>
			</control>
			<control type="label">
				<description>Title label</description>
				<left>25</left>
				<top>52</top>
				<width>790</width>
				<label>[UPPERCASE]$VAR[WidgetPropertyLabel][/UPPERCASE]</label>
				<align>left</align>
				<scroll>false</scroll>
			</control>
			<control type="grouplist" id="1101">
				<left>30</left>
				<top>100</top>
				<width>740</width>
				<height>580</height>
				<control type="radiobutton" id="10">
					<description>Artist Info</description>
					<width>740</width>
					<height>35</height>
					<align>left</align>
					<label>Artist Biografie</label>
					<textcolor>grey3</textcolor>
					<texturenofocus>-</texturenofocus>
					<onclick>Skin.ToggleSetting(artistslideshow_artistinfos_bio)</onclick>
					<selected>Skin.HasSetting(artistslideshow_artistinfos_bio)</selected>
				</control>
				<control type="radiobutton" id="11">
					<description>Artist Info</description>
					<width>740</width>
					<height>35</height>
					<align>left</align>
					<label>Artist Diskografie</label>
					<textcolor>grey3</textcolor>
					<texturenofocus>-</texturenofocus>
					<onclick>Skin.ToggleSetting(artistslideshow_artistinfos_albums)</onclick>
					<selected>Skin.HasSetting(artistslideshow_artistinfos_albums)</selected>
				</control>
				<control type="radiobutton" id="12">
					<description>Artist Info</description>
					<width>740</width>
					<height>35</height>
					<align>left</align>
					<label>ähnliche Künstler</label>
					<textcolor>grey3</textcolor>
					<texturenofocus>-</texturenofocus>
					<onclick>Skin.ToggleSetting(artistslideshow_artistinfos_similar)</onclick>
					<selected>Skin.HasSetting(artistslideshow_artistinfos_similar)</selected>
				</control>
			</control>
		</control>
	</controls>
</window>
