<?xml version="1.0" encoding="UTF-8"?>
<window type="dialog" id="1700">
	<defaultcontrol>17000</defaultcontrol>
	<zorder>2</zorder>
	<controls>
		<include>BlackBack</include>
		<control type="group">
			<include>openclosebox</include>
			<left>235</left>
			<top>60</top>
			<width>810</width>
			<height>600</height>
			<control type="image">
				<description>background image</description>
				<left>0</left>
				<top>0</top>
				<width>810</width>
				<height>600</height>
				<colordiffuse>grey1</colordiffuse>
				<texture border="1">WhiteBack.png</texture>
			</control>
			<control type="image">
				<description>background image</description>
				<left>10</left>
				<top>10</top>
				<width>790</width>
				<height>580</height>
				<texture border="1">WhiteBack.png</texture>
			</control>
			<control type="label" id="1">
				<description>header label</description>
				<left>40</left>
				<top>15</top>
				<width>730</width>
				<height>30</height>
				<font>impacted21</font>
				<label>Wetterwarnungen</label>
				<align>center</align>
				<aligny>center</aligny>
				<textcolor>grey2</textcolor>
			</control>
			<control type="image">
				<description>background image</description>
				<left>10</left>
				<top>48</top>
				<width>790</width>
				<height>40</height>
				<colordiffuse>grey2</colordiffuse>
				<texture border="1">WhiteBack.png</texture>
			</control>
			<control type="label">
				<description>Title label</description>
				<left>40</left>
				<top>52</top>
				<width>730</width>
				<height>30</height>
				<label>Daten vom Deutschen Wetter Dienst</label>
				<align>center</align>
				<scroll>false</scroll>
			</control>
			<control type="grouplist">
				<left>580</left>
				<top>370</top>
				<width>220</width>
				<height>220</height>
				<control type="image">
					<description>background image</description>
					<width>300</width>
					<height>300</height>
					<aspectratio ailign="left">keep</aspectratio>
					<colordiffuse>grey1</colordiffuse>
					<texture border="1">Design-Wettericon.png</texture>
				</control>
			</control>
			<control type="button" id="17000">
				<include>HiddenButton</include>
				<onclick>Dialog.Close(1700,true)</onclick>
				<onright>Dialog.Close(1700,true)</onright>
				<onleft>Dialog.Close(1700,true)</onleft>
				<onup>Dialog.Close(1700,true)</onup>
				<ondown>Dialog.Close(1700,true)</ondown>
			</control>
			<control type="image">
				<left>0</left>
				<top>90</top>
				<width>500</width>
				<height>480</height>
				<aspectratio>keep</aspectratio>
				<texture>http://www.dwd.de/DWD/warnungen/warnapp/json/warning_map.png</texture>
			</control>
			<control type="image">
				<left>480</left>
				<top>100</top>
				<width>280</width>
				<height>280</height>
				<aspectratio align="right">keep</aspectratio>
				<texture>http://www.proplanta.de/web/image/1444746716bkwb_1024.gif</texture>
				<bordertexture border="6">ThumbShadow.png</bordertexture>
				<bordersize>8</bordersize>
			</control>
		</control>
	</controls>
</window>