<?xml version="1.0" encoding="UTF-8"?>
<includes>
	<!-- ID: 10 -->
	<include name="PVRGuideViewTimeline">
		<control type="group">
			<description>TV Guide Timeline</description>
			<visible>Control.IsVisible(10)</visible>
			<include>openclose</include>
			<include>opencloseslideup</include>
			<top>15</top>
			<control type="image">
				<left>-10</left>
				<top>38</top>
				<width>1300</width>
				<height>516</height>
				<colordiffuse>menudiffuse</colordiffuse>
				<texture background="true">BlackBack.png</texture>
			</control>
			<control type="image" id="1">
				<left>-5</left>
				<top>28</top>
				<width>1300</width>
				<height>10</height>
				<colordiffuse>fanartdiffuse</colordiffuse>
				<texture background="true">Shadow.png</texture>
			</control>
			<control type="image" id="1">
				<left>-5</left>
				<top>554</top>
				<width>1300</width>
				<height>10</height>
				<colordiffuse>fanartdiffuse</colordiffuse>
				<texture background="true" flipy="true">Shadow.png</texture>
			</control>
			<control type="image" id="1">
				<left>-5</left>
				<top>75</top>
				<width>1300</width>
				<height>2</height>
				<colordiffuse>menudiffuse</colordiffuse>
				<texture background="true" border="1">Separator1.png</texture>
			</control>
			<control type="epggrid" id="10">
				<viewtype label="19032">list</viewtype>
				<description>EPG Grid</description>
				<left>20</left>
				<top>45</top>
				<width>1260</width>
				<height>504</height>
				<pagecontrol>10</pagecontrol>
				<scrolltime>350</scrolltime>
				<timeblocks>30</timeblocks>
				<rulerunit>6</rulerunit>
				<progresstexture border="5" colordiffuse="menudiffuse">PVR-EpgProgressIndicator.png</progresstexture>
				<onleft>9000</onleft>
				<onright>9000</onright>
				<onup>10</onup>
				<ondown>10</ondown>
				<rulerlayout height="35" width="40">
					<control type="image" id="1">
						<width>38</width>
						<height>29</height>
						<left>0</left>
						<top>-2</top>
						<colordiffuse>reddiffuse</colordiffuse>
						<texture background="true">WhiteBack.png</texture>
					</control>
					<control type="label" id="2">
						<left>10</left>
						<top>-1</top>
						<width>34</width>
						<height>29</height>
						<aligny>center</aligny>
						<align>left</align>
						<label>$INFO[ListItem.Label]</label>
					</control>
				</rulerlayout>
				<channellayout height="52" width="280">
					<control type="label">
						<left>5</left>
						<top>5</top>
						<width>40</width>
						<height>35</height>
						<align>left</align>
						<aligny>center</aligny>
						<textcolor>grey</textcolor>
						<info>ListItem.ChannelNumberLabel</info>
					</control>
					<control type="image">
						<left>45</left>
						<top>10</top>
						<width>35</width>
						<height>34</height>
						<texture background="true" fallback="icons/TVShowsIcon.png">$INFO[ListItem.Icon]</texture>
						<aspectratio>keep</aspectratio>
						<visible>!Window.IsVisible(radiochannels)</visible>
					</control>
					<control type="image">
						<left>45</left>
						<top>10</top>
						<width>35</width>
						<height>34</height>
						<texture background="true" fallback="FallbackRadio.png">$INFO[ListItem.Icon]</texture>
						<aspectratio>keep</aspectratio>
						<visible>Window.IsVisible(radiochannels)</visible>
					</control>
					<control type="label" id="1">
						<left>100</left>
						<top>0</top>
						<width>160</width>
						<height>52</height>
						<aligny>center</aligny>
						<textcolor>grey</textcolor>
						<align>left</align>
						<label>$INFO[ListItem.ChannelName]</label>
					</control>
				</channellayout>
				<focusedchannellayout height="52" width="280">
					<control type="group">
						<include>focuseffect</include>
						<control type="image">
							<left>-4</left>
							<top>1</top>
							<width>280</width>
							<height>50</height>
							<colordiffuse>reddiffuse</colordiffuse>
							<texture border="5" flipx="true">SideFadeWhite.png</texture>
						</control>
						<control type="image" id="2">
							<left>-4</left>
							<top>1</top>
							<width>280</width>
							<height>50</height>
							<texture background="true" border="5">buttons/ButtonNFhalf.png</texture>
						</control>
						<control type="label">
							<left>5</left>
							<top>5</top>
							<width>40</width>
							<height>35</height>
							<align>left</align>
							<aligny>center</aligny>
							<info>ListItem.ChannelNumberLabel</info>
						</control>
						<control type="image">
							<left>45</left>
							<top>10</top>
							<width>35</width>
							<height>34</height>
							<texture background="true" fallback="icons/TVShowsIcon.png">$INFO[ListItem.Icon]</texture>
							<aspectratio>keep</aspectratio>
							<visible>!Window.IsVisible(radiochannels)</visible>
						</control>
						<control type="image">
							<left>45</left>
							<top>10</top>
							<width>35</width>
							<height>34</height>
							<texture background="true" fallback="FallbackRadio.png">$INFO[ListItem.Icon]</texture>
							<aspectratio>keep</aspectratio>
							<visible>Window.IsVisible(radiochannels)</visible>
						</control>
						<control type="label" id="1">
							<left>100</left>
							<top>0</top>
							<width>160</width>
							<height>52</height>
							<aligny>center</aligny>
							<align>left</align>
							<label>$INFO[ListItem.ChannelName]</label>
						</control>
					</control>
				</focusedchannellayout>
				<itemlayout height="52" width="40">
					<control type="image" id="2">
						<width>40</width>
						<height>52</height>
						<left>0</left>
						<top>0</top>
						<aspectratio>stretch</aspectratio>
						<texture border="3">epg-genres/$INFO[ListItem.Property(GenreType)].png</texture>
					</control>
					<control type="label" id="1">
						<left>6</left>
						<top>3</top>
						<width>30</width>
						<height>25</height>
						<aligny>center</aligny>
						<align>left</align>
						<info>ListItem.Label</info>
					</control>
					<include>PVR-TimerIcons</include>
				</itemlayout>
				<focusedlayout height="52" width="40">
					<control type="image" id="2">
						<left>0</left>
						<top>0</top>
						<width>40</width>
						<height>52</height>
						<aspectratio>stretch</aspectratio>
						<texture border="3">epg-genres/$INFO[ListItem.Property(GenreType)].png</texture>
						<include>focuseffect</include>
					</control>
					<control type="image" id="14">
						<left>1</left>
						<top>1</top>
						<width>38</width>
						<height>50</height>
						<texture background="true" border="1">buttons/ButtonNF.png</texture>
						<include>focuseffect</include>
					</control>
					<control type="image" id="14">
						<left>2</left>
						<top>2</top>
						<width>36</width>
						<height>48</height>
						<colordiffuse>reddiffuse</colordiffuse>
						<texture background="true">White.png</texture>
						<include>focuseffect</include>
					</control>
					<control type="image" id="14">
						<left>1</left>
						<top>1</top>
						<width>38</width>
						<height>50</height>
						<texture background="true">GlassOverlay.png</texture>
						<include>focuseffect</include>
					</control>
					<control type="label" id="1">
						<left>6</left>
						<top>3</top>
						<width>30</width>
						<height>25</height>
						<aligny>center</aligny>
						<align>left</align>
						<info>ListItem.Label</info>
						<include>focuseffect</include>
					</control>
					<include>PVR-TimerIcons</include>
				</focusedlayout>
			</control>
			<control type="group">
				<left>5</left>
				<top>552</top>
				<control type="image">
					<left>45</left>
					<top>10</top>
					<width>200</width>
					<height>98</height>
					<texture background="true">$INFO[ListItem.Icon]</texture>
					<aspectratio align="center" aligny="center">keep</aspectratio>
				</control>
				<control type="label">
					<left>300</left>
					<top>5</top>
					<width>880</width>
					<height>30</height>
					<aligny>center</aligny>
					<align>left</align>
					<shadowcolor>black</shadowcolor>
					<font>ubuntu-r26b</font>
					<label>$INFO[ListItem.Label]$INFO[ListItem.StartTime, (,]$INFO[ListItem.EndTime, - ,)]</label>
				</control>
				<control type="textbox">
					<left>300</left>
					<top>40</top>
					<width>880</width>
					<height>65</height>
					<shadowcolor>black</shadowcolor>
					<include condition="!Skin.HasSetting(BigPlotText)">PlotText16Var</include>
					<include condition="Skin.HasSetting(BigPlotText)">PlotTextBigVar</include>
					<label>$INFO[ListItem.Plot]</label>
				</control>
			</control>
			<control type="group">
				<left>40</left>
				<control type="image" id="1">
					<left>-45</left>
					<top>665</top>
					<width>1300</width>
					<height>50</height>
					<texture background="true" border="1">BlackBack.png</texture>
				</control>
				<control type="image" id="1">
					<left>-45</left>
					<top>664</top>
					<width>1300</width>
					<height>2</height>
					<colordiffuse>menudiffuse</colordiffuse>
					<texture background="true" border="1" flipy="true">Separator1.png</texture>
				</control>
				<control type="image">
					<left>20</left>
					<top>670</top>
					<width>30</width>
					<height>30</height>
					<texture border="3">epg-genres/$INFO[ListItem.Property(GenreType)].png</texture>
				</control>
				<control type="label">
					<left>60</left>
					<top>670</top>
					<width>800</width>
					<height>30</height>
					<font>impacted21</font>
					<textcolor>grey</textcolor>
					<label>$VAR[EpgGenreLabel]</label>
				</control>
			</control>
		</control>
	</include>
	
	<!-- ID: 11 -->
	<include name="PVRGuideViewNow">
		<control type="group">
			<description>TV Guide Channel</description>
			<visible>Control.IsVisible(11)</visible>
			<include>openclose</include>
			<include>opencloseslideup</include>
			<control type="group">
				<left>80</left>
				<top>200</top>
				<control type="image">
					<description>Separator image</description>
					<left>-90</left>
					<top>8</top>
					<width>1300</width>
					<height>650</height>
					<colordiffuse>menudiffuse</colordiffuse>
					<texture background="true">BlackBack.png</texture>
				</control>
				<control type="label">
					<description>Date Time label</description>
					<left>0</left>
					<top>18</top>
					<width>300</width>
					<height>20</height>
					<textcolor>white</textcolor>
					<shadowcolor>black</shadowcolor>
					<align>center</align>
					<aligny>center</aligny>
					<label>21820</label>
				</control>
				<control type="label">
					<description>Title</description>
					<left>300</left>
					<top>18</top>
					<width>600</width>
					<height>20</height>
					<textcolor>white</textcolor>
					<shadowcolor>black</shadowcolor>
					<align>center</align>
					<aligny>center</aligny>
					<label>369</label>
				</control>
				<control type="label">
					<description>Status header label</description>
					<left>960</left>
					<top>18</top>
					<width>140</width>
					<height>20</height>
					<textcolor>white</textcolor>
					<shadowcolor>black</shadowcolor>
					<align>center</align>
					<aligny>center</aligny>
					<label>126</label>
				</control>
				<control type="image">
					<description>Separator image</description>
					<left>-90</left>
					<top>8</top>
					<width>1300</width>
					<height>1</height>
					<texture background="true">Separator2.png</texture>
				</control>
				<control type="list" id="11">
					<viewtype label="19030">list</viewtype>
					<left>0</left>
					<top>45</top>
					<width>1100</width>
					<height>438</height>
					<onup>11</onup>
					<ondown>11</ondown>
					<onleft>9000</onleft>
					<onright>75</onright>
					<pagecontrol>75</pagecontrol>
					<scrolltime>200</scrolltime>
					<itemlayout height="44">
						<control type="image">
							<left>0</left>
							<top>0</top>
							<width>300</width>
							<height>38</height>
							<colordiffuse>menudiffuse</colordiffuse>
							<texture background="true" border="5">BlackBack.png</texture>
						</control>
						<control type="label">
							<left>10</left>
							<top>0</top>
							<width>280</width>
							<height>40</height>
							<align>center</align>
							<aligny>center</aligny>
							<textcolor>grey</textcolor>
							<label>$INFO[ListItem.Date]</label>
						</control>
						<control type="label">
							<left>310</left>
							<top>0</top>
							<width>640</width>
							<height>40</height>
							<align>left</align>
							<aligny>center</aligny>
							<textcolor>grey</textcolor>
							<info>ListItem.Label</info>
						</control>
						<control type="image">
							<left>980</left>
							<top>10</top>
							<width>20</width>
							<height>20</height>
							<texture>$VAR[PVRTimerIcon]</texture>
							<label></label>
						</control>
						<control type="label">
							<left>1000</left>
							<top>0</top>
							<width>80</width>
							<height>40</height>
							<align>left</align>
							<aligny>center</aligny>
							<textcolor>grey</textcolor>
							<label>$VAR[PVRTimerLabel]</label>
						</control>
					</itemlayout>
					<focusedlayout height="130">
						<control type="group">
							<include>focuseffect</include>
							<control type="image">
								<left>0</left>
								<top>1</top>
								<width>1100</width>
								<height>127</height>
								<colordiffuse>reddiffuse</colordiffuse>
								<texture background="true" border="5">WhiteBack.png</texture>
								<visible>Control.HasFocus(11)</visible>
							</control>
							<control type="image">
								<left>0</left>
								<top>1</top>
								<width>1100</width>
								<height>127</height>
								<texture background="true" border="5">masks/Default_sharp.png</texture>
							</control>
							<control type="label">
								<left>10</left>
								<top>0</top>
								<width>280</width>
								<height>40</height>
								<align>center</align>
								<aligny>center</aligny>
								<textcolor>white</textcolor>
								<info>ListItem.Date</info>
							</control>
							<control type="label">
								<left>310</left>
								<top>0</top>
								<width>640</width>
								<height>40</height>
								<align>left</align>
								<aligny>center</aligny>
								<textcolor>white</textcolor>
								<info>ListItem.Label</info>
							</control>
							<control type="textbox">
								<description>Plot Value for TVShow</description>
								<left>10</left>
								<top>42</top>
								<width>1080</width>
								<height>82</height>
								<align>justify</align>
								<include condition="!Skin.HasSetting(BigPlotText)">PlotText16Var</include>
								<include condition="Skin.HasSetting(BigPlotText)">PlotTextBigVar</include>
								<label>$INFO[ListItem.Plot]</label>
							</control>
							<control type="image">
								<left>980</left>
								<top>10</top>
								<width>20</width>
								<height>20</height>
								<texture>$VAR[PVRTimerIcon]</texture>
							</control>
							<control type="label">
								<left>1000</left>
								<top>0</top>
								<width>80</width>
								<height>40</height>
								<align>left</align>
								<aligny>center</aligny>
								<textcolor>grey</textcolor>
								<label>31510</label>
								<label>$VAR[PVRTimerLabel]</label>
							</control>
						</control>
					</focusedlayout>
				</control>
				<control type="scrollbar" id="75">
					<left>1105</left>
					<top>45</top>
					<height>438</height>
					<onleft>11</onleft>
					<onright>noop</onright>
					<showonepage>false</showonepage>
					<orientation>vertical</orientation>
				</control>
			</control>
		</control>
	</include>
	
	<!-- ID: 12 -->
	<include name="PVRGuideViewNext">
		<control type="group">
			<description>TV Guide Channel</description>
			<visible>Control.IsVisible(12)</visible>
			<include>openclose</include>
			<include>opencloseslideup</include>
			<control type="group">
				<left>80</left>
				<top>200</top>
				<control type="image">
					<description>Separator image</description>
					<left>-90</left>
					<top>8</top>
					<width>1300</width>
					<height>650</height>
					<colordiffuse>menudiffuse</colordiffuse>
					<texture background="true">BlackBack.png</texture>
				</control>
				<control type="label">
					<description>Date Time label</description>
					<left>0</left>
					<top>18</top>
					<width>300</width>
					<height>20</height>
					<textcolor>white</textcolor>
					<shadowcolor>black</shadowcolor>
					<align>center</align>
					<aligny>center</aligny>
					<label>21820</label>
				</control>
				<control type="label">
					<description>Title</description>
					<left>300</left>
					<top>18</top>
					<width>600</width>
					<height>20</height>
					<textcolor>white</textcolor>
					<shadowcolor>black</shadowcolor>
					<align>center</align>
					<aligny>center</aligny>
					<label>369</label>
				</control>
				<control type="label">
					<description>Status header label</description>
					<left>960</left>
					<top>18</top>
					<width>140</width>
					<height>20</height>
					<textcolor>white</textcolor>
					<shadowcolor>black</shadowcolor>
					<align>center</align>
					<aligny>center</aligny>
					<label>126</label>
				</control>
				<control type="image">
					<description>Separator image</description>
					<left>-90</left>
					<top>8</top>
					<width>1300</width>
					<height>1</height>
					<texture background="true">Separator2.png</texture>
				</control>
				<control type="list" id="12">
					<viewtype label="19031">list</viewtype>
					<left>0</left>
					<top>45</top>
					<width>1100</width>
					<height>438</height>
					<onup>12</onup>
					<ondown>12</ondown>
					<onleft>9000</onleft>
					<onright>75</onright>
					<pagecontrol>75</pagecontrol>
					<scrolltime>200</scrolltime>
					<itemlayout height="44">
						<control type="image">
							<left>0</left>
							<top>0</top>
							<width>300</width>
							<height>38</height>
							<colordiffuse>menudiffuse</colordiffuse>
							<texture background="true" border="5">BlackBack.png</texture>
						</control>
						<control type="label">
							<left>10</left>
							<top>0</top>
							<width>280</width>
							<height>40</height>
							<align>center</align>
							<aligny>center</aligny>
							<textcolor>grey</textcolor>
							<info>ListItem.Date</info>
						</control>
						<control type="label">
							<left>310</left>
							<top>0</top>
							<width>600</width>
							<height>40</height>
							<align>left</align>
							<aligny>center</aligny>
							<textcolor>grey</textcolor>
							<info>ListItem.Label</info>
						</control>
						<control type="image">
							<left>940</left>
							<top>12</top>
							<width>18</width>
							<height>18</height>
							<texture>$VAR[PVRTimerIcon]</texture>
						</control>
						<control type="image">
							<left>915</left>
							<top>10</top>
							<width>20</width>
							<height>20</height>
							<texture background="true">$VAR[VARSwitchtimer]</texture>
						</control>
						<control type="label">
							<left>965</left>
							<top>0</top>
							<width>125</width>
							<height>40</height>
							<align>left</align>
							<aligny>center</aligny>
							<textcolor>grey</textcolor>
							<label>31510</label>
							<visible>ListItem.HasTimer</visible>
						</control>
					</itemlayout>
					<focusedlayout height="130">
						<control type="group">
							<include>focuseffect</include>
							<control type="image">
								<left>0</left>
								<top>1</top>
								<width>1100</width>
								<height>127</height>
								<colordiffuse>reddiffuse</colordiffuse>
								<texture background="true" border="5">WhiteBack.png</texture>
								<visible>Control.HasFocus(12)</visible>
							</control>
							<control type="image">
								<left>0</left>
								<top>1</top>
								<width>1100</width>
								<height>127</height>
								<texture background="true" border="5">masks/Default_sharp.png</texture>
							</control>
							<control type="label">
								<left>10</left>
								<top>0</top>
								<width>280</width>
								<height>40</height>
								<align>center</align>
								<aligny>center</aligny>
								<textcolor>white</textcolor>
								<info>ListItem.Date</info>
							</control>
							<control type="label">
								<left>310</left>
								<top>0</top>
								<width>600</width>
								<height>40</height>
								<align>left</align>
								<aligny>center</aligny>
								<textcolor>white</textcolor>
								<info>ListItem.Label</info>
							</control>
							<control type="textbox">
								<description>Plot Value for TVShow</description>
								<left>10</left>
								<top>42</top>
								<width>1080</width>
								<height>82</height>
								<align>justify</align>
								<include condition="!Skin.HasSetting(BigPlotText)">PlotText16Var</include>
								<include condition="Skin.HasSetting(BigPlotText)">PlotTextBigVar</include>
								<label>$INFO[ListItem.Plot]</label>
							</control>
							<control type="image">
								<left>940</left>
								<top>12</top>
								<width>18</width>
								<height>18</height>
								<texture>$VAR[PVRTimerIcon]</texture>
							</control>
							<control type="image">
								<left>915</left>
								<top>10</top>
								<width>20</width>
								<height>20</height>
								<texture background="true">$VAR[VARSwitchtimer]</texture>
							</control>
							<control type="label">
								<left>965</left>
								<top>0</top>
								<width>125</width>
								<height>40</height>
								<align>left</align>
								<aligny>center</aligny>
								<textcolor>grey</textcolor>
								<label>31510</label>
								<visible>ListItem.HasTimer</visible>
							</control>
						</control>
					</focusedlayout>
				</control>
				<control type="scrollbar" id="75">
					<left>1105</left>
					<top>45</top>
					<height>438</height>
					<onleft>12</onleft>
					<onright>noop</onright>
					<showonepage>false</showonepage>
					<orientation>vertical</orientation>
				</control>
			</control>
		</control>
	</include>
	
	<!-- ID: 13 -->
	<include name="PVRGuideViewChannel">
		<control type="group">
			<description>TV Guide Channel</description>
			<visible>Control.IsVisible(13)</visible>
			<include>openclose</include>
			<include>opencloseslideup</include>
			<control type="group">
				<left>80</left>
				<top>200</top>
				<control type="image">
					<description>Separator image</description>
					<left>-90</left>
					<top>8</top>
					<width>1300</width>
					<height>650</height>
					<colordiffuse>menudiffuse</colordiffuse>
					<texture background="true">BlackBack.png</texture>
				</control>
				<control type="label">
					<description>Date Time label</description>
					<left>0</left>
					<top>18</top>
					<width>300</width>
					<height>20</height>
					<textcolor>white</textcolor>
					<shadowcolor>black</shadowcolor>
					<align>center</align>
					<aligny>center</aligny>
					<label>21820</label>
				</control>
				<control type="label">
					<description>Title</description>
					<left>300</left>
					<top>18</top>
					<width>600</width>
					<height>20</height>
					<textcolor>white</textcolor>
					<shadowcolor>black</shadowcolor>
					<align>center</align>
					<aligny>center</aligny>
					<label>369</label>
				</control>
				<control type="label">
					<description>Status header label</description>
					<left>960</left>
					<top>18</top>
					<width>140</width>
					<height>20</height>
					<textcolor>white</textcolor>
					<shadowcolor>black</shadowcolor>
					<align>center</align>
					<aligny>center</aligny>
					<label>126</label>
				</control>
				<control type="image">
					<description>Separator image</description>
					<left>-90</left>
					<top>8</top>
					<width>1300</width>
					<height>1</height>
					<texture background="true">Separator2.png</texture>
				</control>
				<control type="list" id="13">
					<viewtype label="19029">list</viewtype>
					<left>0</left>
					<top>45</top>
					<width>1100</width>
					<height>438</height>
					<onup>13</onup>
					<ondown>13</ondown>
					<onleft>9000</onleft>
					<onright>75</onright>
					<pagecontrol>75</pagecontrol>
					<scrolltime>200</scrolltime>
					<visible>Player.PlayingTv</visible>
					<itemlayout height="44">
						<control type="image">
							<left>0</left>
							<top>0</top>
							<width>300</width>
							<height>38</height>
							<colordiffuse>menudiffuse</colordiffuse>
							<texture background="true" border="5">BlackBack.png</texture>
						</control>
						<control type="label">
							<left>10</left>
							<top>0</top>
							<width>280</width>
							<height>40</height>
							<align>center</align>
							<aligny>center</aligny>
							<textcolor>grey</textcolor>
							<info>ListItem.Date</info>
						</control>
						<control type="label">
							<left>310</left>
							<top>0</top>
							<width>640</width>
							<height>40</height>
							<align>left</align>
							<aligny>center</aligny>
							<textcolor>grey</textcolor>
							<info>ListItem.Label</info>
						</control>
						<control type="image">
							<left>980</left>
							<top>10</top>
							<width>20</width>
							<height>20</height>
							<texture>$VAR[PVRTimerIcon]</texture>
						</control>
						<control type="label">
							<left>1000</left>
							<top>0</top>
							<width>80</width>
							<height>40</height>
							<align>left</align>
							<aligny>center</aligny>
							<textcolor>grey</textcolor>
							<label>$VAR[PVRTimerLabel]</label>
						</control>
					</itemlayout>
					<focusedlayout height="130">
						<control type="group">
							<include>focuseffect</include>
							<control type="image">
								<left>0</left>
								<top>1</top>
								<width>1100</width>
								<height>127</height>
								<colordiffuse>reddiffuse</colordiffuse>
								<texture background="true" border="5">WhiteBack.png</texture>
								<animation effect="fade" start="100" end="50" time="200" condition="!Control.HasFocus(13)">Conditional</animation>
							</control>
							<control type="image">
								<left>0</left>
								<top>1</top>
								<width>1100</width>
								<height>127</height>
								<texture background="true" border="5">masks/Default_sharp.png</texture>
								<animation effect="fade" start="100" end="50" time="200" condition="!Control.HasFocus(13)">Conditional</animation>
							</control>
							<control type="label">
								<left>10</left>
								<top>0</top>
								<width>280</width>
								<height>40</height>
								<align>center</align>
								<aligny>center</aligny>
								<textcolor>white</textcolor>
								<info>ListItem.Date</info>
							</control>
							<control type="label">
								<left>310</left>
								<top>0</top>
								<width>640</width>
								<height>40</height>
								<align>left</align>
								<aligny>center</aligny>
								<textcolor>white</textcolor>
								<info>ListItem.Label</info>
							</control>
							<control type="textbox">
								<description>Plot Value for TVShow</description>
								<left>10</left>
								<top>42</top>
								<width>1080</width>
								<height>82</height>
								<align>justify</align>
								<include condition="!Skin.HasSetting(BigPlotText)">PlotText16Var</include>
								<include condition="Skin.HasSetting(BigPlotText)">PlotTextBigVar</include>
								<label>$INFO[ListItem.Plot]</label>
							</control>
							<control type="image">
								<left>980</left>
								<top>10</top>
								<width>20</width>
								<height>20</height>
								<texture>$VAR[PVRTimerIcon]</texture>
							</control>
							<control type="label">
								<left>1000</left>
								<top>0</top>
								<width>80</width>
								<height>40</height>
								<align>left</align>
								<aligny>center</aligny>
								<textcolor>grey</textcolor>
								<label>$VAR[PVRTimerLabel]</label>
							</control>
						</control>
					</focusedlayout>
				</control>
				<control type="scrollbar" id="75">
					<left>1105</left>
					<top>45</top>
					<height>438</height>
					<onleft>13</onleft>
					<onright>noop</onright>
					<showonepage>false</showonepage>
					<orientation>vertical</orientation>
				</control>
			</control>
		</control>
	</include>
</includes>