<?xml version="1.0" encoding="UTF-8"?>
<addon id="plugin.video.sport1de" version="1.0.2" name="Sport1" provider-name="Jin">
  <requires>
   <import addon="xbmc.python" version="2.14.0"/>
   <import addon="script.module.requests"/>
   <import addon="repository.lost-and-found" version="1.1.8"/>
  </requires>
  <extension 
    point="xbmc.python.pluginsource"
    library="default.py">
   <provides>video</provides>
  </extension>
  <extension point="xbmc.addon.metadata">
    <summary>Sportnachrichten - aktuelle News und Livestreams</summary>
    <description>
Für Sport1US und Sport1+ wird ein ABO auf sport1.de benötigt.
Achtung: Diese Sender wurden nicht auf Funktionalität geprüft!
    </description>
    <platform>all</platform>
    <forum>http://www.kodinerds.net/index.php/Thread/47296</forum>
  </extension>
</addon>
