<?xml version="1.0" encoding="UTF-8"?>
<includes>
	<include name="HomeMenuPosition1">
		<include condition="StringCompare(Skin.String(HomeMenuItemMusic),1)">HomeMenuMusic</include>
		<include condition="StringCompare(Skin.String(HomeMenuItemVideo),1)">HomeMenuVideo</include>
		<include condition="StringCompare(Skin.String(HomeMenuItemMovie),1)">HomeMenuMovie</include>
		<include condition="StringCompare(Skin.String(HomeMenuItemDashboard),1)">HomeMenuDashboard</include>
		<include condition="StringCompare(Skin.String(HomeMenuItemTVShows),1)">HomeMenuTVShows</include>
		<include condition="StringCompare(Skin.String(HomeMenuItemMusicvideos),1)">HomeMenuMusicvideos</include>
		<include condition="StringCompare(Skin.String(HomeMenuItemPictures),1)">HomeMenuPictures</include>
		<include condition="StringCompare(Skin.String(HomeMenuItemWeather),1)">HomeMenuWeather</include>
		<include condition="StringCompare(Skin.String(HomeMenuItemPlayDisc),1)">HomeMenuPlayDisc</include>
		<include condition="StringCompare(Skin.String(HomeMenuItem3D),1)">HomeMenu3D</include>
		<include condition="StringCompare(Skin.String(HomeMenuItemHD),1)">HomeMenuHD</include>
		<include condition="StringCompare(Skin.String(HomeMenuItemFullHD),1)">HomeMenuFullHD</include>
		<include condition="StringCompare(Skin.String(HomeMenuItemDoku),1)">HomeMenuDoku</include>
		<include condition="StringCompare(Skin.String(HomeMenuItemKids),1)">HomeMenuKids</include>
		<include condition="StringCompare(Skin.String(HomeMenuItemFav1),1)">HomeMenuFav1</include>
		<include condition="StringCompare(Skin.String(HomeMenuItemFav2),1)">HomeMenuFav2</include>
		<include condition="StringCompare(Skin.String(HomeMenuItemFav3),1)">HomeMenuFav3</include>
		<include condition="StringCompare(Skin.String(HomeMenuItemFav4),1)">HomeMenuFav4</include>
		<include condition="StringCompare(Skin.String(HomeMenuItemSettings),1)">HomeMenuSettings</include>
		<include condition="StringCompare(Skin.String(HomeMenuItemPVR),1)">HomeMenuPVR</include>
		<include condition="StringCompare(Skin.String(HomeMenuItemRadio),1)">HomeMenuRadio</include>
		<include condition="StringCompare(Skin.String(HomeMenuItemNews),1)">HomeMenuNews</include>
		<include condition="IsEmpty(Skin.String(HomeMenuItemMusic))">HomeMenuMusic</include>
	</include>
	<include name="HomeMenuPosition2">
		<include condition="StringCompare(Skin.String(HomeMenuItemMusic),2)">HomeMenuMusic</include>
		<include condition="StringCompare(Skin.String(HomeMenuItemVideo),2)">HomeMenuVideo</include>
		<include condition="StringCompare(Skin.String(HomeMenuItemMovie),2)">HomeMenuMovie</include>
		<include condition="StringCompare(Skin.String(HomeMenuItemDashboard),2)">HomeMenuDashboard</include>
		<include condition="StringCompare(Skin.String(HomeMenuItemTVShows),2)">HomeMenuTVShows</include>
		<include condition="StringCompare(Skin.String(HomeMenuItemMusicvideos),2)">HomeMenuMusicvideos</include>
		<include condition="StringCompare(Skin.String(HomeMenuItemPictures),2)">HomeMenuPictures</include>
		<include condition="StringCompare(Skin.String(HomeMenuItemWeather),2)">HomeMenuWeather</include>
		<include condition="StringCompare(Skin.String(HomeMenuItemPlayDisc),2)">HomeMenuPlayDisc</include>
		<include condition="StringCompare(Skin.String(HomeMenuItem3D),2)">HomeMenu3D</include>
		<include condition="StringCompare(Skin.String(HomeMenuItemHD),2)">HomeMenuHD</include>
		<include condition="StringCompare(Skin.String(HomeMenuItemFullHD),2)">HomeMenuFullHD</include>
		<include condition="StringCompare(Skin.String(HomeMenuItemDoku),2)">HomeMenuDoku</include>
		<include condition="StringCompare(Skin.String(HomeMenuItemKids),2)">HomeMenuKids</include>
		<include condition="StringCompare(Skin.String(HomeMenuItemFav1),2)">HomeMenuFav1</include>
		<include condition="StringCompare(Skin.String(HomeMenuItemFav2),2)">HomeMenuFav2</include>
		<include condition="StringCompare(Skin.String(HomeMenuItemFav3),2)">HomeMenuFav3</include>
		<include condition="StringCompare(Skin.String(HomeMenuItemFav4),2)">HomeMenuFav4</include>
		<include condition="StringCompare(Skin.String(HomeMenuItemSettings),2)">HomeMenuSettings</include>
		<include condition="StringCompare(Skin.String(HomeMenuItemPVR),2)">HomeMenuPVR</include>
		<include condition="StringCompare(Skin.String(HomeMenuItemRadio),2)">HomeMenuRadio</include>
		<include condition="StringCompare(Skin.String(HomeMenuItemNews),2)">HomeMenuNews</include>
		<include condition="IsEmpty(Skin.String(HomeMenuItemVideo))">HomeMenuVideo</include>
	</include>
	<include name="HomeMenuPosition3">
		<include condition="StringCompare(Skin.String(HomeMenuItemMusic),3)">HomeMenuMusic</include>
		<include condition="StringCompare(Skin.String(HomeMenuItemVideo),3)">HomeMenuVideo</include>
		<include condition="StringCompare(Skin.String(HomeMenuItemMovie),3)">HomeMenuMovie</include>
		<include condition="StringCompare(Skin.String(HomeMenuItemDashboard),3)">HomeMenuDashboard</include>
		<include condition="StringCompare(Skin.String(HomeMenuItemTVShows),3)">HomeMenuTVShows</include>
		<include condition="StringCompare(Skin.String(HomeMenuItemMusicvideos),3)">HomeMenuMusicvideos</include>
		<include condition="StringCompare(Skin.String(HomeMenuItemPictures),3)">HomeMenuPictures</include>
		<include condition="StringCompare(Skin.String(HomeMenuItemWeather),3)">HomeMenuWeather</include>
		<include condition="StringCompare(Skin.String(HomeMenuItemPlayDisc),3)">HomeMenuPlayDisc</include>
		<include condition="StringCompare(Skin.String(HomeMenuItem3D),3)">HomeMenu3D</include>
		<include condition="StringCompare(Skin.String(HomeMenuItemHD),3)">HomeMenuHD</include>
		<include condition="StringCompare(Skin.String(HomeMenuItemFullHD),3)">HomeMenuFullHD</include>
		<include condition="StringCompare(Skin.String(HomeMenuItemDoku),3)">HomeMenuDoku</include>
		<include condition="StringCompare(Skin.String(HomeMenuItemKids),3)">HomeMenuKids</include>
		<include condition="StringCompare(Skin.String(HomeMenuItemFav1),3)">HomeMenuFav1</include>
		<include condition="StringCompare(Skin.String(HomeMenuItemFav2),3)">HomeMenuFav2</include>
		<include condition="StringCompare(Skin.String(HomeMenuItemFav3),3)">HomeMenuFav3</include>
		<include condition="StringCompare(Skin.String(HomeMenuItemFav4),3)">HomeMenuFav4</include>
		<include condition="StringCompare(Skin.String(HomeMenuItemSettings),3)">HomeMenuSettings</include>
		<include condition="StringCompare(Skin.String(HomeMenuItemPVR),3)">HomeMenuPVR</include>
		<include condition="StringCompare(Skin.String(HomeMenuItemRadio),3)">HomeMenuRadio</include>
		<include condition="StringCompare(Skin.String(HomeMenuItemNews),3)">HomeMenuNews</include>
		<include condition="IsEmpty(Skin.String(HomeMenuItemMovie))">HomeMenuMovie</include>
	</include>
	<include name="HomeMenuPosition4">
		<include condition="StringCompare(Skin.String(HomeMenuItemMusic),4)">HomeMenuMusic</include>
		<include condition="StringCompare(Skin.String(HomeMenuItemVideo),4)">HomeMenuVideo</include>
		<include condition="StringCompare(Skin.String(HomeMenuItemMovie),4)">HomeMenuMovie</include>
		<include condition="StringCompare(Skin.String(HomeMenuItemDashboard),4)">HomeMenuDashboard</include>
		<include condition="StringCompare(Skin.String(HomeMenuItemTVShows),4)">HomeMenuTVShows</include>
		<include condition="StringCompare(Skin.String(HomeMenuItemMusicvideos),4)">HomeMenuMusicvideos</include>
		<include condition="StringCompare(Skin.String(HomeMenuItemPictures),4)">HomeMenuPictures</include>
		<include condition="StringCompare(Skin.String(HomeMenuItemWeather),4)">HomeMenuWeather</include>
		<include condition="StringCompare(Skin.String(HomeMenuItemPlayDisc),4)">HomeMenuPlayDisc</include>
		<include condition="StringCompare(Skin.String(HomeMenuItem3D),4)">HomeMenu3D</include>
		<include condition="StringCompare(Skin.String(HomeMenuItemHD),4)">HomeMenuHD</include>
		<include condition="StringCompare(Skin.String(HomeMenuItemFullHD),4)">HomeMenuFullHD</include>
		<include condition="StringCompare(Skin.String(HomeMenuItemDoku),4)">HomeMenuDoku</include>
		<include condition="StringCompare(Skin.String(HomeMenuItemKids),4)">HomeMenuKids</include>
		<include condition="StringCompare(Skin.String(HomeMenuItemFav1),4)">HomeMenuFav1</include>
		<include condition="StringCompare(Skin.String(HomeMenuItemFav2),4)">HomeMenuFav2</include>
		<include condition="StringCompare(Skin.String(HomeMenuItemFav3),4)">HomeMenuFav3</include>
		<include condition="StringCompare(Skin.String(HomeMenuItemFav4),4)">HomeMenuFav4</include>
		<include condition="StringCompare(Skin.String(HomeMenuItemSettings),4)">HomeMenuSettings</include>
		<include condition="StringCompare(Skin.String(HomeMenuItemPVR),4)">HomeMenuPVR</include>
		<include condition="StringCompare(Skin.String(HomeMenuItemRadio),4)">HomeMenuRadio</include>
		<include condition="StringCompare(Skin.String(HomeMenuItemNews),4)">HomeMenuNews</include>
		<include condition="IsEmpty(Skin.String(HomeMenuItemDashboard))">HomeMenuDashboard</include>
	</include>
	<include name="HomeMenuPosition5">
		<include condition="StringCompare(Skin.String(HomeMenuItemMusic),5)">HomeMenuMusic</include>
		<include condition="StringCompare(Skin.String(HomeMenuItemVideo),5)">HomeMenuVideo</include>
		<include condition="StringCompare(Skin.String(HomeMenuItemMovie),5)">HomeMenuMovie</include>
		<include condition="StringCompare(Skin.String(HomeMenuItemDashboard),5)">HomeMenuDashboard</include>
		<include condition="StringCompare(Skin.String(HomeMenuItemTVShows),5)">HomeMenuTVShows</include>
		<include condition="StringCompare(Skin.String(HomeMenuItemMusicvideos),5)">HomeMenuMusicvideos</include>
		<include condition="StringCompare(Skin.String(HomeMenuItemPictures),5)">HomeMenuPictures</include>
		<include condition="StringCompare(Skin.String(HomeMenuItemWeather),5)">HomeMenuWeather</include>
		<include condition="StringCompare(Skin.String(HomeMenuItemPlayDisc),5)">HomeMenuPlayDisc</include>
		<include condition="StringCompare(Skin.String(HomeMenuItem3D),5)">HomeMenu3D</include>
		<include condition="StringCompare(Skin.String(HomeMenuItemHD),5)">HomeMenuHD</include>
		<include condition="StringCompare(Skin.String(HomeMenuItemFullHD),5)">HomeMenuFullHD</include>
		<include condition="StringCompare(Skin.String(HomeMenuItemDoku),5)">HomeMenuDoku</include>
		<include condition="StringCompare(Skin.String(HomeMenuItemKids),5)">HomeMenuKids</include>
		<include condition="StringCompare(Skin.String(HomeMenuItemFav1),5)">HomeMenuFav1</include>
		<include condition="StringCompare(Skin.String(HomeMenuItemFav2),5)">HomeMenuFav2</include>
		<include condition="StringCompare(Skin.String(HomeMenuItemFav3),5)">HomeMenuFav3</include>
		<include condition="StringCompare(Skin.String(HomeMenuItemFav4),5)">HomeMenuFav4</include>
		<include condition="StringCompare(Skin.String(HomeMenuItemSettings),5)">HomeMenuSettings</include>
		<include condition="StringCompare(Skin.String(HomeMenuItemPVR),5)">HomeMenuPVR</include>
		<include condition="StringCompare(Skin.String(HomeMenuItemRadio),5)">HomeMenuRadio</include>
		<include condition="StringCompare(Skin.String(HomeMenuItemNews),5)">HomeMenuNews</include>
		<include condition="IsEmpty(Skin.String(HomeMenuItemTVShows))">HomeMenuTVShows</include>
	</include>
	<include name="HomeMenuPosition6">
		<include condition="StringCompare(Skin.String(HomeMenuItemMusic),6)">HomeMenuMusic</include>
		<include condition="StringCompare(Skin.String(HomeMenuItemVideo),6)">HomeMenuVideo</include>
		<include condition="StringCompare(Skin.String(HomeMenuItemMovie),6)">HomeMenuMovie</include>
		<include condition="StringCompare(Skin.String(HomeMenuItemDashboard),6)">HomeMenuDashboard</include>
		<include condition="StringCompare(Skin.String(HomeMenuItemTVShows),6)">HomeMenuTVShows</include>
		<include condition="StringCompare(Skin.String(HomeMenuItemMusicvideos),6)">HomeMenuMusicvideos</include>
		<include condition="StringCompare(Skin.String(HomeMenuItemPictures),6)">HomeMenuPictures</include>
		<include condition="StringCompare(Skin.String(HomeMenuItemWeather),6)">HomeMenuWeather</include>
		<include condition="StringCompare(Skin.String(HomeMenuItemPlayDisc),6)">HomeMenuPlayDisc</include>
		<include condition="StringCompare(Skin.String(HomeMenuItem3D),6)">HomeMenu3D</include>
		<include condition="StringCompare(Skin.String(HomeMenuItemHD),6)">HomeMenuHD</include>
		<include condition="StringCompare(Skin.String(HomeMenuItemFullHD),6)">HomeMenuFullHD</include>
		<include condition="StringCompare(Skin.String(HomeMenuItemDoku),6)">HomeMenuDoku</include>
		<include condition="StringCompare(Skin.String(HomeMenuItemKids),6)">HomeMenuKids</include>
		<include condition="StringCompare(Skin.String(HomeMenuItemFav1),6)">HomeMenuFav1</include>
		<include condition="StringCompare(Skin.String(HomeMenuItemFav2),6)">HomeMenuFav2</include>
		<include condition="StringCompare(Skin.String(HomeMenuItemFav3),6)">HomeMenuFav3</include>
		<include condition="StringCompare(Skin.String(HomeMenuItemFav4),6)">HomeMenuFav4</include>
		<include condition="StringCompare(Skin.String(HomeMenuItemSettings),6)">HomeMenuSettings</include>
		<include condition="StringCompare(Skin.String(HomeMenuItemPVR),6)">HomeMenuPVR</include>
		<include condition="StringCompare(Skin.String(HomeMenuItemRadio),6)">HomeMenuRadio</include>
		<include condition="StringCompare(Skin.String(HomeMenuItemNews),6)">HomeMenuNews</include>
		<include condition="IsEmpty(Skin.String(HomeMenuItemMusicvideos))">HomeMenuMusicvideos</include>
	</include>
	<include name="HomeMenuPosition7">
		<include condition="StringCompare(Skin.String(HomeMenuItemMusic),7)">HomeMenuMusic</include>
		<include condition="StringCompare(Skin.String(HomeMenuItemVideo),7)">HomeMenuVideo</include>
		<include condition="StringCompare(Skin.String(HomeMenuItemMovie),7)">HomeMenuMovie</include>
		<include condition="StringCompare(Skin.String(HomeMenuItemDashboard),7)">HomeMenuDashboard</include>
		<include condition="StringCompare(Skin.String(HomeMenuItemTVShows),7)">HomeMenuTVShows</include>
		<include condition="StringCompare(Skin.String(HomeMenuItemMusicvideos),7)">HomeMenuMusicvideos</include>
		<include condition="StringCompare(Skin.String(HomeMenuItemPictures),7)">HomeMenuPictures</include>
		<include condition="StringCompare(Skin.String(HomeMenuItemWeather),7)">HomeMenuWeather</include>
		<include condition="StringCompare(Skin.String(HomeMenuItemPlayDisc),7)">HomeMenuPlayDisc</include>
		<include condition="StringCompare(Skin.String(HomeMenuItem3D),7)">HomeMenu3D</include>
		<include condition="StringCompare(Skin.String(HomeMenuItemHD),7)">HomeMenuHD</include>
		<include condition="StringCompare(Skin.String(HomeMenuItemFullHD),7)">HomeMenuFullHD</include>
		<include condition="StringCompare(Skin.String(HomeMenuItemDoku),7)">HomeMenuDoku</include>
		<include condition="StringCompare(Skin.String(HomeMenuItemKids),7)">HomeMenuKids</include>
		<include condition="StringCompare(Skin.String(HomeMenuItemFav1),7)">HomeMenuFav1</include>
		<include condition="StringCompare(Skin.String(HomeMenuItemFav2),7)">HomeMenuFav2</include>
		<include condition="StringCompare(Skin.String(HomeMenuItemFav3),7)">HomeMenuFav3</include>
		<include condition="StringCompare(Skin.String(HomeMenuItemFav4),7)">HomeMenuFav4</include>
		<include condition="StringCompare(Skin.String(HomeMenuItemSettings),7)">HomeMenuSettings</include>
		<include condition="StringCompare(Skin.String(HomeMenuItemPVR),7)">HomeMenuPVR</include>
		<include condition="StringCompare(Skin.String(HomeMenuItemRadio),7)">HomeMenuRadio</include>
		<include condition="StringCompare(Skin.String(HomeMenuItemNews),7)">HomeMenuNews</include>
		<include condition="IsEmpty(Skin.String(HomeMenuItemPictures))">HomeMenuPictures</include>
	</include>
	<include name="HomeMenuPosition8">
		<include condition="StringCompare(Skin.String(HomeMenuItemMusic),8)">HomeMenuMusic</include>
		<include condition="StringCompare(Skin.String(HomeMenuItemVideo),8)">HomeMenuVideo</include>
		<include condition="StringCompare(Skin.String(HomeMenuItemMovie),8)">HomeMenuMovie</include>
		<include condition="StringCompare(Skin.String(HomeMenuItemDashboard),8)">HomeMenuDashboard</include>
		<include condition="StringCompare(Skin.String(HomeMenuItemTVShows),8)">HomeMenuTVShows</include>
		<include condition="StringCompare(Skin.String(HomeMenuItemMusicvideos),8)">HomeMenuMusicvideos</include>
		<include condition="StringCompare(Skin.String(HomeMenuItemPictures),8)">HomeMenuPictures</include>
		<include condition="StringCompare(Skin.String(HomeMenuItemWeather),8)">HomeMenuWeather</include>
		<include condition="StringCompare(Skin.String(HomeMenuItemPlayDisc),8)">HomeMenuPlayDisc</include>
		<include condition="StringCompare(Skin.String(HomeMenuItem3D),8)">HomeMenu3D</include>
		<include condition="StringCompare(Skin.String(HomeMenuItemHD),8)">HomeMenuHD</include>
		<include condition="StringCompare(Skin.String(HomeMenuItemFullHD),8)">HomeMenuFullHD</include>
		<include condition="StringCompare(Skin.String(HomeMenuItemDoku),8)">HomeMenuDoku</include>
		<include condition="StringCompare(Skin.String(HomeMenuItemKids),8)">HomeMenuKids</include>
		<include condition="StringCompare(Skin.String(HomeMenuItemFav1),8)">HomeMenuFav1</include>
		<include condition="StringCompare(Skin.String(HomeMenuItemFav2),8)">HomeMenuFav2</include>
		<include condition="StringCompare(Skin.String(HomeMenuItemFav3),8)">HomeMenuFav3</include>
		<include condition="StringCompare(Skin.String(HomeMenuItemFav4),8)">HomeMenuFav4</include>
		<include condition="StringCompare(Skin.String(HomeMenuItemSettings),8)">HomeMenuSettings</include>
		<include condition="StringCompare(Skin.String(HomeMenuItemPVR),8)">HomeMenuPVR</include>
		<include condition="StringCompare(Skin.String(HomeMenuItemRadio),8)">HomeMenuRadio</include>
		<include condition="StringCompare(Skin.String(HomeMenuItemNews),8)">HomeMenuNews</include>
		<include condition="IsEmpty(Skin.String(HomeMenuItemWeather))">HomeMenuWeather</include>
	</include>
	<include name="HomeMenuPosition9">
		<include condition="StringCompare(Skin.String(HomeMenuItemMusic),9)">HomeMenuMusic</include>
		<include condition="StringCompare(Skin.String(HomeMenuItemVideo),9)">HomeMenuVideo</include>
		<include condition="StringCompare(Skin.String(HomeMenuItemMovie),9)">HomeMenuMovie</include>
		<include condition="StringCompare(Skin.String(HomeMenuItemDashboard),9)">HomeMenuDashboard</include>
		<include condition="StringCompare(Skin.String(HomeMenuItemTVShows),9)">HomeMenuTVShows</include>
		<include condition="StringCompare(Skin.String(HomeMenuItemMusicvideos),9)">HomeMenuMusicvideos</include>
		<include condition="StringCompare(Skin.String(HomeMenuItemPictures),9)">HomeMenuPictures</include>
		<include condition="StringCompare(Skin.String(HomeMenuItemWeather),9)">HomeMenuWeather</include>
		<include condition="StringCompare(Skin.String(HomeMenuItemPlayDisc),9)">HomeMenuPlayDisc</include>
		<include condition="StringCompare(Skin.String(HomeMenuItem3D),9)">HomeMenu3D</include>
		<include condition="StringCompare(Skin.String(HomeMenuItemHD),9)">HomeMenuHD</include>
		<include condition="StringCompare(Skin.String(HomeMenuItemFullHD),9)">HomeMenuFullHD</include>
		<include condition="StringCompare(Skin.String(HomeMenuItemDoku),9)">HomeMenuDoku</include>
		<include condition="StringCompare(Skin.String(HomeMenuItemKids),9)">HomeMenuKids</include>
		<include condition="StringCompare(Skin.String(HomeMenuItemFav1),9)">HomeMenuFav1</include>
		<include condition="StringCompare(Skin.String(HomeMenuItemFav2),9)">HomeMenuFav2</include>
		<include condition="StringCompare(Skin.String(HomeMenuItemFav3),9)">HomeMenuFav3</include>
		<include condition="StringCompare(Skin.String(HomeMenuItemFav4),9)">HomeMenuFav4</include>
		<include condition="StringCompare(Skin.String(HomeMenuItemSettings),9)">HomeMenuSettings</include>
		<include condition="StringCompare(Skin.String(HomeMenuItemPVR),9)">HomeMenuPVR</include>
		<include condition="StringCompare(Skin.String(HomeMenuItemRadio),9)">HomeMenuRadio</include>
		<include condition="StringCompare(Skin.String(HomeMenuItemNews),9)">HomeMenuNews</include>
		<include condition="IsEmpty(Skin.String(HomeMenuItemPlayDisc))">HomeMenuPlayDisc</include>
	</include>
	<include name="HomeMenuPosition10">
		<include condition="StringCompare(Skin.String(HomeMenuItemMusic),10)">HomeMenuMusic</include>
		<include condition="StringCompare(Skin.String(HomeMenuItemVideo),10)">HomeMenuVideo</include>
		<include condition="StringCompare(Skin.String(HomeMenuItemMovie),10)">HomeMenuMovie</include>
		<include condition="StringCompare(Skin.String(HomeMenuItemDashboard),10)">HomeMenuDashboard</include>
		<include condition="StringCompare(Skin.String(HomeMenuItemTVShows),10)">HomeMenuTVShows</include>
		<include condition="StringCompare(Skin.String(HomeMenuItemMusicvideos),10)">HomeMenuMusicvideos</include>
		<include condition="StringCompare(Skin.String(HomeMenuItemPictures),10)">HomeMenuPictures</include>
		<include condition="StringCompare(Skin.String(HomeMenuItemWeather),10)">HomeMenuWeather</include>
		<include condition="StringCompare(Skin.String(HomeMenuItemPlayDisc),10)">HomeMenuPlayDisc</include>
		<include condition="StringCompare(Skin.String(HomeMenuItem3D),10)">HomeMenu3D</include>
		<include condition="StringCompare(Skin.String(HomeMenuItemHD),10)">HomeMenuHD</include>
		<include condition="StringCompare(Skin.String(HomeMenuItemFullHD),10)">HomeMenuFullHD</include>
		<include condition="StringCompare(Skin.String(HomeMenuItemDoku),10)">HomeMenuDoku</include>
		<include condition="StringCompare(Skin.String(HomeMenuItemKids),10)">HomeMenuKids</include>
		<include condition="StringCompare(Skin.String(HomeMenuItemFav1),10)">HomeMenuFav1</include>
		<include condition="StringCompare(Skin.String(HomeMenuItemFav2),10)">HomeMenuFav2</include>
		<include condition="StringCompare(Skin.String(HomeMenuItemFav3),10)">HomeMenuFav3</include>
		<include condition="StringCompare(Skin.String(HomeMenuItemFav4),10)">HomeMenuFav4</include>
		<include condition="StringCompare(Skin.String(HomeMenuItemSettings),10)">HomeMenuSettings</include>
		<include condition="StringCompare(Skin.String(HomeMenuItemPVR),10)">HomeMenuPVR</include>
		<include condition="StringCompare(Skin.String(HomeMenuItemRadio),10)">HomeMenuRadio</include>
		<include condition="StringCompare(Skin.String(HomeMenuItemNews),10)">HomeMenuNews</include>
		<include condition="IsEmpty(Skin.String(HomeMenuItem3D))">HomeMenu3D</include>
	</include>
	<include name="HomeMenuPosition11">
		<include condition="StringCompare(Skin.String(HomeMenuItemMusic),11)">HomeMenuMusic</include>
		<include condition="StringCompare(Skin.String(HomeMenuItemVideo),11)">HomeMenuVideo</include>
		<include condition="StringCompare(Skin.String(HomeMenuItemMovie),11)">HomeMenuMovie</include>
		<include condition="StringCompare(Skin.String(HomeMenuItemDashboard),11)">HomeMenuDashboard</include>
		<include condition="StringCompare(Skin.String(HomeMenuItemTVShows),11)">HomeMenuTVShows</include>
		<include condition="StringCompare(Skin.String(HomeMenuItemMusicvideos),11)">HomeMenuMusicvideos</include>
		<include condition="StringCompare(Skin.String(HomeMenuItemPictures),11)">HomeMenuPictures</include>
		<include condition="StringCompare(Skin.String(HomeMenuItemWeather),11)">HomeMenuWeather</include>
		<include condition="StringCompare(Skin.String(HomeMenuItemPlayDisc),11)">HomeMenuPlayDisc</include>
		<include condition="StringCompare(Skin.String(HomeMenuItem3D),11)">HomeMenu3D</include>
		<include condition="StringCompare(Skin.String(HomeMenuItemHD),11)">HomeMenuHD</include>
		<include condition="StringCompare(Skin.String(HomeMenuItemFullHD),11)">HomeMenuFullHD</include>
		<include condition="StringCompare(Skin.String(HomeMenuItemDoku),11)">HomeMenuDoku</include>
		<include condition="StringCompare(Skin.String(HomeMenuItemKids),11)">HomeMenuKids</include>
		<include condition="StringCompare(Skin.String(HomeMenuItemFav1),11)">HomeMenuFav1</include>
		<include condition="StringCompare(Skin.String(HomeMenuItemFav2),11)">HomeMenuFav2</include>
		<include condition="StringCompare(Skin.String(HomeMenuItemFav3),11)">HomeMenuFav3</include>
		<include condition="StringCompare(Skin.String(HomeMenuItemFav4),11)">HomeMenuFav4</include>
		<include condition="StringCompare(Skin.String(HomeMenuItemSettings),11)">HomeMenuSettings</include>
		<include condition="StringCompare(Skin.String(HomeMenuItemPVR),11)">HomeMenuPVR</include>
		<include condition="StringCompare(Skin.String(HomeMenuItemRadio),11)">HomeMenuRadio</include>
		<include condition="StringCompare(Skin.String(HomeMenuItemNews),11)">HomeMenuNews</include>
		<include condition="IsEmpty(Skin.String(HomeMenuItemHD))">HomeMenuHD</include>
	</include>
	<include name="HomeMenuPosition12">
		<include condition="StringCompare(Skin.String(HomeMenuItemMusic),12)">HomeMenuMusic</include>
		<include condition="StringCompare(Skin.String(HomeMenuItemVideo),12)">HomeMenuVideo</include>
		<include condition="StringCompare(Skin.String(HomeMenuItemMovie),12)">HomeMenuMovie</include>
		<include condition="StringCompare(Skin.String(HomeMenuItemDashboard),12)">HomeMenuDashboard</include>
		<include condition="StringCompare(Skin.String(HomeMenuItemTVShows),12)">HomeMenuTVShows</include>
		<include condition="StringCompare(Skin.String(HomeMenuItemMusicvideos),12)">HomeMenuMusicvideos</include>
		<include condition="StringCompare(Skin.String(HomeMenuItemPictures),12)">HomeMenuPictures</include>
		<include condition="StringCompare(Skin.String(HomeMenuItemWeather),12)">HomeMenuWeather</include>
		<include condition="StringCompare(Skin.String(HomeMenuItemPlayDisc),12)">HomeMenuPlayDisc</include>
		<include condition="StringCompare(Skin.String(HomeMenuItem3D),12)">HomeMenu3D</include>
		<include condition="StringCompare(Skin.String(HomeMenuItemHD),12)">HomeMenuHD</include>
		<include condition="StringCompare(Skin.String(HomeMenuItemFullHD),12)">HomeMenuFullHD</include>
		<include condition="StringCompare(Skin.String(HomeMenuItemDoku),12)">HomeMenuDoku</include>
		<include condition="StringCompare(Skin.String(HomeMenuItemKids),12)">HomeMenuKids</include>
		<include condition="StringCompare(Skin.String(HomeMenuItemFav1),12)">HomeMenuFav1</include>
		<include condition="StringCompare(Skin.String(HomeMenuItemFav2),12)">HomeMenuFav2</include>
		<include condition="StringCompare(Skin.String(HomeMenuItemFav3),12)">HomeMenuFav3</include>
		<include condition="StringCompare(Skin.String(HomeMenuItemFav4),12)">HomeMenuFav4</include>
		<include condition="StringCompare(Skin.String(HomeMenuItemSettings),12)">HomeMenuSettings</include>
		<include condition="StringCompare(Skin.String(HomeMenuItemPVR),12)">HomeMenuPVR</include>
		<include condition="StringCompare(Skin.String(HomeMenuItemRadio),12)">HomeMenuRadio</include>
		<include condition="StringCompare(Skin.String(HomeMenuItemNews),12)">HomeMenuNews</include>
		<include condition="IsEmpty(Skin.String(HomeMenuItemFullHD))">HomeMenuFullHD</include>
	</include>
	<include name="HomeMenuPosition13">
		<include condition="StringCompare(Skin.String(HomeMenuItemMusic),13)">HomeMenuMusic</include>
		<include condition="StringCompare(Skin.String(HomeMenuItemVideo),13)">HomeMenuVideo</include>
		<include condition="StringCompare(Skin.String(HomeMenuItemMovie),13)">HomeMenuMovie</include>
		<include condition="StringCompare(Skin.String(HomeMenuItemDashboard),13)">HomeMenuDashboard</include>
		<include condition="StringCompare(Skin.String(HomeMenuItemTVShows),13)">HomeMenuTVShows</include>
		<include condition="StringCompare(Skin.String(HomeMenuItemMusicvideos),13)">HomeMenuMusicvideos</include>
		<include condition="StringCompare(Skin.String(HomeMenuItemPictures),13)">HomeMenuPictures</include>
		<include condition="StringCompare(Skin.String(HomeMenuItemWeather),13)">HomeMenuWeather</include>
		<include condition="StringCompare(Skin.String(HomeMenuItemPlayDisc),13)">HomeMenuPlayDisc</include>
		<include condition="StringCompare(Skin.String(HomeMenuItem3D),13)">HomeMenu3D</include>
		<include condition="StringCompare(Skin.String(HomeMenuItemHD),13)">HomeMenuHD</include>
		<include condition="StringCompare(Skin.String(HomeMenuItemFullHD),13)">HomeMenuFullHD</include>
		<include condition="StringCompare(Skin.String(HomeMenuItemDoku),13)">HomeMenuDoku</include>
		<include condition="StringCompare(Skin.String(HomeMenuItemKids),13)">HomeMenuKids</include>
		<include condition="StringCompare(Skin.String(HomeMenuItemFav1),13)">HomeMenuFav1</include>
		<include condition="StringCompare(Skin.String(HomeMenuItemFav2),13)">HomeMenuFav2</include>
		<include condition="StringCompare(Skin.String(HomeMenuItemFav3),13)">HomeMenuFav3</include>
		<include condition="StringCompare(Skin.String(HomeMenuItemFav4),13)">HomeMenuFav4</include>
		<include condition="StringCompare(Skin.String(HomeMenuItemSettings),13)">HomeMenuSettings</include>
		<include condition="StringCompare(Skin.String(HomeMenuItemPVR),13)">HomeMenuPVR</include>
		<include condition="StringCompare(Skin.String(HomeMenuItemRadio),13)">HomeMenuRadio</include>
		<include condition="StringCompare(Skin.String(HomeMenuItemNews),13)">HomeMenuNews</include>
		<include condition="IsEmpty(Skin.String(HomeMenuItemDoku))">HomeMenuDoku</include>
	</include>
	<include name="HomeMenuPosition14">
		<include condition="StringCompare(Skin.String(HomeMenuItemMusic),14)">HomeMenuMusic</include>
		<include condition="StringCompare(Skin.String(HomeMenuItemVideo),14)">HomeMenuVideo</include>
		<include condition="StringCompare(Skin.String(HomeMenuItemMovie),14)">HomeMenuMovie</include>
		<include condition="StringCompare(Skin.String(HomeMenuItemDashboard),14)">HomeMenuDashboard</include>
		<include condition="StringCompare(Skin.String(HomeMenuItemTVShows),14)">HomeMenuTVShows</include>
		<include condition="StringCompare(Skin.String(HomeMenuItemMusicvideos),14)">HomeMenuMusicvideos</include>
		<include condition="StringCompare(Skin.String(HomeMenuItemPictures),14)">HomeMenuPictures</include>
		<include condition="StringCompare(Skin.String(HomeMenuItemWeather),14)">HomeMenuWeather</include>
		<include condition="StringCompare(Skin.String(HomeMenuItemPlayDisc),14)">HomeMenuPlayDisc</include>
		<include condition="StringCompare(Skin.String(HomeMenuItem3D),14)">HomeMenu3D</include>
		<include condition="StringCompare(Skin.String(HomeMenuItemHD),14)">HomeMenuHD</include>
		<include condition="StringCompare(Skin.String(HomeMenuItemFullHD),14)">HomeMenuFullHD</include>
		<include condition="StringCompare(Skin.String(HomeMenuItemDoku),14)">HomeMenuDoku</include>
		<include condition="StringCompare(Skin.String(HomeMenuItemKids),14)">HomeMenuKids</include>
		<include condition="StringCompare(Skin.String(HomeMenuItemFav1),14)">HomeMenuFav1</include>
		<include condition="StringCompare(Skin.String(HomeMenuItemFav2),14)">HomeMenuFav2</include>
		<include condition="StringCompare(Skin.String(HomeMenuItemFav3),14)">HomeMenuFav3</include>
		<include condition="StringCompare(Skin.String(HomeMenuItemFav4),14)">HomeMenuFav4</include>
		<include condition="StringCompare(Skin.String(HomeMenuItemSettings),14)">HomeMenuSettings</include>
		<include condition="StringCompare(Skin.String(HomeMenuItemPVR),14)">HomeMenuPVR</include>
		<include condition="StringCompare(Skin.String(HomeMenuItemRadio),14)">HomeMenuRadio</include>
		<include condition="StringCompare(Skin.String(HomeMenuItemNews),14)">HomeMenuNews</include>
		<include condition="IsEmpty(Skin.String(HomeMenuItemKids))">HomeMenuKids</include>
	</include>
	<include name="HomeMenuPosition15">
		<include condition="StringCompare(Skin.String(HomeMenuItemMusic),15)">HomeMenuMusic</include>
		<include condition="StringCompare(Skin.String(HomeMenuItemVideo),15)">HomeMenuVideo</include>
		<include condition="StringCompare(Skin.String(HomeMenuItemMovie),15)">HomeMenuMovie</include>
		<include condition="StringCompare(Skin.String(HomeMenuItemDashboard),15)">HomeMenuDashboard</include>
		<include condition="StringCompare(Skin.String(HomeMenuItemTVShows),15)">HomeMenuTVShows</include>
		<include condition="StringCompare(Skin.String(HomeMenuItemMusicvideos),15)">HomeMenuMusicvideos</include>
		<include condition="StringCompare(Skin.String(HomeMenuItemPictures),15)">HomeMenuPictures</include>
		<include condition="StringCompare(Skin.String(HomeMenuItemWeather),15)">HomeMenuWeather</include>
		<include condition="StringCompare(Skin.String(HomeMenuItemPlayDisc),15)">HomeMenuPlayDisc</include>
		<include condition="StringCompare(Skin.String(HomeMenuItem3D),15)">HomeMenu3D</include>
		<include condition="StringCompare(Skin.String(HomeMenuItemHD),15)">HomeMenuHD</include>
		<include condition="StringCompare(Skin.String(HomeMenuItemFullHD),15)">HomeMenuFullHD</include>
		<include condition="StringCompare(Skin.String(HomeMenuItemDoku),15)">HomeMenuDoku</include>
		<include condition="StringCompare(Skin.String(HomeMenuItemKids),15)">HomeMenuKids</include>
		<include condition="StringCompare(Skin.String(HomeMenuItemFav1),15)">HomeMenuFav1</include>
		<include condition="StringCompare(Skin.String(HomeMenuItemFav2),15)">HomeMenuFav2</include>
		<include condition="StringCompare(Skin.String(HomeMenuItemFav3),15)">HomeMenuFav3</include>
		<include condition="StringCompare(Skin.String(HomeMenuItemFav4),15)">HomeMenuFav4</include>
		<include condition="StringCompare(Skin.String(HomeMenuItemSettings),15)">HomeMenuSettings</include>
		<include condition="StringCompare(Skin.String(HomeMenuItemPVR),15)">HomeMenuPVR</include>
		<include condition="StringCompare(Skin.String(HomeMenuItemRadio),15)">HomeMenuRadio</include>
		<include condition="StringCompare(Skin.String(HomeMenuItemNews),15)">HomeMenuNews</include>
		<include condition="IsEmpty(Skin.String(HomeMenuItemFav1))">HomeMenuFav1</include>
	</include>
	<include name="HomeMenuPosition16">
		<include condition="StringCompare(Skin.String(HomeMenuItemMusic),16)">HomeMenuMusic</include>
		<include condition="StringCompare(Skin.String(HomeMenuItemVideo),16)">HomeMenuVideo</include>
		<include condition="StringCompare(Skin.String(HomeMenuItemMovie),16)">HomeMenuMovie</include>
		<include condition="StringCompare(Skin.String(HomeMenuItemDashboard),16)">HomeMenuDashboard</include>
		<include condition="StringCompare(Skin.String(HomeMenuItemTVShows),16)">HomeMenuTVShows</include>
		<include condition="StringCompare(Skin.String(HomeMenuItemMusicvideos),16)">HomeMenuMusicvideos</include>
		<include condition="StringCompare(Skin.String(HomeMenuItemPictures),16)">HomeMenuPictures</include>
		<include condition="StringCompare(Skin.String(HomeMenuItemWeather),16)">HomeMenuWeather</include>
		<include condition="StringCompare(Skin.String(HomeMenuItemPlayDisc),16)">HomeMenuPlayDisc</include>
		<include condition="StringCompare(Skin.String(HomeMenuItem3D),16)">HomeMenu3D</include>
		<include condition="StringCompare(Skin.String(HomeMenuItemHD),16)">HomeMenuHD</include>
		<include condition="StringCompare(Skin.String(HomeMenuItemFullHD),16)">HomeMenuFullHD</include>
		<include condition="StringCompare(Skin.String(HomeMenuItemDoku),16)">HomeMenuDoku</include>
		<include condition="StringCompare(Skin.String(HomeMenuItemKids),16)">HomeMenuKids</include>
		<include condition="StringCompare(Skin.String(HomeMenuItemFav1),16)">HomeMenuFav1</include>
		<include condition="StringCompare(Skin.String(HomeMenuItemFav2),16)">HomeMenuFav2</include>
		<include condition="StringCompare(Skin.String(HomeMenuItemFav3),16)">HomeMenuFav3</include>
		<include condition="StringCompare(Skin.String(HomeMenuItemFav4),16)">HomeMenuFav4</include>
		<include condition="StringCompare(Skin.String(HomeMenuItemSettings),16)">HomeMenuSettings</include>
		<include condition="StringCompare(Skin.String(HomeMenuItemPVR),16)">HomeMenuPVR</include>
		<include condition="StringCompare(Skin.String(HomeMenuItemRadio),16)">HomeMenuRadio</include>
		<include condition="StringCompare(Skin.String(HomeMenuItemNews),16)">HomeMenuNews</include>
		<include condition="IsEmpty(Skin.String(HomeMenuItemFav2))">HomeMenuFav2</include>
	</include>
	<include name="HomeMenuPosition17">
		<include condition="StringCompare(Skin.String(HomeMenuItemMusic),17)">HomeMenuMusic</include>
		<include condition="StringCompare(Skin.String(HomeMenuItemVideo),17)">HomeMenuVideo</include>
		<include condition="StringCompare(Skin.String(HomeMenuItemMovie),17)">HomeMenuMovie</include>
		<include condition="StringCompare(Skin.String(HomeMenuItemDashboard),17)">HomeMenuDashboard</include>
		<include condition="StringCompare(Skin.String(HomeMenuItemTVShows),17)">HomeMenuTVShows</include>
		<include condition="StringCompare(Skin.String(HomeMenuItemMusicvideos),17)">HomeMenuMusicvideos</include>
		<include condition="StringCompare(Skin.String(HomeMenuItemPictures),17)">HomeMenuPictures</include>
		<include condition="StringCompare(Skin.String(HomeMenuItemWeather),17)">HomeMenuWeather</include>
		<include condition="StringCompare(Skin.String(HomeMenuItemPlayDisc),17)">HomeMenuPlayDisc</include>
		<include condition="StringCompare(Skin.String(HomeMenuItem3D),17)">HomeMenu3D</include>
		<include condition="StringCompare(Skin.String(HomeMenuItemHD),17)">HomeMenuHD</include>
		<include condition="StringCompare(Skin.String(HomeMenuItemFullHD),17)">HomeMenuFullHD</include>
		<include condition="StringCompare(Skin.String(HomeMenuItemDoku),17)">HomeMenuDoku</include>
		<include condition="StringCompare(Skin.String(HomeMenuItemKids),17)">HomeMenuKids</include>
		<include condition="StringCompare(Skin.String(HomeMenuItemFav1),17)">HomeMenuFav1</include>
		<include condition="StringCompare(Skin.String(HomeMenuItemFav2),17)">HomeMenuFav2</include>
		<include condition="StringCompare(Skin.String(HomeMenuItemFav3),17)">HomeMenuFav3</include>
		<include condition="StringCompare(Skin.String(HomeMenuItemFav4),17)">HomeMenuFav4</include>
		<include condition="StringCompare(Skin.String(HomeMenuItemSettings),17)">HomeMenuSettings</include>
		<include condition="StringCompare(Skin.String(HomeMenuItemPVR),17)">HomeMenuPVR</include>
		<include condition="StringCompare(Skin.String(HomeMenuItemRadio),17)">HomeMenuRadio</include>
		<include condition="StringCompare(Skin.String(HomeMenuItemNews),17)">HomeMenuNews</include>
		<include condition="IsEmpty(Skin.String(HomeMenuItemFav3))">HomeMenuFav3</include>
	</include>
	<include name="HomeMenuPosition18">
		<include condition="StringCompare(Skin.String(HomeMenuItemMusic),18)">HomeMenuMusic</include>
		<include condition="StringCompare(Skin.String(HomeMenuItemVideo),18)">HomeMenuVideo</include>
		<include condition="StringCompare(Skin.String(HomeMenuItemMovie),18)">HomeMenuMovie</include>
		<include condition="StringCompare(Skin.String(HomeMenuItemDashboard),18)">HomeMenuDashboard</include>
		<include condition="StringCompare(Skin.String(HomeMenuItemTVShows),18)">HomeMenuTVShows</include>
		<include condition="StringCompare(Skin.String(HomeMenuItemMusicvideos),18)">HomeMenuMusicvideos</include>
		<include condition="StringCompare(Skin.String(HomeMenuItemPictures),18)">HomeMenuPictures</include>
		<include condition="StringCompare(Skin.String(HomeMenuItemWeather),18)">HomeMenuWeather</include>
		<include condition="StringCompare(Skin.String(HomeMenuItemPlayDisc),18)">HomeMenuPlayDisc</include>
		<include condition="StringCompare(Skin.String(HomeMenuItem3D),18)">HomeMenu3D</include>
		<include condition="StringCompare(Skin.String(HomeMenuItemHD),18)">HomeMenuHD</include>
		<include condition="StringCompare(Skin.String(HomeMenuItemFullHD),18)">HomeMenuFullHD</include>
		<include condition="StringCompare(Skin.String(HomeMenuItemDoku),18)">HomeMenuDoku</include>
		<include condition="StringCompare(Skin.String(HomeMenuItemKids),18)">HomeMenuKids</include>
		<include condition="StringCompare(Skin.String(HomeMenuItemFav1),18)">HomeMenuFav1</include>
		<include condition="StringCompare(Skin.String(HomeMenuItemFav2),18)">HomeMenuFav2</include>
		<include condition="StringCompare(Skin.String(HomeMenuItemFav3),18)">HomeMenuFav3</include>
		<include condition="StringCompare(Skin.String(HomeMenuItemFav4),18)">HomeMenuFav4</include>
		<include condition="StringCompare(Skin.String(HomeMenuItemSettings),18)">HomeMenuSettings</include>
		<include condition="StringCompare(Skin.String(HomeMenuItemPVR),18)">HomeMenuPVR</include>
		<include condition="StringCompare(Skin.String(HomeMenuItemNews),18)">HomeMenuNews</include>
		<include condition="IsEmpty(Skin.String(HomeMenuItemFav4))">HomeMenuFav4</include>
	</include>
	<include name="HomeMenuPosition19">
		<include condition="StringCompare(Skin.String(HomeMenuItemMusic),19)">HomeMenuMusic</include>
		<include condition="StringCompare(Skin.String(HomeMenuItemVideo),19)">HomeMenuVideo</include>
		<include condition="StringCompare(Skin.String(HomeMenuItemMovie),19)">HomeMenuMovie</include>
		<include condition="StringCompare(Skin.String(HomeMenuItemDashboard),19)">HomeMenuDashboard</include>
		<include condition="StringCompare(Skin.String(HomeMenuItemTVShows),19)">HomeMenuTVShows</include>
		<include condition="StringCompare(Skin.String(HomeMenuItemMusicvideos),19)">HomeMenuMusicvideos</include>
		<include condition="StringCompare(Skin.String(HomeMenuItemPictures),19)">HomeMenuPictures</include>
		<include condition="StringCompare(Skin.String(HomeMenuItemWeather),19)">HomeMenuWeather</include>
		<include condition="StringCompare(Skin.String(HomeMenuItemPlayDisc),19)">HomeMenuPlayDisc</include>
		<include condition="StringCompare(Skin.String(HomeMenuItem3D),19)">HomeMenu3D</include>
		<include condition="StringCompare(Skin.String(HomeMenuItemHD),19)">HomeMenuHD</include>
		<include condition="StringCompare(Skin.String(HomeMenuItemFullHD),19)">HomeMenuFullHD</include>
		<include condition="StringCompare(Skin.String(HomeMenuItemDoku),19)">HomeMenuDoku</include>
		<include condition="StringCompare(Skin.String(HomeMenuItemKids),19)">HomeMenuKids</include>
		<include condition="StringCompare(Skin.String(HomeMenuItemFav1),19)">HomeMenuFav1</include>
		<include condition="StringCompare(Skin.String(HomeMenuItemFav2),19)">HomeMenuFav2</include>
		<include condition="StringCompare(Skin.String(HomeMenuItemFav3),19)">HomeMenuFav3</include>
		<include condition="StringCompare(Skin.String(HomeMenuItemFav4),19)">HomeMenuFav4</include>
		<include condition="StringCompare(Skin.String(HomeMenuItemSettings),19)">HomeMenuSettings</include>
		<include condition="StringCompare(Skin.String(HomeMenuItemPVR),19)">HomeMenuPVR</include>
		<include condition="StringCompare(Skin.String(HomeMenuItemRadio),19)">HomeMenuRadio</include>
		<include condition="StringCompare(Skin.String(HomeMenuItemNews),19)">HomeMenuNews</include>
		<include condition="IsEmpty(Skin.String(HomeMenuItemSettings))">HomeMenuSettings</include>
	</include>
	<include name="HomeMenuPosition20">
		<include condition="StringCompare(Skin.String(HomeMenuItemMusic),20)">HomeMenuMusic</include>
		<include condition="StringCompare(Skin.String(HomeMenuItemVideo),20)">HomeMenuVideo</include>
		<include condition="StringCompare(Skin.String(HomeMenuItemMovie),20)">HomeMenuMovie</include>
		<include condition="StringCompare(Skin.String(HomeMenuItemDashboard),20)">HomeMenuDashboard</include>
		<include condition="StringCompare(Skin.String(HomeMenuItemTVShows),20)">HomeMenuTVShows</include>
		<include condition="StringCompare(Skin.String(HomeMenuItemMusicvideos),20)">HomeMenuMusicvideos</include>
		<include condition="StringCompare(Skin.String(HomeMenuItemPictures),20)">HomeMenuPictures</include>
		<include condition="StringCompare(Skin.String(HomeMenuItemWeather),20)">HomeMenuWeather</include>
		<include condition="StringCompare(Skin.String(HomeMenuItemPlayDisc),20)">HomeMenuPlayDisc</include>
		<include condition="StringCompare(Skin.String(HomeMenuItem3D),20)">HomeMenu3D</include>
		<include condition="StringCompare(Skin.String(HomeMenuItemHD),20)">HomeMenuHD</include>
		<include condition="StringCompare(Skin.String(HomeMenuItemFullHD),20)">HomeMenuFullHD</include>
		<include condition="StringCompare(Skin.String(HomeMenuItemDoku),20)">HomeMenuDoku</include>
		<include condition="StringCompare(Skin.String(HomeMenuItemKids),20)">HomeMenuKids</include>
		<include condition="StringCompare(Skin.String(HomeMenuItemFav1),20)">HomeMenuFav1</include>
		<include condition="StringCompare(Skin.String(HomeMenuItemFav2),20)">HomeMenuFav2</include>
		<include condition="StringCompare(Skin.String(HomeMenuItemFav3),20)">HomeMenuFav3</include>
		<include condition="StringCompare(Skin.String(HomeMenuItemFav4),20)">HomeMenuFav4</include>
		<include condition="StringCompare(Skin.String(HomeMenuItemSettings),20)">HomeMenuSettings</include>
		<include condition="StringCompare(Skin.String(HomeMenuItemPVR),20)">HomeMenuPVR</include>
		<include condition="StringCompare(Skin.String(HomeMenuItemRadio),20)">HomeMenuRadio</include>
		<include condition="StringCompare(Skin.String(HomeMenuItemNews),20)">HomeMenuNews</include>
		<include condition="IsEmpty(Skin.String(HomeMenuItemPVR))">HomeMenuPVR</include>
	</include>
	<include name="HomeMenuPosition21">
		<include condition="StringCompare(Skin.String(HomeMenuItemMusic),21)">HomeMenuMusic</include>
		<include condition="StringCompare(Skin.String(HomeMenuItemVideo),21)">HomeMenuVideo</include>
		<include condition="StringCompare(Skin.String(HomeMenuItemMovie),21)">HomeMenuMovie</include>
		<include condition="StringCompare(Skin.String(HomeMenuItemDashboard),21)">HomeMenuDashboard</include>
		<include condition="StringCompare(Skin.String(HomeMenuItemTVShows),21)">HomeMenuTVShows</include>
		<include condition="StringCompare(Skin.String(HomeMenuItemMusicvideos),21)">HomeMenuMusicvideos</include>
		<include condition="StringCompare(Skin.String(HomeMenuItemPictures),21)">HomeMenuPictures</include>
		<include condition="StringCompare(Skin.String(HomeMenuItemWeather),21)">HomeMenuWeather</include>
		<include condition="StringCompare(Skin.String(HomeMenuItemPlayDisc),21)">HomeMenuPlayDisc</include>
		<include condition="StringCompare(Skin.String(HomeMenuItem3D),21)">HomeMenu3D</include>
		<include condition="StringCompare(Skin.String(HomeMenuItemHD),21)">HomeMenuHD</include>
		<include condition="StringCompare(Skin.String(HomeMenuItemFullHD),21)">HomeMenuFullHD</include>
		<include condition="StringCompare(Skin.String(HomeMenuItemDoku),21)">HomeMenuDoku</include>
		<include condition="StringCompare(Skin.String(HomeMenuItemKids),21)">HomeMenuKids</include>
		<include condition="StringCompare(Skin.String(HomeMenuItemFav1),21)">HomeMenuFav1</include>
		<include condition="StringCompare(Skin.String(HomeMenuItemFav2),21)">HomeMenuFav2</include>
		<include condition="StringCompare(Skin.String(HomeMenuItemFav3),21)">HomeMenuFav3</include>
		<include condition="StringCompare(Skin.String(HomeMenuItemFav4),21)">HomeMenuFav4</include>
		<include condition="StringCompare(Skin.String(HomeMenuItemSettings),21)">HomeMenuSettings</include>
		<include condition="StringCompare(Skin.String(HomeMenuItemPVR),21)">HomeMenuPVR</include>
		<include condition="StringCompare(Skin.String(HomeMenuItemNews),21)">HomeMenuNews</include>
		<include condition="StringCompare(Skin.String(HomeMenuItemRadio),21)">HomeMenuRadio</include>
		<include condition="IsEmpty(Skin.String(HomeMenuItemRadio))">HomeMenuRadio</include>
	</include>
	<include name="HomeMenuPosition22">
		<include condition="StringCompare(Skin.String(HomeMenuItemMusic),22)">HomeMenuMusic</include>
		<include condition="StringCompare(Skin.String(HomeMenuItemVideo),22)">HomeMenuVideo</include>
		<include condition="StringCompare(Skin.String(HomeMenuItemMovie),22)">HomeMenuMovie</include>
		<include condition="StringCompare(Skin.String(HomeMenuItemDashboard),22)">HomeMenuDashboard</include>
		<include condition="StringCompare(Skin.String(HomeMenuItemTVShows),22)">HomeMenuTVShows</include>
		<include condition="StringCompare(Skin.String(HomeMenuItemMusicvideos),22)">HomeMenuMusicvideos</include>
		<include condition="StringCompare(Skin.String(HomeMenuItemPictures),22)">HomeMenuPictures</include>
		<include condition="StringCompare(Skin.String(HomeMenuItemWeather),22)">HomeMenuWeather</include>
		<include condition="StringCompare(Skin.String(HomeMenuItemPlayDisc),22)">HomeMenuPlayDisc</include>
		<include condition="StringCompare(Skin.String(HomeMenuItem3D),22)">HomeMenu3D</include>
		<include condition="StringCompare(Skin.String(HomeMenuItemHD),22)">HomeMenuHD</include>
		<include condition="StringCompare(Skin.String(HomeMenuItemFullHD),22)">HomeMenuFullHD</include>
		<include condition="StringCompare(Skin.String(HomeMenuItemDoku),22)">HomeMenuDoku</include>
		<include condition="StringCompare(Skin.String(HomeMenuItemKids),22)">HomeMenuKids</include>
		<include condition="StringCompare(Skin.String(HomeMenuItemFav1),22)">HomeMenuFav1</include>
		<include condition="StringCompare(Skin.String(HomeMenuItemFav2),22)">HomeMenuFav2</include>
		<include condition="StringCompare(Skin.String(HomeMenuItemFav3),22)">HomeMenuFav3</include>
		<include condition="StringCompare(Skin.String(HomeMenuItemFav4),22)">HomeMenuFav4</include>
		<include condition="StringCompare(Skin.String(HomeMenuItemSettings),22)">HomeMenuSettings</include>
		<include condition="StringCompare(Skin.String(HomeMenuItemPVR),22)">HomeMenuPVR</include>
		<include condition="StringCompare(Skin.String(HomeMenuItemRadio),22)">HomeMenuRadio</include>
		<include condition="StringCompare(Skin.String(HomeMenuItemNews),22)">HomeMenuNews</include>
		<include condition="IsEmpty(Skin.String(HomeMenuItemNews))">HomeMenuNews</include>
	</include>
	<include name="HomeMenuContent">
		<include>HomeMenuPosition1</include>
		<include>HomeMenuPosition2</include>
		<include>HomeMenuPosition3</include>
		<include>HomeMenuPosition4</include>
		<include>HomeMenuPosition5</include>
		<include>HomeMenuPosition6</include>
		<include>HomeMenuPosition7</include>
		<include>HomeMenuPosition8</include>
		<include>HomeMenuPosition9</include>
		<include>HomeMenuPosition10</include>
		<include>HomeMenuPosition11</include>
		<include>HomeMenuPosition12</include>
		<include>HomeMenuPosition13</include>
		<include>HomeMenuPosition14</include>
		<include>HomeMenuPosition15</include>
		<include>HomeMenuPosition16</include>
		<include>HomeMenuPosition17</include>
		<include>HomeMenuPosition18</include>
		<include>HomeMenuPosition19</include>
		<include>HomeMenuPosition20</include>
		<include>HomeMenuPosition21</include>
		<include>HomeMenuPosition22</include>
	</include>
	<include name="HomeMenuMusic">
		<item id="2">
			<description>Music Library</description>
			<label>2</label>
			<label2>$VAR[backgroundfolder]home_music$VAR[bkg_fileext]</label2>
			<icon>$INFO[Skin.String(user_bkg_music)]</icon>
			<property name="homemenu_id">music</property>
			<onclick condition="Window.IsVisible(Home)">ActivateWindow(Musiclibrary)</onclick>
			<onclick condition="!Window.IsVisible(Home)">Skin.SetImage(user_bkg_music)</onclick>
			<onclick condition="!Window.IsVisible(Home)">Container.Refresh</onclick>
			<visible>!Skin.HasSetting(HomeMenuNoMusicButton)+Library.HasContent(Music)</visible>
		</item>
		<item id="2">
			<description>Music Files</description>
			<label>2</label>
			<label2>$VAR[backgroundfolder]home_music$VAR[bkg_fileext]</label2>
			<icon>$INFO[Skin.String(user_bkg_music)]</icon>
			<property name="homemenu_id">music</property>
			<onclick condition="Window.IsVisible(Home)">ActivateWindow(Musicfiles)</onclick>
			<onclick condition="!Window.IsVisible(Home)">Skin.SetImage(user_bkg_music)</onclick>
			<visible>!Skin.HasSetting(HomeMenuNoMusicButton)+!Library.HasContent(Music)</visible>
		</item>
	</include>
	<include name="HomeMenuVideo">
		<item id="19">
			<description>Video Files</description>
			<label>3</label>
			<label2>$VAR[backgroundfolder]home_video$VAR[bkg_fileext]</label2>
			<icon>$INFO[Skin.String(user_bkg_movie)]</icon>
			<property name="homemenu_id">video</property>
			<onclick condition="Window.IsVisible(Home)+!Skin.HasSetting(HomeMenuVideosToFiles)">ActivateWindow(Videos)</onclick>
			<onclick condition="Window.IsVisible(Home)+Skin.HasSetting(HomeMenuVideosToFiles)">ActivateWindow(Videos,files)</onclick>
			<onclick condition="!Window.IsVisible(Home)">Skin.SetImage(user_bkg_movie)</onclick>
			<visible>!Skin.HasSetting(HomeMenuNoVideosButton)</visible>
		</item>
	</include>
	<include name="HomeMenuMovie">
		<item id="4">
			<description>Movie Library</description>
			<label>20342</label>
			<label2>$VAR[backgroundfolder]home_video$VAR[bkg_fileext]</label2>
			<icon>$INFO[Skin.String(user_bkg_movie)]</icon>
			<property name="homemenu_id">movies</property>
			<onclick condition="Window.IsVisible(Home)">ActivateWindow(Videos,MovieTitles,return)</onclick>
			<onclick condition="!Window.IsVisible(Home)">Skin.SetImage(user_bkg_movie)</onclick>
			<visible>!Skin.HasSetting(HomeMenuNoMovieButton)+Library.HasContent(Movies)</visible>
		</item>
	</include>
	<include name="HomeMenuDashboard">
		<item id="8">
			<description>Addons</description>
			<label>Dashboard</label>
			<label2>$VAR[backgroundfolder]home_addons$VAR[bkg_fileext]</label2>
			<icon>$INFO[Skin.String(user_bkg_addons)]</icon>
			<property name="homemenu_id">dashboard</property>
			<!-- <onclick condition="!Skin.HasSetting(Widget_Addon)">Skin.ToggleSetting(Widget_Addon)</onclick> -->
			<onclick condition="Window.IsVisible(Home)">ActivateWindow(1200)</onclick>
			<onclick condition="!Window.IsVisible(Home)">Skin.SetImage(user_bkg_addons)</onclick>
			<visible>!Skin.HasSetting(HomeMenuNoProgramsButton)</visible>
		</item>
	</include>
	<include name="HomeMenuTVShows">
		<item id="5">
			<description>TV Show Library</description>
			<label>20343</label>
			<label2>$VAR[backgroundfolder]home_tvshows$VAR[bkg_fileext]</label2>
			<icon>$INFO[Skin.String(user_bkg_tvshow)]</icon>
			<property name="homemenu_id">tvshow</property>
			<onclick condition="Window.IsVisible(Home)">ActivateWindow(Videos,TVShowTitles,return)</onclick>
			<onclick condition="!Window.IsVisible(Home)">Skin.SetImage(user_bkg_tvshow)</onclick>
			<visible>!Skin.HasSetting(HomeMenuNoTVShowButton)+Library.HasContent(TVShows)</visible>
		</item>
	</include>
	<include name="HomeMenuMusicvideos">
		<item id="9">
			<description>Musicvideo Library</description>
			<label>20389</label>
			<label2>$VAR[backgroundfolder]home_musicvideos$VAR[bkg_fileext]</label2>
			<icon>$INFO[Skin.String(user_bkg_musicvideo)]</icon>
			<property name="homemenu_id">musicvideo</property>
			<onclick condition="Window.IsVisible(Home)">ActivateWindow(Videos,MusicVideos,return)</onclick>
			<onclick condition="!Window.IsVisible(Home)">Skin.SetImage(user_bkg_musicvideo)</onclick>
			<visible>!Skin.HasSetting(HomeMenuNoMusicVideos)+Library.HasContent(MusicVideos)</visible>
		</item>
	</include>
	<include name="HomeMenuPictures">
		<item id="3">
			<description>Pictures</description>
			<label>1</label>
			<label2>$VAR[backgroundfolder]home_pictures$VAR[bkg_fileext]</label2>
			<icon>$INFO[Skin.String(user_bkg_pictures)]</icon>
			<property name="homemenu_id">picture</property>
			<onclick condition="Window.IsVisible(Home)">ActivateWindow(Pictures)</onclick>
			<onclick condition="!Window.IsVisible(Home)">Skin.SetImage(user_bkg_pictures)</onclick>
			<visible>!Skin.HasSetting(HomeMenuNoPictureButton)</visible>
		</item>
	</include>
	<include name="HomeMenuWeather">
		<item id="6">
			<description>Weather</description>
			<label>8</label>
			<label2>$VAR[backgroundfolderweather]</label2>
			<icon>$INFO[Skin.String(user_bkg_weather)]</icon>
			<property name="homemenu_id">weather</property>
			<onclick condition="Window.IsVisible(Home)">ActivateWindow(weather)</onclick>
			<onclick condition="!Window.IsVisible(Home)">Skin.SetImage(user_bkg_weather)</onclick>
			<visible>!Skin.HasSetting(HomeMenuNoWeatherButton)</visible>
		</item>
	</include>
	<include name="HomeMenuPlayDisc">
		<item id="7">
			<description>PlayDVD</description>
			<label>341</label>
			<label2>$VAR[backgroundfolder]home_disc$VAR[bkg_fileext]</label2>
			<icon>$INFO[Skin.String(user_bkg_dvd)]</icon>
			<property name="homemenu_id">playdisc</property>
			<onclick condition="Window.IsVisible(Home)">PlayDVD()</onclick>
			<onclick condition="!Window.IsVisible(Home)">Skin.SetImage(user_bkg_dvd)</onclick>
			<visible>!Skin.HasSetting(HomeMenuNoDVDButton)+System.HasMediaDVD</visible>
		</item>
	</include>
	<include name="HomeMenu3D">
		<item id="20">
			<description>3D</description>
			<label>3D $LOCALIZE[20342]</label>
			<label2>$VAR[backgroundfolder]home_3d$VAR[bkg_fileext]</label2>
			<icon>$INFO[Skin.String(user_bkg_3d)]</icon>
			<property name="homemenu_id">3d</property>
			<onclick condition="Window.IsVisible(Home)">ActivateWindow(10025,special://skin/playlists/3DMovies.xsp,return)</onclick>
			<onclick condition="!Window.IsVisible(Home)">Skin.SetImage(user_bkg_3d)</onclick>
			<visible>!Skin.HasSetting(HomeMenuNo3DButton)</visible>
		</item>
	</include>
	<include name="HomeMenuHD">
		<item id="21">
			<description>HD</description>
			<label>HD $LOCALIZE[20342]</label>
			<label2>$VAR[backgroundfolder]home_hd$VAR[bkg_fileext]</label2>
			<icon>$INFO[Skin.String(user_bkg_hd)]</icon>
			<property name="homemenu_id">hd</property>
			<onclick condition="Window.IsVisible(Home)">ActivateWindow(10025,special://skin/playlists/HDMovies.xsp,return)</onclick>
			<onclick condition="!Window.IsVisible(Home)">Skin.SetImage(user_bkg_hd)</onclick>
			<visible>!Skin.HasSetting(HomeMenuNoHDButton)</visible>
		</item>
	</include>
	<include name="HomeMenuFullHD">
		<item id="22">
			<description>FULL HD</description>
			<label>FULL HD $LOCALIZE[20342]</label>
			<label2>$VAR[backgroundfolder]home_fullhd$VAR[bkg_fileext]</label2>
			<icon>$INFO[Skin.String(user_bkg_fullhd)]</icon>
			<property name="homemenu_id">fullhd</property>
			<onclick condition="Window.IsVisible(Home)">ActivateWindow(10025,special://skin/playlists/FULLHDMovies.xsp,return)</onclick>
			<onclick condition="!Window.IsVisible(Home)">Skin.SetImage(user_bkg_fullhd)</onclick>
			<visible>!Skin.HasSetting(HomeMenuNoFULLHDButton)</visible>
		</item>
	</include>
	<include name="HomeMenuDoku">
		<item id="23">
			<description>DOKU</description>
			<label>$LOCALIZE[19519]</label>
			<label2>$VAR[backgroundfolder]home_doku$VAR[bkg_fileext]</label2>
			<icon>$INFO[Skin.String(user_bkg_doku)]</icon>
			<property name="homemenu_id">doku</property>
			<onclick condition="Window.IsVisible(Home)">ActivateWindow(10025,special://skin/playlists/Doku.xsp,return)</onclick>
			<onclick condition="!Window.IsVisible(Home)">Skin.SetImage(user_bkg_doku)</onclick>
			<visible>!Skin.HasSetting(HomeMenuNoDokuButton)</visible>
		</item>
	</include>
	<include name="HomeMenuKids">
		<item id="24">
			<description>Kids</description>
			<label>$LOCALIZE[51187]</label>
			<label2>$VAR[backgroundfolder]home_kids$VAR[bkg_fileext]</label2>
			<icon>$INFO[Skin.String(user_bkg_kids)]</icon>
			<property name="homemenu_id">kids</property>
			<onclick condition="Window.IsVisible(Home)+Skin.HasSetting(Rating_Age_Kids_0)">ActivateWindow(10025,special://skin/playlists/KIDS_0.xsp,return)</onclick>
			<onclick condition="Window.IsVisible(Home)+Skin.HasSetting(Rating_Age_Kids_6)">ActivateWindow(10025,special://skin/playlists/KIDS_6.xsp,return)</onclick>
			<onclick condition="Window.IsVisible(Home)+Skin.HasSetting(Rating_Age_Kids_12)">ActivateWindow(10025,special://skin/playlists/KIDS_12.xsp,return)</onclick>
			<onclick condition="Window.IsVisible(Home)+Skin.HasSetting(Rating_Age_Kids_16)">ActivateWindow(10025,special://skin/playlists/KIDS_16.xsp,return)</onclick>
			<onclick condition="!Window.IsVisible(Home)">Skin.SetImage(user_bkg_kids)</onclick>
			<visible>!Skin.HasSetting(HomeMenuNoKidsButton)</visible>
		</item>
	</include>
	<include name="HomeMenuFav1">
		<item id="8213">
			<label fallback="Fav1">$INFO[Skin.String(Favourite1_Playlist_Label)]</label>
			<label2>$VAR[backgroundfolder]home_fav1$VAR[bkg_fileext]</label2>
			<icon>$INFO[Skin.String(user_bkg_fav1)]</icon>
			<property name="homemenu_id">fav1</property>
			<onclick condition="Window.IsVisible(Home)">ActivateWindow(10025,$INFO[Skin.String(Favourite1_Playlist_Path)],return)</onclick>
			<onclick condition="!Window.IsVisible(Home)">Skin.SetImage(user_bkg_fav1)</onclick>
			<visible>Skin.HasSetting(favourite1)+!IsEmpty(Skin.String(Favourite1_Playlist_Path))</visible>
		</item>
	</include>
	<include name="HomeMenuFav2">
		<item id="8214">
			<label fallback="Fav2">$INFO[Skin.String(Favourite2_Playlist_Label)]</label>
			<label2>$VAR[backgroundfolder]home_fav2$VAR[bkg_fileext]</label2>
			<icon>$INFO[Skin.String(user_bkg_fav2)]</icon>
			<property name="homemenu_id">fav2</property>
			<onclick condition="Window.IsVisible(Home)">ActivateWindow(10025,$INFO[Skin.String(Favourite2_Playlist_Path)],return)</onclick>
			<onclick condition="!Window.IsVisible(Home)">Skin.SetImage(user_bkg_fav2)</onclick>
			<visible>Skin.HasSetting(favourite2)+!IsEmpty(Skin.String(Favourite2_Playlist_Path))</visible>
		</item>
	</include>
	<include name="HomeMenuFav3">
		<item id="8215">
			<label fallback="Fav3">$INFO[Skin.String(Favourite3_Playlist_Label)]</label>
			<label2>$VAR[backgroundfolder]home_fav3$VAR[bkg_fileext]</label2>
			<icon>$INFO[Skin.String(user_bkg_fav3)]</icon>
			<property name="homemenu_id">fav3</property>
			<onclick condition="Window.IsVisible(Home)+Skin.HasSetting(Widget_UserPlaylist)">PlayMedia($INFO[Skin.String(Favourite3_Playlist_Path)])</onclick>
			<onclick condition="Window.IsVisible(Home)+Skin.HasSetting(Widget_UserPlaylist_Radio)">PlayMedia($INFO[Skin.String(RadioPath)])</onclick>
			<onclick condition="!Window.IsVisible(Home)">Skin.SetImage(user_bkg_fav3)</onclick>
			<visible>Skin.HasSetting(favourite3)</visible>
		</item>
	</include>
	<include name="HomeMenuFav4">
		<item id="8216">
			<label fallback="Ordner">$INFO[Skin.String(Favourite4_Playlist_Label)]</label>
			<label2>$VAR[backgroundfolder]home_fav2$VAR[bkg_fileext]</label2>
			<icon>$INFO[Skin.String(user_bkg_fav4)]</icon>
			<property name="homemenu_id">fav4</property>
			<onclick condition="Window.IsVisible(Home)">ActivateWindow(10025,$INFO[Skin.String(Favourite4_Playlist_Path)],return)</onclick>
			<onclick condition="!Window.IsVisible(Home)">Skin.SetImage(user_bkg_fav4)</onclick>
			<visible>Skin.HasSetting(favourite4)+!IsEmpty(Skin.String(Favourite4_Playlist_Path))</visible>
		</item>
	</include>
	<include name="HomeMenuSettings">
		<item id="13">
			<description>Settings</description>
			<label>13000</label>
			<label2>$VAR[backgroundfolder]home_settings$VAR[bkg_fileext]</label2>
			<icon>$INFO[Skin.String(user_bkg_settings)]</icon>
			<property name="homemenu_id">setting</property>
			<onclick condition="Window.IsVisible(Home)">ActivateWindow(settings)</onclick>
			<onclick condition="!Window.IsVisible(Home)">Skin.SetImage(user_bkg_settings)</onclick>
			<visible>!Skin.HasSetting(HomeMenuNoSettingsButton)|[Skin.HasSetting(HomeMenuNoPvrButton)+Skin.HasSetting(HomeMenuNoProgramsButton)+Skin.HasSetting(HomeMenuNoDVDButton)+Skin.HasSetting(HomeMenuNoWeatherButton)+Skin.HasSetting(HomeMenuNoTVShowButton)+Skin.HasSetting(HomeMenuNoMovieButton)+Skin.HasSetting(HomeMenuNoPictureButton)+Skin.HasSetting(HomeMenuNoMusicButton)+Skin.HasSetting(HomeMenuNoVideosButton)]</visible>
		</item>
	</include>
	<include name="HomeMenuPVR">
		<item id="12">
			<description>PVR</description>
			<label>31502</label>
			<label2>$VAR[backgroundfolder]home_livetv$VAR[bkg_fileext]</label2>
			<icon>$INFO[Skin.String(user_bkg_pvr)]</icon>
			<property name="homemenu_id">pvr</property>
			<onclick condition="Window.IsVisible(Home)">ActivateWindow(TVChannels)</onclick>
			<onclick condition="!Window.IsVisible(Home)">Skin.SetImage(user_bkg_pvr)</onclick>
			<visible>PVR.HasTVChannels</visible>
			<visible>!Skin.HasSetting(HomeMenuNoPvrButton)</visible>
		</item>
	</include>
	<include name="HomeMenuRadio">
		<item id="14">
			<label>31960</label>
			<label2>$VAR[backgroundfolder]home_fav3$VAR[bkg_fileext]</label2>
			<icon>$INFO[Skin.String(user_bkg_fav3)]</icon>
			<property name="homemenu_id">radio</property>
			<onclick condition="Window.IsVisible(Home)">ActivateWindow(RadioChannels)</onclick>
			<onclick condition="!Window.IsVisible(Home)">Skin.SetImage(user_bkg_fav3)</onclick>
			<visible>PVR.HasRadioChannels</visible>
			<visible>!Skin.HasSetting(HomeMenuNoRadioButton)</visible>
		</item>
	</include>
	<include name="HomeMenuNews">
		<item id="25">
			<label>NEWS</label>
			<label2>$VAR[backgroundfolder]home_news$VAR[bkg_fileext]</label2>
			<icon>$INFO[Skin.String(user_bkg_news)]</icon>
			<property name="homemenu_id">news</property>
			<onclick condition="Window.IsVisible(Home)">ActivateWindow(4117)</onclick>
			<onclick condition="!Window.IsVisible(Home)">Skin.SetImage(user_bkg_news)</onclick>
			<visible>!Skin.HasSetting(HomeMenuNoNewsButton)</visible>
		</item>
	</include>
	
	<include name="HomeMenu">
		<control type="group"> <!-- menulayout inkl. neonslide -->
			<visible>!Skin.HasSetting(HomeMenuVertical)</visible>
			<animation effect="slide" start="0,0" end="0,-75" time="400" delay="250" condition="Window.IsVisible(favourites)">Conditional</animation>
			<control type="image">
				<left>-5</left>
				<top>533</top>
				<width>1290</width>
				<height>57</height>
				<texture background="true">BlackBack.png</texture>
			</control>
			<control type="image">
				<left>-5</left>
				<top>530</top>
				<width>1290</width>
				<height>63</height>
				<colordiffuse>$VAR[BackgroundOverlayColor]</colordiffuse>
				<texture background="true">MenuStripe.png</texture>
			</control>
			<control type="group">
				<visible>Skin.HasSetting(NeonSlide)</visible>
				<description>NeonSlide</description>
				<control type="image">
					<left>1320</left>
					<top>531</top>
					<width>100</width>
					<height>5</height>
					<include>neonslide</include>
					<texture background="true">effects/lightning.png</texture>
				</control>
				<control type="image">
					<left>1340</left>
					<top>586</top>
					<width>100</width>
					<height>5</height>
					<include>neonslide</include>
					<texture background="true">effects/lightning.png</texture>
				</control>
				<control type="image">
					<left>1170</left>
					<top>493</top>
					<width>400</width>
					<height>80</height>
					<animation type="Conditional" reversible="false" condition="Window.IsActive(Home)" loop="true">
						<effect type="fade" start="0" end="100" time="500" delay="9000"/>
						<effect type="slide" start="0,0" end="-1600,0" time="12000" loop="false" delay="2000"/>
						<effect type="fade" start="100" end="0" time="500" delay="9400"/>
						<effect type="slide" start="0,0" end="0,0" time="10000" delay="10000" loop="false"/>
					</animation>
					<texture>effects/supernova.png</texture>
				</control>
			</control>
			<control type="image">
				<left>-5</left>
				<top>533</top>
				<width>1290</width>
				<height>1</height>
				<texture background="true">Separator2.png</texture>
			</control>
			<control type="image">
				<left>-5</left>
				<top>589</top>
				<width>1290</width>
				<height>1</height>
				<texture background="true">Separator2.png</texture>
			</control>
			<control type="wraplist" id="9000">
				<description>Home Wraplist</description>
				<left>-8</left>
				<top>500</top>
				<width>1600</width>
				<height>564</height>
				<align>center</align>
				<onup condition="Window.IsVisible(home)">Control.SetFocus(9001)</onup>
				<onup condition="!Window.IsVisible(home)">-</onup>
				<ondown condition="Window.IsVisible(home)+Player.HasMedia+!Skin.HasSetting(HidePlayerControlsHome)">600</ondown>
				<ondown condition="Window.IsVisible(home)+[!Player.HasMedia|Skin.HasSetting(HidePlayerControlsHome)]+!Skin.HasSetting(hide_fav)">ActivateWindow(favourites)</ondown>
				<ondown condition="Window.IsVisible(home)+[!Player.HasMedia|Skin.HasSetting(HidePlayerControlsHome)]+Skin.HasSetting(hide_fav)">SetFocus(199)</ondown>
				<ondown condition="!Window.IsVisible(home)">9001</ondown>
				<focusposition>2</focusposition>
				<scrolltime tween="circle" easing="out">400</scrolltime>
				<orientation>horizontal</orientation>
				<itemgap></itemgap>
				<itemlayout width="300" height="60">
					<control type="image">
						<left>12</left>
						<top>35</top>					
						<height>50</height>
						<width>2</width>
						<colordiffuse>fanartdiffuse</colordiffuse>
						<texture>Separator3.png</texture>
						<visible>Control.HasFocus(9000)</visible>
						<include>openclosevisible</include>
					</control>
					<control type="label">
						<left>0</left>
						<top>35</top>					
						<height>50</height>
						<width>300</width>
						<font>impacted36</font>
						<label>[UPPERCASE]$INFO[ListItem.Label][/UPPERCASE]</label>
						<align>center</align>
						<textcolor>white</textcolor>
						<visible>Control.HasFocus(9000)</visible>
						<include>openclosevisible</include>
					</control>
				</itemlayout>
				<focusedlayout width="312" height="60">
					<control type="button">
						<include>HiddenButton</include>
						<onfocus>$VAR[WeatherFadeout]</onfocus>
						<onunfocus>CancelAlarm(HideMenu,true)</onunfocus>
					</control>
				</focusedlayout>
				<content>
					<include>HomeMenuContent</include>
				</content>
			</control>
			<control type="group">
				<animation effect="slide" start="0,0" end="0,22" time="50" delay="150" condition="ControlGroup(9001).HasFocus()">Conditional</animation>
				<control type="image">
					<left>578</left>
					<top>514</top>
					<width>339</width>
					<height>75</height>
					<colordiffuse>$VAR[BackgroundOverlayColor]</colordiffuse>
					<texture>White.png</texture>
				</control>
				<control type="image">
					<left>570</left>
					<top>505</top>
					<width>355</width>
					<height>96</height>
					<texture border="6">buttons/MenuButton.png</texture>
				</control>
				<control type="label">
					<left>570</left>
					<top>498</top>					
					<width>355</width>
					<height>50</height>
					<label>[UPPERCASE]$VAR[HomeScrollerDescription][/UPPERCASE]</label>
					<font>lcd14</font>
					<shadowcolor>grey2</shadowcolor>
					<textcolor>white</textcolor>
					<align>center</align>
				</control>
				<control type="group">
					<left>22</left>
					<top>30</top>
					<control type="label">
						<left>570</left>
						<top>505</top>				
						<width>312</width>
						<height>50</height>
						<label>[UPPERCASE]$INFO[Container(9000).ListItem().Label][/UPPERCASE]</label>
						<font>impacted44</font>
						<shadowcolor>-</shadowcolor>
						<textcolor>grey2</textcolor>
						<align>center</align>
						<scroll>true</scroll>
					</control>
					<control type="label">
						<left>570</left>
						<top>505</top>				
						<width>312</width>
						<height>50</height>
						<label>[UPPERCASE]$INFO[Container(9000).ListItem.Label][/UPPERCASE]</label>
						<font>impacted44</font>
						<shadowcolor>grey</shadowcolor>
						<textcolor>$VAR[BackgroundOverlayColor]</textcolor>
						<align>center</align>
						<scroll>true</scroll>
						<animation effect="fade" end="30" condition="true">Conditional</animation>
					</control>
					<control type="label">
						<left>570</left>
						<top>505</top>				
						<width>312</width>
						<height>50</height>
						<label>[UPPERCASE]$INFO[Container(9000).ListItem.Label][/UPPERCASE]</label>
						<font>impacted44</font>
						<shadowcolor>grey</shadowcolor>
						<textcolor>grey2</textcolor>
						<align>center</align>
						<scroll>true</scroll>
						<animation effect="fade" start="0" delay="160" end="100" time="200">Focus</animation>
						<visible>Control.HasFocus(9000)</visible>
					</control>
				</control>
			</control>
		</control>
	</include>
	<!-- <include name="HomeMenuVertical">
		<control type="wraplist" id="9000">
			<description>Home Wraplist</description>
			<left>0</left>
			<top>36</top>
			<width>280</width>
			<height>650</height>
			<align>left</align>
			<aligny>center</aligny>
			<onright condition="!StringCompare(Container(9000).ListItem.Property(homemenu_id),dashboard)">Control.SetFocus(290)</onright>
			<onright condition="StringCompare(Container(9000).ListItem.Property(homemenu_id),dashboard)">Control.SetFocus(8005)</onright>
			<onleft>Control.SetFocus(9001)</onleft>
			<focusposition>8</focusposition>
			<scrolltime tween="circle" easing="out">400</scrolltime>
			<orientation>vertical</orientation>
			<itemgap></itemgap>
			<animation effect="slide" start="0,0" end="0,-75" time="400" delay="250" condition="Window.IsVisible(favourites)">Conditional</animation>
			<itemlayout width="240" height="50">
				<control type="group">
					<control type="label">
						<left>20</left>
						<top>0</top>					
						<height>50</height>
						<width>240</width>
						<font>Large</font>
						<label>[UPPERCASE]$INFO[ListItem.Label][/UPPERCASE]</label>
						<align>left</align>
						<shadowcolor>black</shadowcolor>
						<textcolor>grey1</textcolor>
						<include>openclosevisible</include>
						<visible>!Control.HasFocus(292)+!Control.HasFocus(299)+!Control.HasFocus(300)+!Control.HasFocus(303)</visible>
					</control>
				</control>
			</itemlayout>
			<focusedlayout width="240" height="50">
				<control type="group">
					<include>focuseffect</include>
					<left>0</left>
					<control type="label">
						<left>20</left>
						<top>0</top>					
						<width>240</width>
						<height>50</height>
						<label>[UPPERCASE]$INFO[ListItem.Label][/UPPERCASE]</label>
						<font>impacted36</font>
						<shadowcolor>black</shadowcolor>
						<textcolor>white</textcolor>
						<align>left</align>
						<scroll>true</scroll>
					</control>
					<control type="image">
						<left>10</left>
						<top>48</top>					
						<width>250</width>
						<height>2</height>
						<colordiffuse>fanartdiffuse</colordiffuse>
						<texture border="1">Separator1.png</texture>
					</control>
					<control type="button">
						<include>HiddenButton</include>
						<onfocus>$VAR[WeatherFadeout]</onfocus>
						<onunfocus>CancelAlarm(HideMenu,true)</onunfocus>
					</control>
				</control>
			</focusedlayout>
			<content>
				<include>HomeMenuContent</include>
			</content>
		</control>
	</include> -->
</includes>
