<?xml version="1.0" encoding="UTF-8"?>
<includes>
	<include name="Arrows">
		<control type="group">
			<include>opencloseslow</include>
			<left>12</left>
			<top>72r</top>
			<visible>!Skin.HasSetting(HideNavArrow)</visible>
			<control type="image">
				<description>up arrow</description>
				<left>0</left>
				<top></top>
				<width>16</width>
				<height>16</height>
				<texture background="true">ArrowBig.png</texture>
				<animation effect="slide" start="0" end="0,-5" time="1000" delay="0" loop="true" condition="true">Conditional</animation>
				<animation effect="rotate" start="0" end="-90" time="0" delay="0" center="auto" condition="true">Conditional</animation>
				<visible>Control.HasFocus(9000)|ControlGroup(600).HasFocus()|Control.HasFocus(200)|Control.HasFocus(199)</visible>
			</control>
			<control type="image">
				<description>down arrow</description>
				<left>0</left>
				<top>20</top>
				<width>16</width>
				<height>16</height>
				<texture flipx="true">ArrowBig.png</texture>
				<animation effect="slide" start="0" end="0,5" time="1000" delay="0" loop="true" condition="true">Conditional</animation>
				<animation effect="rotate" start="0" end="-90" time="0" delay="0" center="auto" condition="true">Conditional</animation>
				<visible>Control.HasFocus(9000)|Control.HasFocus(8002)|Control.HasFocus(8001)|Control.HasFocus(300)|Control.HasFocus(200)|Control.HasFocus(199)|ControlGroup(600).HasFocus()</visible>
			</control>
			<!-- <control type="image">
				<description>left arrow</description>
				<left></left>
				<top>17</top>
				<width>30</width>
				<height>30</height>
				<texture background="true">ArrowBig.png</texture>
				<animation effect="slide" start="0" end="5,0" time="1000" delay="0" loop="true" condition="true">Conditional</animation>
				<visible>false</visible>
			</control>
			<control type="image"> 
				<description>right arrow</description>
				<left>80</left>
				<top>17</top>
				<width>30</width>
				<height>30</height>
				<texture flipx="true">ArrowBig.png</texture>
				<animation effect="slide" start="0" end="-5,0" time="1000" delay="0" loop="true" condition="true">Conditional</animation>
				<visible>false</visible>
			</control> -->
		</control>
	</include>
	<include name="TouchButtons">
		<control type="button">
			<left>0</left>
			<top>0</top>
			<width>200</width>
			<height>40</height>
			<label>touch me</label>
			<textcolor>00FFFFFF</textcolor>
			<focusedcolor>description</focusedcolor>
			<texturenofocus>-</texturenofocus>
			<texturefocus border="2">buttons/ButtonNF.png</texturefocus>
			<onclick>Action(menu)</onclick>
			<visible>!Window.IsVisible(Home)</visible>
		</control>
		<control type="button">
			<left>0</left>
			<top>50</top>
			<width>280</width>
			<height>40</height>
			<label>touch me</label>
			<textcolor>00FFFFFF</textcolor>
			<focusedcolor>description</focusedcolor>
			<texturenofocus>-</texturenofocus>
			<texturefocus border="2">buttons/ButtonNF.png</texturefocus>
			<onclick>SetFocus(9002)</onclick>
			<visible>ControlGroup(9000).HasFocus()|ControlGroup(90000).HasFocus()</visible>
		</control>
		<control type="button">
			<left>1080</left>
			<top>0</top>
			<width>200</width>
			<height>40</height>
			<label>touch me</label>
			<textcolor>00FFFFFF</textcolor>
			<focusedcolor>description</focusedcolor>
			<texturenofocus>-</texturenofocus>
			<texturefocus border="2">buttons/ButtonNF.png</texturefocus>
			<onclick>Control.SetFocus(732)</onclick>
			<visible>!Window.IsVisible(Home)</visible>
		</control>
		<control type="button">
			<left>440</left>
			<top>40</top>
			<width>400</width>
			<height>60</height>
			<label>touch me</label>
			<textcolor>00FFFFFF</textcolor>
			<focusedcolor>description</focusedcolor>
			<texturenofocus>-</texturenofocus>
			<texturefocus border="2">buttons/ButtonNF.png</texturefocus>
			<onclick condition="Window.IsVisible(home)">Control.SetFocus(9001)</onclick>
			<visible>Window.IsVisible(Home)</visible>
		</control>
		<control type="button">
			<left>20</left>
			<top>600</top>
			<width>1240</width>
			<height>110</height>
			<label>touch me</label>
			<textcolor>00FFFFFF</textcolor>
			<focusedcolor>description</focusedcolor>
			<texturenofocus>-</texturenofocus>
			<texturefocus border="2">buttons/ButtonNF.png</texturefocus>
			<onclick condition="Window.IsVisible(home)">Control.SetFocus(200)</onclick>
			<visible>!Control.HasFocus(200)</visible>
			<visible>Window.IsVisible(Home)</visible>
		</control>
	</include>
</includes>
