<?xml version="1.0" encoding="UTF-8"?>
<addon id="plugin.video.stoersendertv" name="stoersendertv" version="2.0.2" provider-name="don">
    <requires>
        <import addon="xbmc.python" version="2.1.0"/>
        <import addon="plugin.video.youtube" version="3.0.0"/>
        <import addon="repository.lost-and-found" version="1.1.8"/>
    </requires>
    <extension point="xbmc.python.pluginsource" library="default.py">
        <provides>video</provides>
    </extension>
    <extension point="xbmc.addon.metadata">
    	<website>http://www.stoersender.tv</website>
        <platform>all</platform>
        <summary lang="en">Dieter Hildebrandt Stoersender.TV</summary>
        <language>de</language>
        <description lang="en">stoersender.tv ist freies Internet-Stör-Sehen, finanziert von der Crowd auf Startnext.de der weltweit ersten gemeinnützigen Crowdfunding-Plattform für unabhängige Projekte - z.B. für freien Journalismus.</description>
    <platform>all</platform>
    </extension>
</addon>
