<?xml version="1.0" encoding="UTF-8"?>
<window type="dialog" id="142">
  <defaultcontrol always="true">14800</defaultcontrol>
  <controls>
  <include>BigInfosTime</include>
  <include>BigInfosDatabaseCount</include>
  <include>BigInfosWeather</include>
  <include>CommonHomeButton</include>
  <include>HomePlaying</include>
  <control type="group">
	<animation type="WindowOpen">
		<effect type="slide" time="700" start="0,800"  end="0,0" tween="sine" easing="out"/>
		<effect type="fade" time="600" start="0" end="100"/>
	</animation>
	<animation type="WindowClose">
		<effect type="slide" time="500" start="0,0" end="0,800" tween="sine" easing="in" />
		<effect type="fade" time="600" start="100" end="0" />
	</animation>
	<animation effect="fade" start="100" end="0" time="1000" tween="quadratic" easing="out" condition="Window.IsVisible(VideoOSD) | Window.IsVisible(SliderDialog) | Window.IsVisible(OSDVideoSettings) | Window.IsVisible(OSDAudioSettings) | Window.IsVisible(VideoBookmarks) | Window.IsVisible(pvrosdchannels) | Window.IsVisible(pvrosdguide)">Conditional</animation>
	<control type="image"> 
	  <left>1370</left> 
	  <top>227</top> 
	  <width>550</width> 
	  <height>450</height> 
	  <texture background="true">$VAR[VarPlayerClearart]</texture>
	  <fadetime>IconCrossfadeTime</fadetime>
	  <aspectratio aligny="bottom" align="right">keep</aspectratio>
	</control>
	<control type="image">
	  <left>-50</left>
	  <top>670</top>
	  <width>2000</width>
	  <height>476</height>
	  <aspectratio>stretch</aspectratio>
	  <texture background="true">skin/button_klein_tranz90.png</texture>	
	  <bordertexture border="10">ThumbShadow.png</bordertexture>
	  <bordersize>7</bordersize>	
	  <colordiffuse>$VAR[ColorButtonDialogeBack]</colordiffuse>
	  <visible>!VideoPlayer.Content(LiveTV)</visible>
	</control>
	<control type="image">
	  <left>-50</left>
	  <top>940</top>
	  <width>2000</width>
	  <height>2</height>
	  <aspectratio>stretch</aspectratio>
	  <texture background="true">skin/button_klein.png</texture>
	  <colordiffuse>$VAR[BackColorButton]</colordiffuse>
	  <visible>!VideoPlayer.Content(LiveTV)</visible>
	</control>

	<!-- GROUP FOR INFOS LiveTV -->
	<control type="group">
	  <left>0</left>
	  <top>0</top>
	  <visible>VideoPlayer.Content(LiveTV)</visible>
	  <control type="image">
		<left>-50</left>
		<top>770</top>
		<width>2000</width>
		<height>296</height>
		<aspectratio>stretch</aspectratio>
		<texture background="true">skin/button_klein_tranz90.png</texture>	
		<bordertexture border="10">ThumbShadow.png</bordertexture>
		<bordersize>7</bordersize>	
		<colordiffuse>$VAR[ColorButtonDialogeBack]</colordiffuse>
	  </control>
	  <control type="image">
		<left>350</left>
		<top>850</top>
		<width>1530</width>
		<height>2</height>
		<aspectratio>stretch</aspectratio>
		<texture background="true">skin/button_klein.png</texture>
		<colordiffuse>$VAR[BackColorButton]</colordiffuse>
	  </control>
	  <control type="image">
		<left>-50</left>
		<top>1000</top>
		<width>2000</width>
		<height>2</height>
		<aspectratio>stretch</aspectratio>
		<texture background="true">skin/button_klein.png</texture>
		<colordiffuse>$VAR[BackColorButton]</colordiffuse>
	  </control>
	  <control type="label">
		<left>350</left>
		<top>800</top>
		<width>1000</width>
		<height>38</height>
		<label>$INFO[VideoPlayer.ChannelNumber] [UPPERCASE]$INFO[VideoPlayer.ChannelName][/UPPERCASE]</label>
		<scroll>true</scroll>
		<align>left</align>
		<aligny>center</aligny>
		<font>primal_40</font>
		<textcolor>$VAR[ColorFontNormal]</textcolor>
		<shadowcolor>$VAR[ColorFontShadow]</shadowcolor>
	  </control>
	  <control type="label">
		<left>350</left>
		<top>870</top>
		<width>1000</width>
		<height>38</height>
		<label>$INFO[VideoPlayer.StartTime]   $INFO[VideoPlayer.Title]</label>
		<scroll>true</scroll>
		<align>left</align>
		<aligny>center</aligny>
		<font>primal_20_Bold</font>
		<textcolor>$VAR[ColorFontNormal]</textcolor>
		<shadowcolor>$VAR[ColorFontShadow]</shadowcolor>
	  </control>
	  <control type="label">
		<left>550</left>
		<top>870</top>
		<width>1000</width>
		<height>38</height>
		<label>$INFO[VideoPlayer.EndTime]</label>
		<scroll>true</scroll>
		<align>right</align>
		<aligny>center</aligny>
		<font>primal_20_Bold</font>
		<textcolor>$VAR[ColorFontNormal]</textcolor>
		<shadowcolor>$VAR[ColorFontShadow]</shadowcolor>
	  </control>
	  <control type="progress">
		<description>Progressbar</description>
		<left>350</left>
		<top>920</top>
		<width>1200</width>
		<height>10</height>
		<info>Player.Progress</info>
	  </control>
	  <control type="label">
		<left>350</left>
		<top>940</top>
		<width>1000</width>
		<height>38</height>
		<label>$INFO[VideoPlayer.NextStartTime]   $INFO[VideoPlayer.NextTitle]</label>
		<scroll>true</scroll>
		<align>left</align>
		<aligny>center</aligny>
		<font>primal_20</font>
		<textcolor>$VAR[ColorFontNormal]</textcolor>
		<shadowcolor>$VAR[ColorFontShadow]</shadowcolor>
	  </control>
	  <control type="label">
		<left>550</left>
		<top>940</top>
		<width>1000</width>
		<height>38</height>
		<label>$INFO[VideoPlayer.NextEndTime]</label>
		<scroll>true</scroll>
		<align>right</align>
		<aligny>center</aligny>
		<font>primal_20</font>
		<textcolor>$VAR[ColorFontNormal]</textcolor>
		<shadowcolor>$VAR[ColorFontShadow]</shadowcolor>
	  </control>
	  <control type="label">
		<description>time label</description>
		<left>1280</left>
		<top>800</top>
		<width>600</width>
		<height>42</height>
		<font>primal_40_Bold</font>
		<align>right</align>
		<aligny>center</aligny>
		<textcolor>$VAR[ColorFontNormal]</textcolor>
		<shadowcolor>$VAR[ColorFontShadow]</shadowcolor>
		<label>$INFO[System.Time(hh:mm)]</label>
	  </control>
	  <control type="label">
		<left>1130</left>
		<top>810</top>
		<width>600</width>
		<height>42</height>
		<label>$INFO[System.Date(DDD dd.mm.yy)]</label>
		<scroll>true</scroll>
		<align>right</align>
		<aligny>center</aligny>
		<font>primal_18</font>
		<textcolor>$VAR[ColorFontNormal]</textcolor>
		<shadowcolor>$VAR[ColorFontShadow]</shadowcolor>
	  </control>
	  <control type="image">
		<left>1640</left>
		<top>880</top>
		<width>30</width>
		<height>30</height>
		<aspectratio>keep</aspectratio>
		<texture>$INFO[VideoPlayer.AudioLanguage,flagging/audioflags/,.png]</texture>
		<colordiffuse>$VAR[ColorFlaggingIcons]</colordiffuse>
	  </control>
	  <control type="image">
		<left>1710</left>
		<top>850</top>
		<width>70</width>
		<height>70</height>
		<aspectratio>keep</aspectratio>
		<texture>$INFO[VideoPlayer.VideoResolution,flagging/video/,.png]</texture>
		<colordiffuse>$VAR[ColorFlaggingIcons]</colordiffuse>
	  </control>
	  <control type="image">
		<description>VideoCodecFlagging</description>
		<left>1800</left>
		<top>850</top>
		<width>70</width>
		<height>70</height>
		<aspectratio>keep</aspectratio>
		<texture>$INFO[VideoPlayer.VideoCodec,flagging/video/,.png]</texture>
		<colordiffuse>$VAR[ColorFlaggingIcons]</colordiffuse>
	  </control>
	  <control type="image">
		<description>AudioCodecFlagging</description>
		<left>1620</left>
		<top>920</top>
		<width>70</width>
		<height>70</height>
		<aspectratio>keep</aspectratio>
		<texture>$INFO[VideoPlayer.AudioCodec,flagging/audio/,.png]</texture>
		<colordiffuse>$VAR[ColorFlaggingIcons]</colordiffuse>
	  </control>
	  <control type="image">
		<description>Audio Channels Image</description>
		<left>1710</left>
		<top>920</top>
		<width>70</width>
		<height>70</height>
		<aspectratio>keep</aspectratio>
		<texture>$INFO[VideoPlayer.AudioChannels,flagging/audio/,.png]</texture>
		<colordiffuse>$VAR[ColorFlaggingIcons]</colordiffuse>
	  </control>
	  <control type="image">
		<description>Aspectratio Image</description>
		<left>1800</left>
		<top>920</top>
		<width>70</width>
		<height>70</height>
		<aspectratio>keep</aspectratio>
		<texture>$INFO[VideoPlayer.VideoAspect,flagging/aspectratio/,.png]</texture>
		<colordiffuse>$VAR[ColorFlaggingIcons]</colordiffuse>
	  </control>
	  <control type="label">
		<left>800</left>
		<top>1010</top>
		<width>800</width>
		<height>38</height>
		<label>SNR: $INFO[Pvr.ActStreamSnr]      SIGNAL: $INFO[Pvr.ActStreamSignal]</label>
		<scroll>true</scroll>
		<align>right</align>
		<aligny>center</aligny>
		<font>primal_18</font>
		<textcolor>$VAR[ColorFontNormal]</textcolor>
		<shadowcolor>$VAR[ColorFontShadow]</shadowcolor>
	  </control>
	</control>
	
	<!-- Tuner info -->
	<control type="group"> 
		<left>1460</left>
		<top>920</top>
		<visible>VideoPlayer.Content(LiveTV)</visible>
		<width>300</width>
		<control type="label" id="1">
			<left>220</left>
			<width>150</width>
			<height>38</height>
			<align>left</align>
			<font>primal_18</font>
			<textcolor>$VAR[ColorFontNormal]</textcolor>
			<shadowcolor>$VAR[ColorFontShadow]</shadowcolor>
			<label>Tuner:</label>
		</control>
		<control type="label" id="1">
			<left>295</left>
			<width>50</width>
			<height>38</height>
			<align>left</align>
			<font>primal_18</font>
			<textcolor>$VAR[ColorFontNormal]</textcolor>
			<shadowcolor>$VAR[ColorFontShadow]</shadowcolor>
			<label>A</label>
			<visible>!substring(PVR.ActStreamDevice,#0)</visible>
		</control>
		<control type="label" id="1">
			<left>295</left>
			<width>50</width>
			<height>38</height>
			<align>left</align>
			<font>primal_18</font>
			<textcolor>$VAR[ColorProgress]</textcolor>
			<shadowcolor>$VAR[ColorFontShadow]</shadowcolor>
			<label>A</label>
			<visible>substring(PVR.ActStreamDevice,#0)</visible>
		</control>
		<control type="label" id="1">
			<left>320</left>
			<width>50</width>
			<height>38</height>
			<align>left</align>
			<font>primal_18</font>
			<textcolor>$VAR[ColorFontNormal]</textcolor>
			<shadowcolor>$VAR[ColorFontShadow]</shadowcolor>
			<label>B</label>
			<visible>!substring(PVR.ActStreamDevice,#1)</visible>
		</control>
		<control type="label" id="1">
			<left>320</left>
			<width>50</width>
			<height>38</height>
			<align>left</align>
			<font>primal_18</font>
			<textcolor>$VAR[ColorProgress]</textcolor>
			<shadowcolor>$VAR[ColorFontShadow]</shadowcolor>
			<label>B</label>
			<visible>substring(PVR.ActStreamDevice,#1)</visible>
		</control>
		<control type="label" id="1">
			<left>345</left>
			<width>50</width>
			<height>38</height>
			<align>left</align>
			<font>primal_18</font>
			<textcolor>$VAR[ColorFontNormal]</textcolor>
			<shadowcolor>$VAR[ColorFontShadow]</shadowcolor>
			<label>C</label>
			<visible>!substring(PVR.ActStreamDevice,#2)</visible>
		</control>
		<control type="label" id="1">
			<left>345</left>
			<width>50</width>
			<height>38</height>
			<align>left</align>
			<font>primal_18</font>
			<textcolor>$VAR[ColorProgress]</textcolor>
			<shadowcolor>$VAR[ColorFontShadow]</shadowcolor>
			<label>C</label>
			<visible>substring(PVR.ActStreamDevice,#2)</visible>
		</control>
		<control type="label" id="1">
			<left>370</left>
			<width>50</width>
			<height>38</height>
			<align>left</align>
			<font>primal_18</font>
			<textcolor>$VAR[ColorFontNormal]</textcolor>
			<shadowcolor>$VAR[ColorFontShadow]</shadowcolor>
			<label>D</label>
			<visible>!substring(PVR.ActStreamDevice,#3)</visible>
		</control>
		<control type="label" id="1">
			<left>370</left>
			<width>50</width>
			<height>38</height>
			<align>left</align>
			<font>primal_18</font>
			<textcolor>$VAR[ColorProgress]</textcolor>
			<shadowcolor>$VAR[ColorFontShadow]</shadowcolor>
			<label>D</label>
			<visible>substring(PVR.ActStreamDevice,#3)</visible>
		</control>
	</control>
	
	<!-- Encryption -->
	<control type="group" id="1">
	<left>20</left>
	<top>920</top>
	<visible>VideoPlayer.Content(LiveTV)</visible>
		<control type="label" id="1">
			<width>50</width>
			<height>38</height>
			<align>left</align>
			<font>primal_18</font>
			<textcolor>$VAR[ColorFontNormal]</textcolor>
			<shadowcolor>$VAR[ColorFontShadow]</shadowcolor>
			<label>S</label>
		</control>
		<control type="label" id="1">
			<visible>SubString(PVR.ActStreamEncryptionName,01) | SubString(PVR.ActStreamEncryptionName,9F)</visible>
			<width>50</width>
			<height>38</height>
			<align>left</align>
			<font>primal_18</font>
			<textcolor>$VAR[ColorProgress]</textcolor>
			<shadowcolor>$VAR[ColorFontShadow]</shadowcolor>
			<label>S</label>
		</control>
		<control type="label" id="1">
			<left>30</left>
			<width>50</width>
			<height>38</height>
			<align>left</align>
			<font>primal_18</font>
			<textcolor>$VAR[ColorFontNormal]</textcolor>
			<shadowcolor>$VAR[ColorFontShadow]</shadowcolor>
			<label>V</label>
		</control>
		<control type="label" id="1">
			<visible>SubString(PVR.ActStreamEncryptionName,5)</visible>
			<left>30</left>
			<width>50</width>
			<height>38</height>
			<align>left</align>
			<font>primal_18</font>
			<textcolor>$VAR[ColorProgress]</textcolor>
			<shadowcolor>$VAR[ColorFontShadow]</shadowcolor>
			<label>V</label>
		</control>
		<control type="label" id="1">
			<left>63</left>
			<width>50</width>
			<height>38</height>
			<align>left</align>
			<font>primal_18</font>
			<textcolor>$VAR[ColorFontNormal]</textcolor>
			<shadowcolor>$VAR[ColorFontShadow]</shadowcolor>
			<label>I</label>
		</control>
		<control type="label" id="1">
			<visible>SubString(PVR.ActStreamEncryptionName,06)</visible>
			<left>63</left>
			<width>50</width>
			<height>38</height>
			<align>left</align>
			<font>primal_18</font>
			<textcolor>$VAR[ColorProgress]</textcolor>
			<shadowcolor>$VAR[ColorFontShadow]</shadowcolor>
			<label>I</label>
		</control>
		<control type="label" id="1">
			<left>85</left>
			<width>50</width>
			<height>38</height>
			<align>left</align>
			<font>primal_18</font>
			<textcolor>$VAR[ColorFontNormal]</textcolor>
			<shadowcolor>$VAR[ColorFontShadow]</shadowcolor>
			<label>ND</label>
		</control>
		<control type="label" id="1">
			<visible>SubString(PVR.ActStreamEncryptionName,09)</visible>
			<left>85</left>
			<width>50</width>
			<height>38</height>
			<align>left</align>
			<font>primal_18</font>
			<textcolor>$VAR[ColorProgress]</textcolor>
			<shadowcolor>$VAR[ColorFontShadow]</shadowcolor>
			<label>ND</label>
		</control>
		<control type="label" id="1">
			<left>135</left>
			<width>50</width>
			<height>38</height>
			<align>left</align>
			<font>primal_18</font>
			<textcolor>$VAR[ColorFontNormal]</textcolor>
			<shadowcolor>$VAR[ColorFontShadow]</shadowcolor>
			<label>CO</label>
		</control>
		<control type="label" id="1">
			<visible>SubString(PVR.ActStreamEncryptionName,0B)</visible>
			<left>135</left>
			<width>50</width>
			<height>38</height>
			<align>left</align>
			<font>primal_18</font>
			<textcolor>$VAR[ColorProgress]</textcolor>
			<shadowcolor>$VAR[ColorFontShadow]</shadowcolor>
			<label>CO</label>
		</control>
		<control type="label" id="1">
			<left>180</left>
			<width>50</width>
			<height>38</height>
			<align>left</align>
			<font>primal_18</font>
			<textcolor>$VAR[ColorFontNormal]</textcolor>
			<shadowcolor>$VAR[ColorFontShadow]</shadowcolor>
			<label>CW</label>
		</control>
		<control type="label" id="1">
			<visible>SubString(PVR.ActStreamEncryptionName,0D)</visible>
			<left>180</left>
			<width>50</width>
			<height>38</height>
			<align>left</align>
			<font>primal_18</font>
			<textcolor>$VAR[ColorProgress]</textcolor>
			<shadowcolor>$VAR[ColorFontShadow]</shadowcolor>
			<label>CW</label>
		</control>
		<control type="label" id="1">
			<left>230</left>
			<width>70</width>
			<height>38</height>
			<align>left</align>
			<font>primal_18</font>
			<textcolor>$VAR[ColorFontNormal]</textcolor>
			<shadowcolor>$VAR[ColorFontShadow]</shadowcolor>
			<label>B</label>
		</control>
		<control type="label" id="1">
			<visible>SubString(PVR.ActStreamEncryptionName,17)</visible>
			<left>230</left>
			<width>70</width>
			<height>38</height>
			<align>left</align>
			<font>primal_18</font>
			<textcolor>$VAR[ColorProgress]</textcolor>
			<shadowcolor>$VAR[ColorFontShadow]</shadowcolor>
			<label>B</label>
		</control>
		<control type="label" id="1">
			<left>258</left>
			<width>50</width>
			<height>38</height>
			<align>left</align>
			<font>primal_18</font>
			<textcolor>$VAR[ColorFontNormal]</textcolor>
			<shadowcolor>$VAR[ColorFontShadow]</shadowcolor>
			<label>N</label>
		</control>
		<control type="label" id="1">
			<visible>SubString(PVR.ActStreamEncryptionName,18)</visible>
			<left>258</left>
			<width>50</width>
			<height>38</height>
			<align>left</align>
			<font>primal_18</font>
			<textcolor>$VAR[ColorProgress]</textcolor>
			<shadowcolor>$VAR[ColorFontShadow]</shadowcolor>
			<label>N</label>
		</control>
		<control type="label" id="1">
			<left>320</left>
			<width>1000</width>
			<height>38</height>
			<align>left</align>
			<font>primal_18</font>
			<textcolor>$VAR[ColorProgress]</textcolor>
			<shadowcolor>$VAR[ColorFontShadow]</shadowcolor>
			<label>$INFO[PVR.ActStreamEncryptionName]</label>
		</control>
	</control>
	
	<!--====================== TV ZUSATZINFOS =========================-->
	<control type="grouplist">
	<left>230</left>
	<top>198</top>
	<height>50</height>
	<width>900</width>
	<visible>VideoPlayer.Content(LiveTV)</visible>
	<itemgap>3</itemgap>
	<pagecontrol>25</pagecontrol>
	<scrolltime tween="sine" easing="out">200</scrolltime>
	<animation effect="fade" time="500"  delay="2000">WindowOpen</animation>
	<orientation>horizontal</orientation>
	  <control type="button" id="14800">
		<height>50</height>
		<width>300</width>
		<aligny>center</aligny>
		<font>primal_18</font>
		<textoffsetx>15</textoffsetx>
		<pulseonselect>false</pulseonselect>
		<label>50022</label>
		<texturenofocus colordiffuse="$VAR[ColorButtonDialogeBack]">skin/button_klein_tranz80.png</texturenofocus>
		<texturefocus colordiffuse="$VAR[BackColorButton]">skin/button_klein_tranz80.png</texturefocus>
		<onclick>ActivateWindow(PVROSDGuide)</onclick>
	  </control>
	  <control type="button" id="14801">
		<height>50</height>
		<width>300</width>
		<aligny>center</aligny>
		<font>primal_18</font>
		<textoffsetx>15</textoffsetx>
		<pulseonselect>false</pulseonselect>
		<label>50013</label>
		<texturenofocus colordiffuse="$VAR[ColorButtonDialogeBack]">skin/button_klein_tranz80.png</texturenofocus>
		<texturefocus colordiffuse="$VAR[BackColorButton]">skin/button_klein_tranz80.png</texturefocus>
		<onclick>ActivateWindow(PVROSDGuide)</onclick>
	  </control>
	</control>
	<control type="group">
	  <left>0</left>
	  <top>0</top>
	  <visible>VideoPlayer.Content(LiveTV)</visible>
	  <animation effect="fade" time="500"  delay="2000">WindowOpen</animation>
	  <control type="image">
		<left>200</left>
		<top>240</top>
		<width>1520</width>
		<height>500</height>
		<aspectratio>stretch</aspectratio>
		<texture background="true">skin/button_klein_tranz90.png</texture>
		<bordertexture border="10">ThumbShadow.png</bordertexture>
		<bordersize>7</bordersize>		
		<colordiffuse>$VAR[ColorButtonDialogeBack]</colordiffuse>
		<visible>VideoPlayer.Content(LiveTV)</visible>
	  </control>
	  <control type="label">
		<left>230</left>
		<top>280</top>
		<width>1455</width>
		<height>38</height>
		<label>[UPPERCASE]$INFO[VideoPlayer.Title][/UPPERCASE]</label>
		<scroll>true</scroll>
		<align>left</align>
		<aligny>center</aligny>
		<font>primal_40</font>
		<textcolor>$VAR[ColorFontNormal]</textcolor>
		<shadowcolor>$VAR[ColorFontShadow]</shadowcolor>
		<visible>Control.HasFocus(14800)</visible>
	  </control>
	  <control type="label">
		<left>230</left>
		<top>280</top>
		<width>1455</width>
		<height>38</height>
		<label>[UPPERCASE]$INFO[VideoPlayer.NextTitle][/UPPERCASE]</label>
		<scroll>true</scroll>
		<align>left</align>
		<aligny>center</aligny>
		<font>primal_40</font>
		<textcolor>$VAR[ColorFontNormal]</textcolor>
		<shadowcolor>$VAR[ColorFontShadow]</shadowcolor>
		<visible>Control.HasFocus(14801)</visible>
	  </control>
	  <control type="textbox">
		<left>230</left>
		<top>350</top>
		<width>1455</width>
		<height>300</height>
		<label>[COLOR $VAR[ColorFontNormal]]$INFO[VideoPlayer.Plot][/COLOR]</label>
		<align>justify</align>
		<font>primal_20</font>
		<autoscroll time="2000" delay="15000" repeat="5000">!Skin.HasSetting(NoPlotScroll)</autoscroll>
		<visible>Control.HasFocus(14800)</visible>
	  </control>
	  <control type="textbox">
		<left>230</left>
		<top>350</top>
		<width>1455</width>
		<height>300</height>
		<label>[COLOR $VAR[ColorFontNormal]]$INFO[VideoPlayer.NextPlot][/COLOR]</label>
		<align>justify</align>
		<font>primal_20</font>
		<autoscroll time="2000" delay="15000" repeat="5000">!Skin.HasSetting(NoPlotScroll)</autoscroll>
		<visible>Control.HasFocus(14801)</visible>
	  </control>
	</control>
	<!-- GROUP FOR INFOS REC LiveTV -->
	<control type="group">
	  <left>550</left>
	  <top>500</top>
	  <visible>VideoPlayer.Content(LiveTV)</visible>
	  <visible>Player.Recording</visible>
	  <control type="label">
		<left>1000</left>
		<top>330</top>
		<width>900</width>
		<height>38</height>
		<label>50208</label>
		<scroll>true</scroll>
		<align>left</align>
		<aligny>center</aligny>
		<font>primal_20</font>
		<textcolor>$VAR[ColorFontNormal]</textcolor>
		<shadowcolor>$VAR[ColorFontShadow]</shadowcolor>
	  </control>
	  <control type="label">
		<left>1000</left>
		<top>370</top>
		<width>900</width>
		<height>38</height>
		<label>$INFO[Pvr.NowRecordingChannel]</label>
		<scroll>true</scroll>
		<align>left</align>
		<aligny>center</aligny>
		<font>primal_20</font>
		<textcolor>$VAR[ColorFontNormal]</textcolor>
		<shadowcolor>$VAR[ColorFontShadow]</shadowcolor>
	  </control>
	  <control type="label">
		<left>1000</left>
		<top>410</top>
		<width>900</width>
		<height>38</height>
		<label>$INFO[Pvr.NowRecordingTitle]</label>
		<scroll>true</scroll>
		<align>left</align>
		<aligny>center</aligny>
		<font>primal_20</font>
		<textcolor>$VAR[ColorFontNormal]</textcolor>
		<shadowcolor>$VAR[ColorFontShadow]</shadowcolor>
	  </control>
	  <control type="label">
		<left>1000</left>
		<top>450</top>
		<width>900</width>
		<height>38</height>
		<label>$INFO[Pvr.NowRecordingDateTime]</label>
		<scroll>true</scroll>
		<align>left</align>
		<aligny>center</aligny>
		<font>primal_20</font>
		<textcolor>$VAR[ColorFontNormal]</textcolor>
		<shadowcolor>$VAR[ColorFontShadow]</shadowcolor>
	  </control>
	</control>
	
	<control type="group">
	  <left>220</left>
	  <top>385</top>
	  <visible>VideoPlayer.Content(Movies) | VideoPlayer.Content(episodes) | VideoPlayer.Content(files) | VideoPlayer.Content(MusicVideos)</visible>
	<control type="label">
	  <left>80</left>
	  <top>315</top>
	  <width>1550</width>
	  <height>38</height>
	  <label>$INFO[VideoPlayer.Title]</label>
	  <scroll>true</scroll>
	  <align>left</align>
	  <aligny>center</aligny>
	  <font>primal_28_Bold</font>
	  <textcolor>$VAR[ColorFontNormal]</textcolor>
	  <shadowcolor>$VAR[ColorFontShadow]</shadowcolor>
	</control>
	<control type="label">
	  <left>80</left>
	  <top>355</top>
	  <width>1550</width>
	  <height>38</height>
	  <label>$INFO[VideoPlayer.Genre]</label>
	  <scroll>true</scroll>
	  <align>left</align>
	  <aligny>center</aligny>
	  <font>primal_16</font>
	  <textcolor>$VAR[ColorProgress]</textcolor>
	  <shadowcolor>$VAR[ColorFontShadow]</shadowcolor>
	</control>
	<control type="textbox">
	  <left>80</left>
	  <top>405</top>
	  <width>1550</width>
	  <height>134</height>
	  <label>[COLOR $VAR[ColorFontNormal]]$INFO[VideoPlayer.Plot][/COLOR]</label>
	  <align>justify</align>
	  <font>primal_18</font>
	  <autoscroll time="2000" delay="15000" repeat="5000">!Skin.HasSetting(NoPlotScroll)</autoscroll>
	</control>
	<control type="label">
	  <left>-120</left>
	  <top>605</top>
	  <width>690</width>
	  <height>38</height>
	  <label>$INFO[VideoPlayer.Time]</label>
	  <scroll>true</scroll>
	  <align>left</align>
	  <aligny>center</aligny>
	  <font>primal_20_Bold</font>
	  <textcolor>$VAR[ColorFontNormal]</textcolor>
	  <shadowcolor>$VAR[ColorFontShadow]</shadowcolor>
	</control>
	<control type="label">
	  <left>900</left>
	  <top>605</top>
	  <width>690</width>
	  <height>38</height>
	  <label>$INFO[VideoPlayer.Duration]</label>
	  <scroll>true</scroll>
	  <align>right</align>
	  <aligny>center</aligny>
	  <font>primal_20_Bold</font>
	  <textcolor>$VAR[ColorFontNormal]</textcolor>
	  <shadowcolor>$VAR[ColorFontShadow]</shadowcolor>
	</control>
	<control type="label">
	  <left>490</left>
	  <top>645</top>
	  <width>500</width>
	  <height>38</height>
	  <label>$LOCALIZE[49972]: $INFO[Player.FinishTime] - $INFO[Player.TimeRemaining]</label>
	  <scroll>true</scroll>
	  <align>center</align>
	  <aligny>center</aligny>
	  <font>primal_20</font>
	  <textcolor>$VAR[ColorFontNormal]</textcolor>
	  <shadowcolor>$VAR[ColorFontShadow]</shadowcolor>
	</control>
	<control type="progress">
	  <description>Progressbar</description>
	  <left>30</left>
	  <top>620</top>
	  <width>1400</width>
	  <height>13</height>
	  <info>Player.Progress</info>
	</control>
   </control>
   
   <control type="group">
	<left>20</left>
	<top>0</top>
	<control type="image">
	  <description>thumb</description>
	  <left>6</left>
	  <top>560</top>
	  <width>250</width>
	  <height>350</height>
	  <align>center</align>
	  <texture background="true" fallback="fanart_fallback.png">$INFO[VideoPlayer.Cover]</texture>
	  <bordertexture border="10">ThumbShadow.png</bordertexture>
	  <bordersize>6</bordersize>
	  <aspectratio>stretch</aspectratio>
	  <visible>VideoPlayer.Content(movies) | VideoPlayer.Content(MusicVideos)</visible>
	</control>
	<control type="image">
	  <description>thumb</description>
	  <left>6</left>
	  <top>560</top>
	  <width>250</width>
	  <height>350</height>
	  <align>center</align>
	  <texture background="true" fallback="fanart_fallback.png">$INFO[Player.Art(tvshow.poster)]</texture>
	  <bordertexture border="10">ThumbShadow.png</bordertexture>
	  <bordersize>6</bordersize>
	  <aspectratio>stretch</aspectratio>
	  <visible>VideoPlayer.Content(seasons) | VideoPlayer.Content(files)</visible>
	</control>
	<control type="image">
	  <description>thumb</description>
	  <left>6</left>
	  <top>560</top>
	  <width>250</width>
	  <height>350</height>
	  <align>center</align>
	  <texture background="true" fallback="fanart_fallback.png">$INFO[Player.Art(season.poster)]</texture>
	  <bordertexture border="10">ThumbShadow.png</bordertexture>
	  <bordersize>6</bordersize>
	  <aspectratio>stretch</aspectratio>
	  <visible>VideoPlayer.Content(episodes)</visible>
	</control>
	<control type="image">
	  <description>thumb</description>
	  <left>28</left>
	  <top>758</top>
	  <width>250</width>
	  <height>250</height>
	  <align>center</align>
	  <texture background="true" fallback="fanart_fallback.png">$INFO[VideoPlayer.Cover]</texture>
	  <bordertexture border="10">ThumbShadow.png</bordertexture>
	  <bordersize>6</bordersize>
	  <aspectratio>keep</aspectratio>
	  <visible>VideoPlayer.Content(LiveTV)</visible>
	</control>
  </control>
 </control>
</controls>
</window>