<?xml version="1.0" encoding="UTF-8"?>
<window>
    <defaultcontrol>5</defaultcontrol>
    <coordinates>
        <left>360</left>
        <top>90</top>
    </coordinates>
    <controls>
        <control type="group">
            <animation effect="fade" start="100" end="0" time="400" condition="Window.IsVisible(SliderDialog)">Conditional</animation>
            <control type="image">
                <description>background image</description>
                <left>0</left>
                <top>0</top>
                <width>1200</width>
                <height>900</height>
                <texture background="true">skin/button_klein.png</texture>
				<bordertexture border="10">ThumbShadow.png</bordertexture>
				<bordersize>6</bordersize>
				<aspectratio>stretch</aspectratio>
				<colordiffuse>$VAR[BackColorFront]</colordiffuse>
            </control>
            <control type="image">
                <description>background image</description>
                <left>11</left>
                <top>11</top>
                <width>1178</width>
                <height>878</height>
                <texture background="true">skin/button_klein.png</texture>
				<aspectratio>stretch</aspectratio>
				<colordiffuse>$VAR[ColorButtonDialogeBack]</colordiffuse>
            </control>
            <control type="label" id="2">
                <description>header label</description>
                <left>60</left>
                <top>30</top>
                <width>1080</width>
                <height>45</height>
                <font>primal_20</font>
                <label>-</label>
                <align>center</align>
                <aligny>center</aligny>
                <textcolor>$VAR[ColorFontSelected]</textcolor>
				<shadowcolor>$VAR[ColorFontShadow]</shadowcolor>
            </control>
            <control type="button">
                <description>Close Window button</description>
                <left>1065</left>
                <top>22</top>
                <width>96</width>
                <height>48</height>
                <label>-</label>
                <font>-</font>
                <onclick>PreviousMenu</onclick>
                <visible>system.getbool(input.enablemouse)</visible>
            </control>
            <control type="grouplist" id="5">
                <description>control area</description>
                <left>60</left>
                <top>98</top>
                <width>780</width>
                <height>705</height>
                <itemgap>5</itemgap>
                <pagecontrol>60</pagecontrol>
                <onleft>60</onleft>
                <onright>60</onright>
                <onup>5</onup>
                <ondown>5</ondown>
            </control>
            <control type="scrollbar" id="60">
                <left>840</left>
                <top>98</top>
                <width>38</width>
                <height>705</height>
                <texturesliderbackground border="0,14,0,14">ScrollBarV.png</texturesliderbackground>
                <texturesliderbar border="0,14,0,14">ScrollBarV_bar.png</texturesliderbar>
                <texturesliderbarfocus border="0,14,0,14">ScrollBarV_bar_focus.png</texturesliderbarfocus>
                <textureslidernib>ScrollBarNib.png</textureslidernib>
                <textureslidernibfocus>ScrollBarNib.png</textureslidernibfocus>
                <onleft>5</onleft>
                <onright>5</onright>
                <ondown>61</ondown>
                <onup>61</onup>
                <showonepage>false</showonepage>
                <orientation>vertical</orientation>
            </control>
            <control type="label">
                <description>info label</description>
                <left>60</left>
                <top>810</top>
                <width>1080</width>
                <height>45</height>
                <font>primal_18</font>
                <label>$INFO[ADSP.MasterInfo]</label>
                <align>left</align>
                <aligny>center</aligny>
                <textcolor>$VAR[ColorFontNormal]</textcolor>
				<shadowcolor>$VAR[ColorFontShadow]</shadowcolor>
            </control>
            <control type="image">
                <description>Audio DSP Image</description>
                <left>832</left>
                <top>810</top>
                <width>128</width>
                <height>52</height>
                <aspectratio align="center">keep</aspectratio>
                <visible>!IsEmpty(ADSP.MasterOwnIcon)</visible>
                <texture>$INFO[ADSP.MasterOwnIcon]</texture>
            </control>
            <control type="image">
                <description>Audio Codec Image</description>
                <left>960</left>
                <top>810</top>
                <width>128</width>
                <height>52</height>
                <aspectratio align="center">keep</aspectratio>
                <texture>$INFO[VideoPlayer.AudioCodec,flagging/audio/,.png]</texture>
                <visible>IsEmpty(ADSP.MasterOverrideIcon) + Player.HasVideo</visible>
            </control>
            <control type="image">
                <description>Audio Codec Image</description>
                <left>960</left>
                <top>810</top>
                <width>128</width>
                <height>52</height>
                <aspectratio align="center">keep</aspectratio>
                <texture>$INFO[MusicPlayer.Codec,flagging/audio/,.png]</texture>
                <visible>IsEmpty(ADSP.MasterOverrideIcon) + Player.HasAudio</visible>
            </control>
            <control type="image">
                <description>Audio Codec Override Image</description>
                <left>960</left>
                <top>810</top>
                <width>128</width>
                <height>52</height>
                <aspectratio align="center">keep</aspectratio>
                <visible>!IsEmpty(ADSP.MasterOverrideIcon)</visible>
                <texture>$INFO[ADSP.MasterOverrideIcon]</texture>
            </control>
            <control type="image">
                <description>Audio Channels Image</description>
                <left>1095</left>
                <top>810</top>
                <width>75</width>
                <height>52</height>
                <aspectratio align="center">keep</aspectratio>
                <texture>$INFO[VideoPlayer.AudioChannels,flagging/audio/,.png]</texture>
            </control>
            <control type="label">
                <description>type label</description>
                <left>885</left>
                <top>98</top>
                <width>1080</width>
                <height>45</height>
                <font>primal_18</font>
                <label>15042</label>
                <align>left</align>
                <aligny>center</aligny>
                <textcolor>$VAR[ColorFontNormal]</textcolor>
				<shadowcolor>$VAR[ColorFontShadow]</shadowcolor>
            </control>
            <control type="label">
                <description>type label</description>
                <left>885</left>
                <top>150</top>
                <width>345</width>
                <height>45</height>
                <font>primal_18</font>
                <label>$INFO[ADSP.DetectedStreamType]</label>
                <align>left</align>
                <aligny>center</aligny>
                <textcolor>$VAR[ColorFontNormal]</textcolor>
				<shadowcolor>$VAR[ColorFontShadow]</shadowcolor>
            </control>
        </control>
        <control type="button" id="7">
            <description>Default Button</description>
            <left>0</left>
            <top>0</top>
            <height>60</height>
        </control>
        <control type="radiobutton" id="8">
            <description>Default RadioButton</description>
            <left>0</left>
            <top>0</top>
            <height>60</height>
        </control>
        <control type="spincontrolex" id="9">
            <description>Default SpinControlex</description>
            <left>0</left>
            <top>0</top>
            <height>60</height>
            <font>primal_18</font>
            <aligny>center</aligny>
            <reverse>yes</reverse>
        </control>
        <control type="edit" id="12">
            <description>Default Edit</description>
            <left>0</left>
            <top>0</top>
            <height>60</height>
        </control>
        <control type="sliderex" id="13">
            <description>Default Slider</description>
            <height>60</height>
        </control>
        <control type="label" id="14">
            <description>Default Label</description>
            <left>0</left>
            <top>0</top>
            <height>45</height>
            <label>-</label>
            <align>center</align>
            <aligny>bottom</aligny>
        </control>
    </controls>
</window>
