﻿<?xml version="1.0" encoding="UTF-8"?>
<window id="603">
  <defaultcontrol>29</defaultcontrol>
  <coordinates>
    <system>1</system>
    <left>360</left>
    <top>82</top>
  </coordinates>
  <controls>
    <control type="image">
      <description>background image</description>
      <left>20</left>
      <top>20</top>
      <width>1160</width>
      <height>900</height>
      <texture background="true">skin/button_klein.png</texture>
	  <bordertexture border="10">ThumbShadow.png</bordertexture>
	  <bordersize>7</bordersize>
	  <colordiffuse>$VAR[ColorButtonDialogeBack]</colordiffuse>
    </control>
    <control type="label" id="2">
      <description>header label</description>
      <left>20</left>
      <top>-15</top>
      <width>1140</width>
      <height>45</height>
      <font>primal_26</font>
      <label>-</label>
      <align>center</align>
      <aligny>center</aligny>
      <textcolor>$VAR[ColorFontSelected]</textcolor>
	  <shadowcolor>$VAR[ColorFontShadow]</shadowcolor>
    </control>
    <control type="grouplist" id="5">
      <description>control area</description>
      <left>45</left>
      <top>50</top>
      <width>1110</width>
      <height>730</height>
      <itemgap>5</itemgap>
      <onup>9001</onup>
      <ondown>9001</ondown>
      <onleft>9001</onleft>
      <onright>9001</onright>
    </control>
    <control type="button" id="7">
      <description>Default Button</description>
      <height>60</height>
      <font>primal_20</font>
      <textcolor>white</textcolor>
      <focusedcolor>white</focusedcolor>
    </control>
    <control type="radiobutton" id="8">
      <description>Default RadioButton</description>
      <height>60</height>
      <font>primal_20</font>
      <textcolor>white</textcolor>
      <focusedcolor>white</focusedcolor>
    </control>
    <control type="spincontrolex" id="9">
      <description>Default spincontrolex</description>
      <height>60</height>
      <textcolor>white</textcolor>
      <focusedcolor>white</focusedcolor>
      <font>primal_20</font>
      <aligny>center</aligny>
      <reverse>yes</reverse>
    </control>
    <control type="sliderex" id="13">
      <description>Default Slider</description>
      <height>60</height>
      <font>primal_20</font>
      <textcolor>white</textcolor>
      <focusedcolor>white</focusedcolor>
    </control>
    <control type="image" id="11">
      <description>Default Seperator</description>
      <height>3</height>
      <texture>-</texture>
    </control>
    <control type="edit" id="12">
      <description>Default Edit</description>
      <height>60</height>
      <font>primal_20</font>
      <textcolor>white</textcolor>
      <focusedcolor>white</focusedcolor>
    </control>
    <control type="group" id="9001">
      <left>300</left>
      <top>800</top>
      <control type="button" id="28">
        <description>OK Button</description>
        <left>0</left>
        <top>0</top>
        <width>300</width>
        <height>70</height>
        <align>center</align>
        <aligny>center</aligny>
        <font>primal_25</font>
		<textcolor>white</textcolor>
        <focusedcolor>white</focusedcolor>
        <label>186</label>
        <onleft>29</onleft>
        <onright>29</onright>
        <onup>5</onup>
        <ondown>5</ondown>
      </control>
      <control type="button" id="29">
        <description>Cancel Button</description>
        <left>320</left>
        <top>0</top>
        <width>300</width>
        <height>70</height>
        <align>center</align>
        <aligny>center</aligny>
        <font>primal_25</font>
		<textcolor>white</textcolor>
        <focusedcolor>white</focusedcolor>
        <label>222</label>
        <onleft>28</onleft>
        <onright>28</onright>
        <onup>5</onup>
        <ondown>5</ondown>
      </control>
    </control>
  </controls>
</window>