<?xml version="1.0" encoding="UTF-8"?>
<window id="151">
	<defaultcontrol always="true">5</defaultcontrol>
	<coordinates>
		<system>1</system>
		<left>540</left>
		<top>250</top>
	</coordinates>
	<include>dialogeffect</include>
	<controls>
	    <control type="image">
		  <left>-540</left>
		  <top>-250</top>
		  <width>1920</width>
		  <height>1080</height>
		  <texture background="true">background.png</texture>
		</control>
		<control type="image">
			<description>background image</description>
			<left>-20</left>
			<top>-40</top>
			<width>850</width>
			<height>600</height>
			<texture background="true">skin/button_klein.png</texture>
			<bordertexture border="10">ThumbShadow.png</bordertexture>
			<bordersize>7</bordersize>
			<aspectratio>stretch</aspectratio>
			<colordiffuse>$VAR[ColorButtonDialogeBack]</colordiffuse>
		</control>
		<control type="label" id="2">
			<description>header label</description>
			<left>40</left>
			<top>20</top>
			<width>720</width>
			<height>30</height>
			<font>font13_title</font>
			<label>587</label>
			<align>center</align>
			<aligny>center</aligny>
			<textcolor>selected</textcolor>
			<shadowcolor>black</shadowcolor>
		</control>
		<control type="button">
			<description>Close Window button</description>
			<left>710</left>
			<top>15</top>
			<width>64</width>
			<height>32</height>
			<label>-</label>
			<font>-</font>
			<onclick>PreviousMenu</onclick>
			<texturefocus>default/close.png</texturefocus>
		    <texturenofocus>default/close.png</texturenofocus>
			<onleft>10</onleft>
			<onright>10</onright>
			<onup>10</onup>
			<ondown>10</ondown>
			<visible>!Skin.HasSetting(tablet_modus)</visible>
		</control>
		<control type="grouplist" id="5">
			<description>control area</description>
			<left>0</left>
			<top>70</top>
			<width>810</width>
			<height>350</height>
			<itemgap>4</itemgap>
			<pagecontrol>6</pagecontrol>
			<onup>9001</onup>
			<ondown>9001</ondown>
			<onleft>9001</onleft>
			<onright>6</onright>
		</control>
		<control type="scrollbar" id="6">
			<left>755</left>
			<top>70</top>
			<width>15</width>
			<height>350</height>
			<texturesliderbackground>button/ScrollBarV.png</texturesliderbackground>
			<texturesliderbar colordiffuse="$VAR[BackColorFront]">button/ScrollBarV_bar.png</texturesliderbar>
			<texturesliderbarfocus colordiffuse="$VAR[BackColorButton]">button/ScrollBarV_bar_focus.png</texturesliderbarfocus>
			<textureslidernib>button/ScrollBarNib.png</textureslidernib>
			<textureslidernibfocus>button/ScrollBarNib.png</textureslidernibfocus>
			<onleft>5</onleft>
			<onright>9001</onright>
			<showonepage>false</showonepage>
			<orientation>vertical</orientation>
		</control>
		<control type="button" id="7">
			<description>Default Button</description>
			<left>0</left>
			<top>0</top>
			<height>50</height>
		</control>
		<control type="radiobutton" id="8">
			<description>Default RadioButton</description>
			<left>0</left>
			<top>0</top>
			<height>50</height>
		</control>
		<control type="spincontrolex" id="9">
			<description>Default SpinControlex</description>
			<left>0</left>
			<top>0</top>
			<height>50</height>
			<aligny>center</aligny>
			<reverse>yes</reverse>
		</control>
		<control type="sliderex" id="13">
			<description>Default Slider</description>
			<left>0</left>
			<top>0</top>
			<height>50</height>
			<aligny>center</aligny>
		</control>
		<control type="edit" id="12">
			<description>Default Edit</description>
			<left>0</left>
			<top>0</top>
			<height>50</height>
		</control>

		<control type="group" id="9001">
			<left>190</left>
			<top>435</top>
			<control type="button" id="28">
				<description>Ok Button</description>
				<left>0</left>
				<top>0</top>
				<width>200</width>
				<height>60</height>
				<align>center</align>
				<aligny>center</aligny>
				<label>186</label>
				<onup>5</onup>
				<onleft>27</onleft>
				<onright>27</onright>
				<ondown>5</ondown>
			</control>
			<control type="button" id="27">
				<description>Clear Button</description>
				<left>210</left>
				<top>0</top>
				<width>200</width>
				<height>60</height>
				<align>center</align>
				<aligny>center</aligny>
				<label>192</label>
				<onup>5</onup>
				<onleft>28</onleft>
				<onright>28</onright>
				<ondown>5</ondown>
			</control>
		</control>
	</controls>
</window>
