<?xml version="1.0" encoding="UTF-8"?>
<window>
	<defaultcontrol always="true">50</defaultcontrol>
	<allowoverlay>no</allowoverlay>
	<include>ViewsidTimers</include>
	<controls>
        <include>CommonHomeBack</include>
		<include>CommonAllFront3</include>	
		<include>SideBladeForViews</include>			
		<include condition="!Skin.HasSetting(NoCommonHomeButton)">BigInfosTime</include>
		<include condition="!Skin.HasSetting(NoCommonHomeButton)">BigInfosDatabaseCount</include>
		<include condition="!Skin.HasSetting(homenoleftweather)">BigInfosWeather</include>
		<include condition="!Skin.HasSetting(NoCommonHomeButton)">CommonHomeButton</include>
		<include>HomePlaying</include>
		<control type="group">
			<description>Timers group</description>
			<visible>Control.IsVisible(50)</visible>
			<include>Animation.ZoomIn</include>
			<control type="group">
				<left>0</left>
				<top>0</top>
				<control type="label">
					<description>Channel header label</description>
					<left>200</left>
					<top>180</top>
					<width>220</width>
					<height>20</height>
					<font>primal_20</font>
					<textcolor>$VAR[ColorFontNormal]</textcolor>
	                <shadowcolor>$VAR[ColorFontShadow]</shadowcolor>
					<aligny>center</aligny>
					<label>19029</label>
				</control>
				<control type="label">
					<description>Title header label</description>
					<left>600</left>
					<top>180</top>
					<width>300</width>
					<height>20</height>
					<font>primal_20</font>
					<textcolor>$VAR[ColorFontNormal]</textcolor>
	                <shadowcolor>$VAR[ColorFontShadow]</shadowcolor>
					<aligny>center</aligny>
					<label>369</label>
				</control>
				<control type="label">
					<description>Schedule Time header label</description>
					<left>1060</left>
					<top>180</top>
					<width>300</width>
					<height>20</height>
					<font>primal_20</font>
					<textcolor>$VAR[ColorFontNormal]</textcolor>
	                <shadowcolor>$VAR[ColorFontShadow]</shadowcolor>
					<aligny>center</aligny>
					<label>31501</label>
				</control>
				<control type="label">
					<description>Status header label</description>
					<left>1550</left>
					<top>180</top>
					<width>150</width>
					<height>20</height>
					<font>primal_20</font>
					<textcolor>$VAR[ColorFontNormal]</textcolor>
	                <shadowcolor>$VAR[ColorFontShadow]</shadowcolor>
					<aligny>center</aligny>
					<label>126</label>
				</control>
				<control type="list" id="50">
					<left>184</left>
					<top>245</top>
					<width>1645</width>
					<height>720</height>
					<onup>50</onup>
					<ondown>50</ondown>
					<onleft>9020</onleft>
					<onright>73</onright>
					<pagecontrol>73</pagecontrol>
					<scrolltime>200</scrolltime>
					<itemlayout height="65">
						<control type="image">
							<left>0</left>
							<top>0</top>
							<width>1750</width>
							<height>1</height>
							<texture background="true">default/separator.png</texture>
						</control>
						<control type="group">
							<visible>IsEmpty(ListItem.Date)</visible>
							<control type="label">
								<left>50</left>
								<top>7</top>
								<width>1700</width>
								<height>40</height>
								<font>primal_20</font>
								<aligny>center</aligny>
								<selectedcolor>$VAR[ColorFontSelected]</selectedcolor>
								<info>ListItem.Label</info>
							</control>
						</control>
						<control type="group">
							<visible>!IsEmpty(ListItem.Date)</visible>
							<control type="image">
								<left>15</left>
								<top>5</top>
								<width>50</width>
								<height>50</height>
								<texture border="1">$INFO[ListItem.Icon]</texture>
								<aspectratio>keep</aspectratio>
							</control>
							<control type="label">
								<left>100</left>
								<top>7</top>
								<width>150</width>
								<height>40</height>
								<font>primal_20</font>
								<aligny>center</aligny>
								<selectedcolor>$VAR[ColorFontSelected]</selectedcolor>
								<info>ListItem.ChannelName</info>
							</control>
							<control type="label">
								<left>400</left>
								<top>7</top>
								<width>500</width>
								<height>40</height>
								<font>primal_20</font>
								<aligny>center</aligny>
								<selectedcolor>$VAR[ColorFontSelected]</selectedcolor>
								<info>ListItem.Label</info>
							</control>
							<control type="label">
								<left>1000</left>
								<top>7</top>
								<width>400</width>
								<height>40</height>
								<font>primal_20</font>
								<aligny>center</aligny>
								<selectedcolor>$VAR[ColorFontSelected]</selectedcolor>
								<info>ListItem.Date</info>
							</control>
							<control type="label">
								<left>1550</left>
								<top>7</top>
								<width>170</width>
								<height>40</height>
								<font>primal_20</font>
								<aligny>center</aligny>
								<selectedcolor>$VAR[ColorFontSelected]</selectedcolor>
								<info>ListItem.Comment</info>
							</control>
						</control>
					</itemlayout>
					<focusedlayout height="65">
						<control type="image">
							<left>0</left>
							<top>0</top>
							<width>1850</width>
							<height>60</height>
							<texture background="true">skin/button_klein.png</texture>
			                <colordiffuse>$VAR[BackColorButton]</colordiffuse>
						</control>
						<control type="image">
							<left>0</left>
							<top>0</top>
							<width>1850</width>
							<height>60</height>
							<texture background="true">skin/button_klein.png</texture>
			                <colordiffuse>$VAR[BackColorButton]</colordiffuse>
							<visible>Control.HasFocus(50)</visible>
						</control>
						<control type="group">
							<visible>IsEmpty(ListItem.Date)</visible>
							<control type="label">
								<left>50</left>
								<top>7</top>
								<width>1700</width>
								<height>40</height>
								<font>primal_20</font>
								<aligny>center</aligny>
								<selectedcolor>$VAR[ColorFontSelected]</selectedcolor>
								<info>ListItem.Label</info>
							</control>
						</control>
						<control type="group">
							<visible>!IsEmpty(ListItem.Date)</visible>
							<control type="image">
								<left>15</left>
								<top>5</top>
								<width>50</width>
								<height>50</height>
								<texture border="1">$INFO[ListItem.Icon]</texture>
								<aspectratio>keep</aspectratio>
							</control>
							<control type="label">
								<left>100</left>
								<top>7</top>
								<width>150</width>
								<height>40</height>
								<font>primal_20</font>
								<aligny>center</aligny>
								<selectedcolor>$VAR[ColorFontSelected]</selectedcolor>
								<info>ListItem.ChannelName</info>
							</control>
							<control type="label">
								<left>400</left>
								<top>7</top>
								<width>500</width>
								<height>40</height>
								<font>primal_20</font>
								<aligny>center</aligny>
								<selectedcolor>$VAR[ColorFontSelected]</selectedcolor>
								<info>ListItem.Label</info>
							</control>
							<control type="label">
								<left>1000</left>
								<top>7</top>
								<width>400</width>
								<height>40</height>
								<font>primal_20</font>
								<aligny>center</aligny>
								<selectedcolor>$VAR[ColorFontSelected]</selectedcolor>
								<info>ListItem.Date</info>
							</control>
							<control type="label">
								<left>1550</left>
								<top>7</top>
								<width>170</width>
								<height>40</height>
								<font>primal_20</font>
								<aligny>center</aligny>
								<selectedcolor>$VAR[ColorFontSelected]</selectedcolor>
								<info>ListItem.Comment</info>
							</control>
						</control>
					</focusedlayout>
				</control>
				<control type="scrollbar" id="73">
					<left>1845</left>
					<top>165</top>
					<width>10</width>
					<height>810</height>
					<texturesliderbackground>button/ScrollBarV.png</texturesliderbackground>
					<texturesliderbar colordiffuse="$VAR[BackColorFront]">button/ScrollBarV_bar.png</texturesliderbar>
					<texturesliderbarfocus colordiffuse="$VAR[BackColorButton]">button/ScrollBarV_bar_focus.png</texturesliderbarfocus>
					<textureslidernib>button/ScrollBarNib.png</textureslidernib>
					<textureslidernibfocus>button/ScrollBarNib.png</textureslidernibfocus>
					<showonepage>true</showonepage>
					<orientation>vertical</orientation>
					<onleft>50</onleft>
					<onright>1860</onright>
				</control>
				<control type="label">
					<description>Next timer date</description>
					<left>400</left>
					<top>850</top>
					<width>1010</width>
					<height>30</height>
					<font>primal_20</font>
					<align>center</align>
					<aligny>center</aligny>
					<scroll>true</scroll>
					<textcolor>$VAR[ColorFontNormal]</textcolor>
	                <shadowcolor>$VAR[ColorFontShadow]</shadowcolor>
					<label>$INFO[PVR.NextTimer]</label>
					<visible>PVR.HasTimer</visible>
				</control>
			</control>
			<control type="label">
				<description>Page Count Label</description>
				<left>80</left>
				<top>1020</top>
				<width>500</width>
				<height>20</height>
				<font>primal_20</font>
				<textcolor>$VAR[ColorFontNormal]</textcolor>
				<shadowcolor>$VAR[ColorFontShadow]</shadowcolor>
				<scroll>false</scroll>
				<aligny>center</aligny>
				<label>($INFO[Container(50).NumItems]) $LOCALIZE[19040] - $LOCALIZE[31024] ($INFO[Container(50).CurrentPage]/$INFO[Container(50).NumPages])</label>		
			</control>
		</control>
		<include>PVRSideBlade</include>
	</controls>
</window>
