<?xml version="1.0" encoding="UTF-8"?>
<addon id="skin.horizonzv" name="[RC] Horizonz V (Kodi 17)" version="0.9.0.0" provider-name="blauesgruen">
	<requires>
		<import addon="xbmc.gui" version="5.12.0"/>
	</requires>
	<extension point="xbmc.gui.skin" debugging="false" effectslowdown="0.65">
		<res width="1920" height="1080" aspect="16:9" default="true" folder="1080p" />
	</extension>
	<extension point="xbmc.addon.metadata">
		<platform>all</platform>
		<summary>Skin von blauesgruen / Initiator mad-max</summary>
		<description></description>
		<!-- <description>Konzept:[CR]- einen AEON Skin schaffen der auch auf schwächeren Systemen läuft[CR]- logische und intuitive Bedienung[CR]- ein ansprechendes Aussehen im Alu-/Glasdesign, gut lesbar[CR]- alles ganz anders zu machen ;)[CR]bisher unterstützte Addons:[CR]- Artwork Downloader (Artworks für Filme)[CR]- CDArt Manager (Artworks für Music)[CR]- Script Extended Infos[CR]- GlobalSearch[CR]- SkinWidgets (ermöglicht die Darstellung von "zuletzt hinzugefügten", "zufällig gewählten" und "empfohlenen" Elementen)[CR]Kontakt und Fehlermeldungen:[CR]- www.kodinerds.net "Horizonz V"[CR]DANKE AN DIE COMMUNITY BEI XBMCNERDS/KODINERDS FUER DIE UNTERSTÜTZUNG !!!</description> -->
		<disclaimer>Ursprünglich basierte der Skin auf den Mockups von xb2iris Skin "Horizonz".</disclaimer>
	</extension>
</addon>