<?xml version="1.0" encoding="UTF-8"?>
<window>
	<defaultcontrol>2</defaultcontrol>
	<onload condition="Skin.HasSetting(ArtistSlide)">RunScript(script.artistslideshow)</onload>
	<controls>
		<control type="group">
			<control type="group">
				<control type="visualisation" id="2">
					<!-- FIX ME Music Visualization needs to have an id of 2 in this window to be able to lock or change preset -->
					<description>visualisation</description>
					<left>0</left>
					<top>0</top>
					<width>1280</width>
					<height>720</height>
				</control>
				<control type="image">
					<description>Fanart Image for Artist</description>
					<left>0</left>
					<top>0</top>
					<width>1280</width>
					<height>720</height>
					<texture background="true" fallback="appearance.jpg">$INFO[Player.Art(fanart)]</texture>
					<colordiffuse>AAFFFFFF</colordiffuse>
					<animation effect="fade" start="0" end="100" time="300">Visible</animation>
					<animation effect="fade" start="100" end="0" time="300">Hidden</animation>
					<visible>!Skin.HasSetting(CDWallNoVisualisation) + [!Skin.HasSetting(ArtistSlide)|!SubString(Window(Visualisation).Property(ArtistSlideshow.ArtworkReady),true)]</visible>
					<fadetime>600</fadetime>
				</control>
				<control type="multiimage">
					<left>0</left>
					<top>0</top>
					<width>1280</width>
					<height>720</height>
					<imagepath background="true">$INFO[Window(Visualisation).Property(ArtistSlideshow)]</imagepath>
					<aspectratio>stretch</aspectratio>
					<timeperimage>4000</timeperimage>
					<fadetime>1500</fadetime>
					<randomize>true</randomize>
					<colordiffuse>AAFFFFFF</colordiffuse>
					<animation effect="fade" start="0" end="100" time="300">Visible</animation>
					<animation effect="fade" start="100" end="0" time="300">Hidden</animation>
					<visible>SubString(Window(Visualisation).Property(ArtistSlideshow.ArtworkReady),true) + Skin.HasSetting(ArtistSlide) + !Skin.HasSetting(CDWallNoVisualisation)</visible>
				</control>
				<!-- media infos -->
				<control type="group">
					<left>-35</left>
					<top>-15</top>
					<visible>Player.HasAudio + Skin.HasSetting(CDWallNoVisualisation)</visible>
					<control type="multiimage">
						<left>0</left>
						<top>0</top>
						<width>150</width>
						<height>150</height>
						<aspectratio>stretch</aspectratio>
						<imagepath background="true">$INFO[Skin.String(CDWall_Folder_Path)]</imagepath>
						<colordiffuse>88FFFFFF</colordiffuse>
						<timeperimage>6300</timeperimage>
						<fadetime>500</fadetime>
						<randomize>true</randomize>
					</control>
					<control type="multiimage">
						<left>150</left>
						<top>0</top>
						<width>150</width>
						<height>150</height>
						<aspectratio>stretch</aspectratio>
						<imagepath background="true">$INFO[Skin.String(CDWall_Folder_Path)]</imagepath>
						<colordiffuse>88FFFFFF</colordiffuse>
						<timeperimage>7700</timeperimage>
						<fadetime>500</fadetime>
						<randomize>true</randomize>
					</control>
					<control type="multiimage">
						<left>300</left>
						<top>0</top>
						<width>150</width>
						<height>150</height>
						<aspectratio>stretch</aspectratio>
						<imagepath background="true">$INFO[Skin.String(CDWall_Folder_Path)]</imagepath>
						<colordiffuse>88FFFFFF</colordiffuse>
						<timeperimage>8000</timeperimage>
						<fadetime>500</fadetime>
						<randomize>true</randomize>
					</control>
					<control type="multiimage">
						<left>450</left>
						<top>0</top>
						<width>150</width>
						<height>150</height>
						<aspectratio>stretch</aspectratio>
						<imagepath background="true">$INFO[Skin.String(CDWall_Folder_Path)]</imagepath>
						<colordiffuse>88FFFFFF</colordiffuse>
						<timeperimage>6000</timeperimage>
						<fadetime>500</fadetime>
						<randomize>true</randomize>
					</control>
					<control type="multiimage">
						<left>600</left>
						<top>0</top>
						<width>150</width>
						<height>150</height>
						<aspectratio>stretch</aspectratio>
						<imagepath background="true">$INFO[Skin.String(CDWall_Folder_Path)]</imagepath>
						<colordiffuse>88FFFFFF</colordiffuse>
						<timeperimage>4000</timeperimage>
						<fadetime>500</fadetime>
						<randomize>true</randomize>
					</control>
					<control type="multiimage">
						<left>750</left>
						<top>0</top>
						<width>150</width>
						<height>150</height>
						<aspectratio>stretch</aspectratio>
						<imagepath background="true">$INFO[Skin.String(CDWall_Folder_Path)]</imagepath>
						<colordiffuse>88FFFFFF</colordiffuse>
						<timeperimage>5500</timeperimage>
						<fadetime>500</fadetime>
						<randomize>true</randomize>
					</control>
					<control type="multiimage">
						<left>900</left>
						<top>0</top>
						<width>150</width>
						<height>150</height>
						<aspectratio>stretch</aspectratio>
						<imagepath background="true">$INFO[Skin.String(CDWall_Folder_Path)]</imagepath>
						<colordiffuse>88FFFFFF</colordiffuse>
						<timeperimage>5000</timeperimage>
						<fadetime>500</fadetime>
						<randomize>true</randomize>
					</control>
					<control type="multiimage">
						<left>1050</left>
						<top>0</top>
						<width>150</width>
						<height>150</height>
						<aspectratio>stretch</aspectratio>
						<imagepath background="true">$INFO[Skin.String(CDWall_Folder_Path)]</imagepath>
						<colordiffuse>88FFFFFF</colordiffuse>
						<timeperimage>6200</timeperimage>
						<fadetime>500</fadetime>
						<randomize>true</randomize>
					</control>
					<control type="multiimage">
						<left>1200</left>
						<top>0</top>
						<width>150</width>
						<height>150</height>
						<aspectratio>stretch</aspectratio>
						<imagepath background="true">$INFO[Skin.String(CDWall_Folder_Path)]</imagepath>
						<colordiffuse>88FFFFFF</colordiffuse>
						<timeperimage>6600</timeperimage>
						<fadetime>500</fadetime>
						<randomize>true</randomize>
					</control>
					<control type="multiimage">
						<left>0</left>
						<top>150</top>
						<width>150</width>
						<height>150</height>
						<aspectratio>stretch</aspectratio>
						<imagepath background="true">$INFO[Skin.String(CDWall_Folder_Path)]</imagepath>
						<colordiffuse>88FFFFFF</colordiffuse>
						<timeperimage>6500</timeperimage>
						<fadetime>500</fadetime>
						<randomize>true</randomize>
					</control>
					<control type="multiimage">
						<left>150</left>
						<top>150</top>
						<width>150</width>
						<height>150</height>
						<aspectratio>stretch</aspectratio>
						<imagepath background="true">$INFO[Skin.String(CDWall_Folder_Path)]</imagepath>
						<colordiffuse>88FFFFFF</colordiffuse>
						<timeperimage>7200</timeperimage>
						<fadetime>500</fadetime>
						<randomize>true</randomize>
					</control>
					<control type="multiimage">
						<left>300</left>
						<top>150</top>
						<width>150</width>
						<height>150</height>
						<aspectratio>stretch</aspectratio>
						<imagepath background="true">$INFO[Skin.String(CDWall_Folder_Path)]</imagepath>
						<colordiffuse>88FFFFFF</colordiffuse>
						<timeperimage>5100</timeperimage>
						<fadetime>500</fadetime>
						<randomize>true</randomize>
					</control>
					<control type="multiimage">
						<left>450</left>
						<top>150</top>
						<width>150</width>
						<height>150</height>
						<aspectratio>stretch</aspectratio>
						<imagepath background="true">$INFO[Skin.String(CDWall_Folder_Path)]</imagepath>
						<colordiffuse>88FFFFFF</colordiffuse>
						<timeperimage>5200</timeperimage>
						<fadetime>500</fadetime>
						<randomize>true</randomize>
					</control>
					<control type="multiimage">
						<left>600</left>
						<top>150</top>
						<width>150</width>
						<height>150</height>
						<aspectratio>stretch</aspectratio>
						<imagepath background="true">$INFO[Skin.String(CDWall_Folder_Path)]</imagepath>
						<colordiffuse>88FFFFFF</colordiffuse>
						<timeperimage>4100</timeperimage>
						<fadetime>500</fadetime>
						<randomize>true</randomize>
					</control>
					<control type="multiimage">
						<left>750</left>
						<top>150</top>
						<width>150</width>
						<height>150</height>
						<aspectratio>stretch</aspectratio>
						<imagepath background="true">$INFO[Skin.String(CDWall_Folder_Path)]</imagepath>
						<colordiffuse>88FFFFFF</colordiffuse>
						<timeperimage>5700</timeperimage>
						<fadetime>500</fadetime>
						<randomize>true</randomize>
					</control>
					<control type="multiimage">
						<left>900</left>
						<top>150</top>
						<width>150</width>
						<height>150</height>
						<aspectratio>stretch</aspectratio>
						<imagepath background="true">$INFO[Skin.String(CDWall_Folder_Path)]</imagepath>
						<colordiffuse>88FFFFFF</colordiffuse>
						<timeperimage>4400</timeperimage>
						<fadetime>500</fadetime>
						<randomize>true</randomize>
					</control>
					<control type="multiimage">
						<left>1050</left>
						<top>150</top>
						<width>150</width>
						<height>150</height>
						<aspectratio>stretch</aspectratio>
						<imagepath background="true">$INFO[Skin.String(CDWall_Folder_Path)]</imagepath>
						<colordiffuse>88FFFFFF</colordiffuse>
						<timeperimage>6800</timeperimage>
						<fadetime>500</fadetime>
						<randomize>true</randomize>
					</control>
					<control type="multiimage">
						<left>1200</left>
						<top>150</top>
						<width>150</width>
						<height>150</height>
						<aspectratio>stretch</aspectratio>
						<imagepath background="true">$INFO[Skin.String(CDWall_Folder_Path)]</imagepath>
						<colordiffuse>88FFFFFF</colordiffuse>
						<timeperimage>7800</timeperimage>
						<fadetime>500</fadetime>
						<randomize>true</randomize>
					</control>
					<control type="multiimage">
						<left>0</left>
						<top>300</top>
						<width>150</width>
						<height>150</height>
						<aspectratio>stretch</aspectratio>
						<imagepath background="true">$INFO[Skin.String(CDWall_Folder_Path)]</imagepath>
						<colordiffuse>88FFFFFF</colordiffuse>
						<timeperimage>8100</timeperimage>
						<fadetime>500</fadetime>
						<randomize>true</randomize>
					</control>
					<control type="multiimage">
						<left>150</left>
						<top>300</top>
						<width>150</width>
						<height>150</height>
						<aspectratio>stretch</aspectratio>
						<imagepath background="true">$INFO[Skin.String(CDWall_Folder_Path)]</imagepath>
						<colordiffuse>88FFFFFF</colordiffuse>
						<timeperimage>4900</timeperimage>
						<fadetime>500</fadetime>
						<randomize>true</randomize>
					</control>
					<control type="multiimage">
						<left>300</left>
						<top>300</top>
						<width>150</width>
						<height>150</height>
						<aspectratio>stretch</aspectratio>
						<imagepath background="true">$INFO[Skin.String(CDWall_Folder_Path)]</imagepath>
						<colordiffuse>88FFFFFF</colordiffuse>
						<timeperimage>5300</timeperimage>
						<fadetime>500</fadetime>
						<randomize>true</randomize>
					</control>
					<control type="multiimage">
						<left>450</left>
						<top>300</top>
						<width>150</width>
						<height>150</height>
						<aspectratio>stretch</aspectratio>
						<imagepath background="true">$INFO[Skin.String(CDWall_Folder_Path)]</imagepath>
						<colordiffuse>88FFFFFF</colordiffuse>
						<timeperimage>4500</timeperimage>
						<fadetime>500</fadetime>
						<randomize>true</randomize>
					</control>
					<control type="multiimage">
						<left>600</left>
						<top>300</top>
						<width>150</width>
						<height>150</height>
						<aspectratio>stretch</aspectratio>
						<imagepath background="true">$INFO[Skin.String(CDWall_Folder_Path)]</imagepath>
						<colordiffuse>88FFFFFF</colordiffuse>
						<timeperimage>7000</timeperimage>
						<fadetime>500</fadetime>
						<randomize>true</randomize>
					</control>
					<control type="multiimage">
						<left>750</left>
						<top>300</top>
						<width>150</width>
						<height>150</height>
						<aspectratio>stretch</aspectratio>
						<imagepath background="true">$INFO[Skin.String(CDWall_Folder_Path)]</imagepath>
						<colordiffuse>88FFFFFF</colordiffuse>
						<timeperimage>6400</timeperimage>
						<fadetime>500</fadetime>
						<randomize>true</randomize>
					</control>
					<control type="multiimage">
						<left>900</left>
						<top>300</top>
						<width>150</width>
						<height>150</height>
						<aspectratio>stretch</aspectratio>
						<imagepath background="true">$INFO[Skin.String(CDWall_Folder_Path)]</imagepath>
						<colordiffuse>88FFFFFF</colordiffuse>
						<timeperimage>8300</timeperimage>
						<fadetime>500</fadetime>
						<randomize>true</randomize>
					</control>
					<control type="multiimage">
						<left>1050</left>
						<top>300</top>
						<width>150</width>
						<height>150</height>
						<aspectratio>stretch</aspectratio>
						<imagepath background="true">$INFO[Skin.String(CDWall_Folder_Path)]</imagepath>
						<colordiffuse>88FFFFFF</colordiffuse>
						<timeperimage>7500</timeperimage>
						<fadetime>500</fadetime>
						<randomize>true</randomize>
					</control>
					<control type="multiimage">
						<left>1200</left>
						<top>300</top>
						<width>150</width>
						<height>150</height>
						<aspectratio>stretch</aspectratio>
						<imagepath background="true">$INFO[Skin.String(CDWall_Folder_Path)]</imagepath>
						<colordiffuse>88FFFFFF</colordiffuse>
						<timeperimage>6900</timeperimage>
						<fadetime>500</fadetime>
						<randomize>true</randomize>
					</control>
					<control type="multiimage">
						<left>0</left>
						<top>450</top>
						<width>150</width>
						<height>150</height>
						<aspectratio>stretch</aspectratio>
						<imagepath background="true">$INFO[Skin.String(CDWall_Folder_Path)]</imagepath>
						<colordiffuse>88FFFFFF</colordiffuse>
						<timeperimage>4200</timeperimage>
						<fadetime>500</fadetime>
						<randomize>true</randomize>
					</control>
					<control type="multiimage">
						<left>150</left>
						<top>450</top>
						<width>150</width>
						<height>150</height>
						<aspectratio>stretch</aspectratio>
						<imagepath background="true">$INFO[Skin.String(CDWall_Folder_Path)]</imagepath>
						<colordiffuse>88FFFFFF</colordiffuse>
						<timeperimage>5800</timeperimage>
						<fadetime>500</fadetime>
						<randomize>true</randomize>
					</control>
					<control type="multiimage">
						<left>300</left>
						<top>450</top>
						<width>150</width>
						<height>150</height>
						<aspectratio>stretch</aspectratio>
						<imagepath background="true">$INFO[Skin.String(CDWall_Folder_Path)]</imagepath>
						<colordiffuse>88FFFFFF</colordiffuse>
						<timeperimage>5600</timeperimage>
						<fadetime>500</fadetime>
						<randomize>true</randomize>
					</control>
					<control type="multiimage">
						<left>450</left>
						<top>450</top>
						<width>150</width>
						<height>150</height>
						<aspectratio>stretch</aspectratio>
						<imagepath background="true">$INFO[Skin.String(CDWall_Folder_Path)]</imagepath>
						<colordiffuse>88FFFFFF</colordiffuse>
						<timeperimage>7300</timeperimage>
						<fadetime>500</fadetime>
						<randomize>true</randomize>
					</control>
					<control type="multiimage">
						<left>600</left>
						<top>450</top>
						<width>150</width>
						<height>150</height>
						<aspectratio>stretch</aspectratio>
						<imagepath background="true">$INFO[Skin.String(CDWall_Folder_Path)]</imagepath>
						<colordiffuse>88FFFFFF</colordiffuse>
						<timeperimage>4700</timeperimage>
						<fadetime>500</fadetime>
						<randomize>true</randomize>
					</control>
					<control type="multiimage">
						<left>750</left>
						<top>450</top>
						<width>150</width>
						<height>150</height>
						<aspectratio>stretch</aspectratio>
						<imagepath background="true">$INFO[Skin.String(CDWall_Folder_Path)]</imagepath>
						<colordiffuse>88FFFFFF</colordiffuse>
						<timeperimage>4800</timeperimage>
						<fadetime>500</fadetime>
						<randomize>true</randomize>
					</control>
					<control type="multiimage">
						<left>900</left>
						<top>450</top>
						<width>150</width>
						<height>150</height>
						<aspectratio>stretch</aspectratio>
						<imagepath background="true">$INFO[Skin.String(CDWall_Folder_Path)]</imagepath>
						<colordiffuse>88FFFFFF</colordiffuse>
						<timeperimage>5400</timeperimage>
						<fadetime>500</fadetime>
						<randomize>true</randomize>
					</control>
					<control type="multiimage">
						<left>1050</left>
						<top>450</top>
						<width>150</width>
						<height>150</height>
						<aspectratio>stretch</aspectratio>
						<imagepath background="true">$INFO[Skin.String(CDWall_Folder_Path)]</imagepath>
						<colordiffuse>88FFFFFF</colordiffuse>
						<timeperimage>7100</timeperimage>
						<fadetime>500</fadetime>
						<randomize>true</randomize>
					</control>
					<control type="multiimage">
						<left>1200</left>
						<top>450</top>
						<width>150</width>
						<height>150</height>
						<aspectratio>stretch</aspectratio>
						<imagepath background="true">$INFO[Skin.String(CDWall_Folder_Path)]</imagepath>
						<colordiffuse>88FFFFFF</colordiffuse>
						<timeperimage>5200</timeperimage>
						<fadetime>500</fadetime>
						<randomize>true</randomize>
					</control>
					<control type="multiimage">
						<left>0</left>
						<top>600</top>
						<width>150</width>
						<height>150</height>
						<aspectratio>stretch</aspectratio>
						<imagepath background="true">$INFO[Skin.String(CDWall_Folder_Path)]</imagepath>
						<colordiffuse>88FFFFFF</colordiffuse>
						<timeperimage>7600</timeperimage>
						<fadetime>500</fadetime>
						<randomize>true</randomize>
					</control>
					<control type="multiimage">
						<left>150</left>
						<top>600</top>
						<width>150</width>
						<height>150</height>
						<aspectratio>stretch</aspectratio>
						<imagepath background="true">$INFO[Skin.String(CDWall_Folder_Path)]</imagepath>
						<colordiffuse>88FFFFFF</colordiffuse>
						<timeperimage>4300</timeperimage>
						<fadetime>500</fadetime>
						<randomize>true</randomize>
					</control>
					<control type="multiimage">
						<left>300</left>
						<top>600</top>
						<width>150</width>
						<height>150</height>
						<aspectratio>stretch</aspectratio>
						<imagepath background="true">$INFO[Skin.String(CDWall_Folder_Path)]</imagepath>
						<colordiffuse>88FFFFFF</colordiffuse>
						<timeperimage>5900</timeperimage>
						<fadetime>500</fadetime>
						<randomize>true</randomize>
					</control>
					<control type="multiimage">
						<left>450</left>
						<top>600</top>
						<width>150</width>
						<height>150</height>
						<aspectratio>stretch</aspectratio>
						<imagepath background="true">$INFO[Skin.String(CDWall_Folder_Path)]</imagepath>
						<colordiffuse>88FFFFFF</colordiffuse>
						<timeperimage>6100</timeperimage>
						<fadetime>500</fadetime>
						<randomize>true</randomize>
					</control>
					<control type="multiimage">
						<left>600</left>
						<top>600</top>
						<width>150</width>
						<height>150</height>
						<aspectratio>stretch</aspectratio>
						<imagepath background="true">$INFO[Skin.String(CDWall_Folder_Path)]</imagepath>
						<colordiffuse>88FFFFFF</colordiffuse>
						<timeperimage>8200</timeperimage>
						<fadetime>500</fadetime>
						<randomize>true</randomize>
					</control>
					<control type="multiimage">
						<left>750</left>
						<top>600</top>
						<width>150</width>
						<height>150</height>
						<aspectratio>stretch</aspectratio>
						<imagepath background="true">$INFO[Skin.String(CDWall_Folder_Path)]</imagepath>
						<colordiffuse>88FFFFFF</colordiffuse>
						<timeperimage>6700</timeperimage>
						<fadetime>500</fadetime>
						<randomize>true</randomize>
					</control>
					<control type="multiimage">
						<left>900</left>
						<top>600</top>
						<width>150</width>
						<height>150</height>
						<aspectratio>stretch</aspectratio>
						<imagepath background="true">$INFO[Skin.String(CDWall_Folder_Path)]</imagepath>
						<colordiffuse>88FFFFFF</colordiffuse>
						<timeperimage>4600</timeperimage>
						<fadetime>500</fadetime>
						<randomize>true</randomize>
					</control>
					<control type="multiimage">
						<left>1050</left>
						<top>600</top>
						<width>150</width>
						<height>150</height>
						<aspectratio>stretch</aspectratio>
						<imagepath background="true">$INFO[Skin.String(CDWall_Folder_Path)]</imagepath>
						<colordiffuse>88FFFFFF</colordiffuse>
						<timeperimage>7900</timeperimage>
						<fadetime>500</fadetime>
						<randomize>true</randomize>
					</control>
					<control type="multiimage">
						<left>1200</left>
						<top>600</top>
						<width>150</width>
						<height>150</height>
						<aspectratio>stretch</aspectratio>
						<imagepath background="true">$INFO[Skin.String(CDWall_Folder_Path)]</imagepath>
						<colordiffuse>88FFFFFF</colordiffuse>
						<timeperimage>7400</timeperimage>
						<fadetime>500</fadetime>
						<randomize>true</randomize>
					</control>
				</control>
				<control type="image">
					<left>0</left>
					<top>0</top>
					<width>1280</width>
					<height>720</height>
					<texture background="true">cdwallgrid.png</texture>
					<colordiffuse>88FFFFFF</colordiffuse>
					<visible>Player.HasAudio + Skin.HasSetting(CDWallNoVisualisation)</visible>	
				</control>
			</control>
			<control type="group">
				<animation effect="fade" time="200">VisibleChange</animation>
				<visible>Window.IsVisible(visualisation)</visible>
				<visible>Player.ShowInfo | Window.IsActive(MusicOSD) | Player.Seeking | Player.DisplayAfterSeek | Player.Paused | Player.Forwarding | Player.Rewinding</visible>
				<visible>![Window.IsVisible(AddonSettings) | Window.IsVisible(SelectDialog) | Window.IsVisible(VisualisationPresetList)]</visible>
				<control type="image">
					<left>0</left>
					<top>-150</top>
					<width>1280</width>
					<height>256</height>
					<texture flipy="true" border="1">HomeNowPlayingBack.png</texture>
				</control>
				<control type="label">
					<description>Partymode Header label</description>
					<left>30</left>
					<top>5</top>
					<width>800</width>
					<height>25</height>
					<align>left</align>
					<aligny>center</aligny>
					<font>font13</font>
					<textcolor>white</textcolor>
					<shadowcolor>black</shadowcolor>
					<label>$LOCALIZE[589]</label>
					<visible>MusicPartyMode.Enabled</visible>
				</control>
				<control type="label">
					<description>Normal Header label</description>
					<left>30</left>
					<top>5</top>
					<width>800</width>
					<height>25</height>
					<align>left</align>
					<aligny>center</aligny>
					<font>font13</font>
					<textcolor>white</textcolor>
					<shadowcolor>black</shadowcolor>
					<label>$INFO[musicplayer.Playlistposition,$LOCALIZE[554]: ]$INFO[musicplayer.Playlistlength, / ]</label>
					<visible>!MusicPartyMode.Enabled</visible>
				</control>
				<control type="label">
					<description>Clock label</description>
					<left>450</left>
					<top>5</top>
					<width>800</width>
					<height>25</height>
					<align>right</align>
					<aligny>center</aligny>
					<font>font13</font>
					<textcolor>white</textcolor>
					<shadowcolor>black</shadowcolor>
					<label>$INFO[System.Time]</label>
					<animation effect="slide" start="0,0" end="-70,0" time="0" condition="Window.IsVisible(MusicOSD)">conditional</animation>
				</control>
				<control type="image">
					<left>0</left>
					<top>230r</top>
					<width>1280</width>
					<height>230</height>
					<texture border="1">HomeNowPlayingBack.png</texture>
				</control>
				<control type="image">
					<description>Cd Disc</description>
					<left>126</left>
					<top>480</top>
					<animation effect="slide" start="-58" end="0" time="900" tween="cubic" easing="out" delay="1000">WindowOpen</animation>
					<animation type="WindowClose">
						<effect type="slide" start="0" end="-58" time="400" tween="cubic" easing="in" delay="0"/>
						<effect type="fade" start="100" end="0" time="600"/>
						<condition type="!Player.Playing"/>
					</animation>
					<animation effect="rotate" end="-360" center="auto" time="5000" loop="true" reversible="false" condition="!Player.Paused">Conditional</animation>
					<width>210</width>
					<height>210</height>
					<left>0</left>
					<top>0</top>
					<texture fallback="cdart\default.png">$INFO[Player.FolderPath]cdart.png</texture>
					<aspectratio align="bottom">keep</aspectratio>
					<visible>Skin.HasSetting(CdArtVis)</visible>
				</control>
				<control type="image">
					<description>cover image</description>
					<left>20</left>
					<top>250r</top>
					<width>300</width>
					<height>230</height>
					<texture fallback="DefaultAlbumCover.png">$INFO[Player.Art(thumb)]</texture>
					<aspectratio align="left" aligny="bottom">keep</aspectratio>
					<bordertexture border="8">ThumbShadow.png</bordertexture>
					<bordersize>8</bordersize>
				</control>
				<control type="group">
					<left>330</left>
					<top>185r</top>
					<control type="label" id="1">
						<description>Heading label</description>
						<left>10</left>
						<top>0</top>
						<width>910</width>
						<height>25</height>
						<align>left</align>
						<font>font13</font>
						<label>$VAR[SeekLabel]</label>
						<textcolor>white</textcolor>
						<shadowcolor>black</shadowcolor>
						<animation effect="slide" start="0,0" end="0,25" time="0" condition="IsEmpty(MusicPlayer.Artist) + IsEmpty(MusicPlayer.Album)">conditional</animation>
					</control>
					<control type="label" id="1">
						<description>Artist label</description>
						<left>20</left>
						<top>30</top>
						<width>910</width>
						<height>25</height>
						<align>left</align>
						<font>font12</font>
						<label>$INFO[MusicPlayer.Artist]$INFO[MusicPlayer.Album, - ]</label>
						<textcolor>grey2</textcolor>
						<shadowcolor>black</shadowcolor>
					</control>
					<control type="grouplist">
						<left>20</left>
						<top>60</top>
						<width>910</width>
						<height>35</height>
						<itemgap>5</itemgap>
						<orientation>horizontal</orientation>
						<control type="label">
							<width min="10" max="700">auto</width>
							<height>30</height>
							<font>font30</font>
							<align>left</align>
							<aligny>center</aligny>
							<label>$INFO[Player.Title]</label>
							<textcolor>orange</textcolor>
							<scroll>true</scroll>
						</control>
						<control type="image">
							<description>Audio Codec Image</description>
							<width>80</width>
							<height>35</height>
							<aspectratio align="right">keep</aspectratio>
							<texture>$INFO[MusicPlayer.Codec,flagging/audio/,.png]</texture>
						</control>
						<control type="group">
							<description>Rating</description>
							<width>110</width>
							<height>35</height>
							<control type="image">
								<description>rating back</description>
								<left>0</left>
								<top>0</top>
								<width>110</width>
								<height>35</height>
								<aspectratio align="left">stretch</aspectratio>
								<texture border="5">flagging/blank.png</texture>
							</control>
							<control type="image">
								<description>Rating</description>
								<left>5</left>
								<top>0</top>
								<width>100</width>
								<height>35</height>
								<aspectratio align="center">keep</aspectratio>
								<texture fallback="LeftRating/rating0.png">$INFO[Player.StarRating,LeftRating/]</texture>
							</control>
						</control>
					</control>
					<control type="label">
						<left>0</left>
						<top>120</top>
						<width>910</width>
						<height>25</height>
						<label>$LOCALIZE[19031]: $INFO[MusicPlayer.offset(1).Artist,, - ]$INFO[MusicPlayer.offset(1).Title]</label>
						<align>center</align>
						<aligny>center</aligny>
						<font>font12</font>
						<textcolor>grey</textcolor>
						<scroll>true</scroll>
						<visible>MusicPlayer.HasNext + !Window.IsVisible(MusicOSD)</visible>
						<animation effect="fade" time="200">VisibleChange</animation>
					</control>
				</control>
				<control type="group">
					<left>330</left>
					<top>95r</top>
					<control type="label">
						<left>0</left>
						<top>0</top>
						<width>100</width>
						<height>40</height>
						<font>font13</font>
						<align>left</align>
						<aligny>center</aligny>
						<label>$INFO[Player.Time(hh:mm:ss)]</label>
					</control>
					<control type="progress">
						<description>Progressbar</description>
						<left>100</left>
						<top>15</top>
						<width>720</width>
						<height>16</height>
						<info>Player.Progress</info>
					</control>
					<control type="label">
						<left>820</left>
						<top>0</top>
						<width>100</width>
						<height>40</height>
						<font>font13</font>
						<align>right</align>
						<aligny>center</aligny>
						<label>$INFO[Player.Duration(hh:mm:ss)]</label>
					</control>
					<control type="image" id="1">
						<left>630</left>
						<top>-100</top>
						<width>276</width>
						<height>107</height>
						<aspectratio align="right" aligny="bottom">keep</aspectratio>
						<texture>$INFO[Skin.String(Music_Folder_Path)]$INFO[MusicPlayer.Artist]/logo.png</texture>
					</control>
				</control>
			</control>
			<!-- codec & viz infos -->
			<control type="group" id="0">
				<left>0</left>
				<top>50</top>
				<visible>Player.ShowCodec + ![Window.IsVisible(script-XBMC_Lyrics-main.xml) | Window.IsVisible(VisualisationSettings) | Window.IsVisible(VisualisationPresetList)]</visible>
				<animation effect="fade" time="200">VisibleChange</animation>
				<control type="image">
					<description>media info background image</description>
					<left>0</left>
					<top>0</top>
					<width>1280</width>
					<height>105</height>
					<colordiffuse>AAFFFFFF</colordiffuse>
					<texture>black-back.png</texture>
				</control>
				<control type="label">
					<description>row 1 label</description>
					<left>50</left>
					<top>10</top>
					<label>-</label>
					<align>left</align>
					<label>$INFO[musicplayer.Codec,$LOCALIZE[21446]: ,]$INFO[musicplayer.Bitrate, · $LOCALIZE[623]: ,kbps]$INFO[musicplayer.bitspersample, · $LOCALIZE[612]: ,]$INFO[musicplayer.Samplerate, · $LOCALIZE[613]: ,kHz]$INFO[musicplayer.Channels, · $LOCALIZE[21444]: ]</label>
					<font>font12</font>
				</control>
				<control type="label">
					<description>row 2 label</description>
					<left>50</left>
					<top>40</top>
					<label>-</label>
					<align>left</align>
					<label>$INFO[Visualisation.Name,, [I][COLOR=orange]($LOCALIZE[20166])[/COLOR][/I] · ]fps: $INFO[System.FPS]</label>
					<font>font12</font>
					<visible>Visualisation.Locked</visible>
				</control>
				<control type="label">
					<description>Unlocked row 2 label</description>
					<left>50</left>
					<top>40</top>
					<label>-</label>
					<align>left</align>
					<label>$INFO[Visualisation.Name,, · ]fps: $INFO[System.FPS]</label>
					<font>font12</font>
					<visible>!Visualisation.Locked</visible>
				</control>
				<control type="label">
					<description>row 3 label</description>
					<left>50</left>
					<top>70</top>
					<label>-</label>
					<align>left</align>
					<label>$INFO[Visualisation.Preset,$LOCALIZE[13388]: ]</label>
					<font>font12</font>
				</control>
			</control>
		</control>
	</controls>
</window>
