<?xml version="1.0" encoding="UTF-8"?>
<addon
  id="plugin.video.eurosportplayer"
  version="1.0.3"
  name="Eurosport Player"
  provider-name="Jin">
  <requires>
   <import addon="xbmc.python" version="2.14.0"/>
  </requires>
  <extension 
    point="xbmc.python.pluginsource"
    library="default.py">
   <provides>video</provides>
  </extension>
  <extension point="xbmc.addon.metadata">
    <summary>Watch Eurosport Live Anytime, Anywhere.</summary>
    <description>
Eurosport Player is the Eurosport subscription service to enjoy full and unlimited access to the Eurosport channels and exclusive content LIVE and on demand.
    </description>
    <platform>all</platform>
    <forum>http://kodinerds.net</forum>
  </extension>
</addon>
