<includes>
	<include name="WeatherContentDefaultItem">
		<item>
			<label>$INFO[Window(Weather).Property(Day$PARAM[day_id].Title)]</label>
			<label2>$INFO[Window(Weather).Property(Day$PARAM[day_id].LowTemp)]$INFO[System.TemperatureUnits] / $INFO[Window(Weather).Property(Day$PARAM[day_id].HighTemp)]$INFO[System.TemperatureUnits]</label2>
			<icon>$VAR[WeatherIconVar]$INFO[Window(Weather).Property(Day$PARAM[day_id].Fanartcode)]$VAR[WeatherIconAnimatedVar]</icon>
			<onclick>noop</onclick>
			<visible>Weather.IsFetched + IsEmpty(Window.Property(Daily.IsFetched))</visible>
			<visible>Skin.HasSetting(HomeWeatherWidgetFull)</visible>
		</item>
	</include>
	<include name="WeatherContentDailyItem">
		<item>
			<label>$INFO[Window.Property(Daily.$PARAM[day_id].ShortDay)]</label>
			<label2>$INFO[Window.Property(Daily.$PARAM[day_id].HighTemperature),, 7] $INFO[Window.Property(Daily.$PARAM[day_id].LowTemperature)]</label2>
			<icon>$VAR[WeatherIconVar]$INFO[Window.Property(Daily.$PARAM[day_id].FanartCode)]$VAR[WeatherIconAnimatedVar]</icon>
			<onclick>noop</onclick>
			<visible>Weather.IsFetched + !IsEmpty(Window.Property(Daily.IsFetched))</visible>
			<visible>Skin.HasSetting(HomeWeatherWidgetFull)</visible>
		</item>
	</include>
	<include name="HomepageWeatherWidget">
		<control type="group" id="290">
			<visible>Skin.HasSetting(HomeWeatherWidgetToday)|Skin.HasSetting(HomeWeatherWidgetFull)</visible>
			<visible>!IsEmpty(Weather.Plugin)</visible>
			<control type="group" id="3003">
				<onup>20</onup>
				<ondown>9000</ondown>
				<visible>!Window.IsVisible(Favourites)</visible>
				<include>openclosevisible</include>
				<control type="group" id="3004"> <!-- Weather -->
					<left>762</left>
					<top>315</top>
					<animation effect="slide" start="0" end="0,208" time="400" condition="Control.HasFocus(666)">conditional</animation>
					<visible>Container(9000).Hasfocus(6)</visible>
					<visible>Skin.HasSetting(HomeWeatherWidgetToday)|Skin.HasSetting(HomeWeatherWidgetFull)</visible>
					<include>opencloseslideleft</include>
					<control type="list" id="3005">
						<animation effect="slide" start="0,0" end="371,0" time="0" condition="StringCompare(Container(3005).NumItems,1)">conditional</animation>
						<left>0</left>
						<top>0</top>
						<width>496</width>
						<height>240</height>
						<onleft>3005</onleft>
						<onright>3005</onright>
						<onup>20</onup>
						<ondown>9000</ondown>
						<ondown>Action(FirstPage)</ondown>
						<viewtype label="535">list</viewtype>
						<pagecontrol>-</pagecontrol>
						<scrolltime>200</scrolltime>
						<orientation>Horizontal</orientation>
						<focusposition>1</focusposition>
						<movement>2</movement>
						<visible>Skin.HasSetting(HomeWeatherWidgetToday)|Skin.HasSetting(HomeWeatherWidgetFull)</visible>
						<itemlayout height="160" width="124">
							<control type="image">
								<left>0</left>
								<top>0</top>
								<width>115</width>
								<height>160</height>
								<texture background="true">BlackBack.png</texture>
							</control>
							<control type="multiimage">
								<left>0</left>
								<top>10</top>
								<width>115</width>
								<height>150</height>
								<imagepath>$INFO[ListItem.Icon]</imagepath>
								<timeperimage>100</timeperimage>
								<randomize>false</randomize>
								<fadetime>10</fadetime>
								<aspectratio>keep</aspectratio>
								<colordiffuse>$VAR[skinwidgetdim]</colordiffuse>
							</control>
							<control type="image">
								<left>0</left>
								<top>110</top>
								<width>115</width>
								<height>50</height>
								<texture background="true">Shadow.png</texture>
							</control>
							<control type="label">
								<left>0</left>
								<top>5</top>
								<width>115</width>
								<height>30</height>
								<font>font16</font>
								<textcolor>white</textcolor>
								<align>center</align>
								<aligny>center</aligny>
								<label>$INFO[ListItem.Label]</label>
							</control>
							<control type="label">
								<left>0</left>
								<top>125</top>
								<width>115</width>
								<height>30</height>
								<font>font16</font>
								<textcolor>white</textcolor>
								<shadowcolor>black</shadowcolor>
								<align>center</align>
								<aligny>center</aligny>
								<label>$INFO[ListItem.Label2]</label>
							</control>
							<control type="label">
								<description>fetching label</description>
								<left>0</left>
								<top>125</top>
								<width>115</width>
								<height>30</height>
								<font>font16</font>
								<textcolor>white</textcolor>
								<shadowcolor>black</shadowcolor>
								<align>center</align>
								<aligny>center</aligny>
								<label>$LOCALIZE[31366]</label>
								<visible>!Weather.IsFetched</visible>
							</control>
							<control type="image">
								<description>background</description>
								<left>0</left>
								<top>0</top>
								<width>115</width>
								<height>160</height>
								<texture background="true" border="1">masks/Default_sharp.png</texture>
							</control>
						</itemlayout>
						<focusedlayout height="160" width="124">
							<control type="image">
								<left>0</left>
								<top>0</top>
								<width>115</width>
								<height>160</height>
								<texture background="true">BlackBack.png</texture>
							</control>
							<control type="image">
								<left>0</left>
								<top>0</top>
								<width>115</width>
								<height>160</height>
								<colordiffuse>reddiffuse</colordiffuse>
								<texture background="true">WhiteBack.png</texture>
								<visible>Control.HasFocus(3005)</visible>
							</control>
							<control type="multiimage">
								<left>0</left>
								<top>10</top>
								<width>115</width>
								<height>150</height>
								<imagepath>$INFO[ListItem.Icon]</imagepath>
								<timeperimage>100</timeperimage>
								<randomize>false</randomize>
								<fadetime>10</fadetime>
								<aspectratio>keep</aspectratio>
								<colordiffuse>$VAR[skinwidgetdim]</colordiffuse>
								<visible>!Control.HasFocus(3005)</visible>
							</control>
							<control type="multiimage">
								<left>0</left>
								<top>10</top>
								<width>115</width>
								<height>150</height>
								<imagepath>$INFO[ListItem.Icon]</imagepath>
								<timeperimage>100</timeperimage>
								<randomize>false</randomize>
								<fadetime>10</fadetime>
								<aspectratio>keep</aspectratio>
								<include>openclosevisible</include>
								<visible>Control.HasFocus(3005)</visible>
							</control>
							<control type="image">
								<left>0</left>
								<top>110</top>
								<width>115</width>
								<height>50</height>
								<texture background="true">Shadow.png</texture>
							</control>
							<control type="label">
								<left>0</left>
								<top>5</top>
								<width>115</width>
								<height>30</height>
								<font>font16</font>
								<textcolor>white</textcolor>
								<align>center</align>
								<aligny>center</aligny>
								<label>$INFO[ListItem.Label]</label>
							</control>
							<control type="label">
								<left>0</left>
								<top>125</top>
								<width>115</width>
								<height>30</height>
								<font>font16</font>
								<textcolor>white</textcolor>
								<shadowcolor>black</shadowcolor>
								<align>center</align>
								<aligny>center</aligny>
								<label>$INFO[ListItem.Label2]</label>
							</control>
							<control type="label">
								<description>fetching label</description>
								<left>0</left>
								<top>125</top>
								<width>115</width>
								<height>30</height>
								<font>font16</font>
								<textcolor>white</textcolor>
								<shadowcolor>black</shadowcolor>
								<align>center</align>
								<aligny>center</aligny>
								<label>$LOCALIZE[31366]</label>
								<visible>!Weather.IsFetched</visible>
							</control>
							<control type="image">
								<description>background</description>
								<left>0</left>
								<top>0</top>
								<width>115</width>
								<height>160</height>
								<texture background="true" border="1">masks/Default_sharp.png</texture>
							</control>
						</focusedlayout>
						<content>
							<item>
								<label>-</label>
								<icon>-</icon>
								<onclick>noop</onclick>
								<visible>!Weather.IsFetched</visible>
							</item>
							<item>
								<label>$INFO[Window(Weather).Property(Day0.Title)]</label>
								<label2>$INFO[Window(Weather).Property(Day0.LowTemp)]$INFO[System.TemperatureUnits] / $INFO[Window(Weather).Property(Day0.HighTemp)]$INFO[System.TemperatureUnits]</label2>
								<icon>$VAR[WeatherIconVar]$INFO[Window(Weather).Property(Day0.Fanartcode)]$VAR[WeatherIconAnimatedVar]</icon>
								<onclick>noop</onclick>
								<visible>Weather.IsFetched + IsEmpty(Window.Property(Daily.IsFetched))</visible>
							</item>
							<item>
								<label>$INFO[Window.Property(Daily.0.ShortDay)]</label>
								<label2>$INFO[Window.Property(Daily.0.HighTemperature),, 7] $INFO[Window.Property(Daily.0.LowTemperature)]</label2>
								<icon>$VAR[WeatherIconVar]$INFO[Window.Property(Daily.0.FanartCode)]$VAR[WeatherIconAnimatedVar]</icon>
								<onclick>noop</onclick>
								<visible>Weather.IsFetched + !IsEmpty(Window.Property(Daily.IsFetched))</visible>
							</item>
							<include name="WeatherContentDefaultItem">
								<param name="day_id" value="1" />
							</include>
							<include name="WeatherContentDefaultItem">
								<param name="day_id" value="2" />
							</include>
							<include name="WeatherContentDefaultItem">
								<param name="day_id" value="3" />
							</include>
							<include name="WeatherContentDefaultItem">
								<param name="day_id" value="4" />
							</include>
							<include name="WeatherContentDefaultItem">
								<param name="day_id" value="5" />
							</include>
							<include name="WeatherContentDefaultItem">
								<param name="day_id" value="6" />
							</include>
							<include name="WeatherContentDailyItem">
								<param name="day_id" value="1" />
							</include>
							<include name="WeatherContentDailyItem">
								<param name="day_id" value="2" />
							</include>
							<include name="WeatherContentDailyItem">
								<param name="day_id" value="3" />
							</include>
							<include name="WeatherContentDailyItem">
								<param name="day_id" value="4" />
							</include>
							<include name="WeatherContentDailyItem">
								<param name="day_id" value="5" />
							</include>
							<include name="WeatherContentDailyItem">
								<param name="day_id" value="6" />
							</include>
							<include name="WeatherContentDailyItem">
								<param name="day_id" value="7" />
							</include>
							<include name="WeatherContentDailyItem">
								<param name="day_id" value="8" />
							</include>
							<include name="WeatherContentDailyItem">
								<param name="day_id" value="9" />
							</include>
							<include name="WeatherContentDailyItem">
								<param name="day_id" value="10" />
							</include>
						</content>
					</control>
					<control type="image">
						<left>235r</left>
						<top>168</top>
						<width>200</width>
						<height>14</height>
						<aspectratio align="right" aligny="top">keep</aspectratio>
						<texture background="true">$INFO[Window(weather).Property(WeatherProviderLogo)]</texture>
					</control>
					<control type="group"> <!-- today info -->
						<visible>!Skin.HasSetting(HomeWeatherWidgetFull)</visible>
						<left>44</left>
						<top>0</top>
						<control type="image">
							<description>background</description>
							<left>10</left>
							<top>1</top>
							<width>310</width>
							<height>158</height>
							<texture flipx="true">SideFade.png</texture>
						</control>
						<control type="image">
							<description>background</description>
							<left>0</left>
							<top>0</top>
							<width>320</width>
							<height>160</height>
							<texture border="15">buttons/ButtonNFhalf.png</texture>
						</control>
						<control type="grouplist">
							<description>Control Area</description>
							<left>0</left>
							<top>8</top>
							<width>300</width>
							<height>200</height>
							<itemgap>1</itemgap>
							<orientation>vertical</orientation>
							<control type="label">
								<width>300</width>
								<height>20</height>
								<font>font16</font>
								<textcolor>selected</textcolor>
								<align>right</align>
								<aligny>center</aligny>
								<label>[COLOR=grey]$LOCALIZE[35500]: [/COLOR]$INFO[Window(Weather).Property(Location)]</label>
							</control>
							<control type="label">
								<width>300</width>
								<height>20</height>
								<font>font16</font>
								<textcolor>selected</textcolor>
								<align>right</align>
								<aligny>center</aligny>
								<label>[COLOR=grey]$LOCALIZE[33020]: [/COLOR]$INFO[Window(Weather).Property(Current.Condition)]</label>
							</control>
							<control type="label">
								<width>300</width>
								<height>20</height>
								<font>font16</font>
								<textcolor>selected</textcolor>
								<align>right</align>
								<aligny>center</aligny>
								<label>[COLOR=grey]$LOCALIZE[143] [/COLOR]$INFO[Window(Weather).Property(Current.Temperature),,°]</label>
							</control>
							<control type="label">
								<width>300</width>
								<height>20</height>
								<font>font16</font>
								<textcolor>selected</textcolor>
								<align>right</align>
								<aligny>center</aligny>
								<label>[COLOR=grey]$LOCALIZE[376]: [/COLOR]$INFO[Window(Weather).Property(Daily.1.Precipitation),,]</label>
							</control>
							<control type="label">
								<width>300</width>
								<height>20</height>
								<font>font16</font>
								<textcolor>selected</textcolor>
								<align>right</align>
								<aligny>center</aligny>
								<label>[COLOR=grey]$LOCALIZE[33027]: [/COLOR]$INFO[Window(Weather).Property(Today.Sunrise),,]</label>
							</control>
							<control type="label">
								<width>300</width>
								<height>20</height>
								<font>font16</font>
								<textcolor>selected</textcolor>
								<align>right</align>
								<aligny>center</aligny>
								<label>[COLOR=grey]$LOCALIZE[33028]: [/COLOR]$INFO[Window(Weather).Property(Today.Sunset),,]</label>
							</control>
							<control type="label">
								<description>update label</description>
								<width>300</width>
								<height>20</height>
								<font>font16</font>
								<textcolor>selected</textcolor>
								<align>right</align>
								<aligny>center</aligny>
								<label>[COLOR=grey]$LOCALIZE[31301]: [/COLOR]$INFO[Window(Weather).Property(Updated),,]</label>
							</control>
						</control>
					</control>
				</control>
			</control>
		</control>
	</include>
</includes>