﻿<?xml version="1.0" encoding="UTF-8"?>
<window id="1500" type="dialog">
  <defaultcontrol always="true">36100</defaultcontrol>
  <onunload>ClearProperty(HomeButton)</onunload>
	<controls>
		<include>BlackBack</include>
		<control type="group" id="576757">
			<include>openclosebox</include>
			<left>235</left>
			<top>60</top>
			<width>810</width>
			<height>600</height>
			<control type="image">
				<description>background image</description>
				<left>0</left>
				<top>0</top>
				<width>810</width>
				<height>600</height>
				<colordiffuse>grey1</colordiffuse>
				<texture border="1">WhiteBack.png</texture>
			</control>
			<control type="image">
				<description>background image</description>
				<left>10</left>
				<top>10</top>
				<width>790</width>
				<height>580</height>
				<texture border="1">WhiteBack.png</texture>
			</control>
			<control type="label">
				<description>header label</description>
				<left>40</left>
				<top>15</top>
				<width>730</width>
				<height>30</height>
				<font>impacted21</font>
				<label>$LOCALIZE[22080] dein Widget</label>
				<align>center</align>
				<aligny>center</aligny>
				<textcolor>grey2</textcolor>
			</control>
			<control type="image">
				<description>background image</description>
				<left>10</left>
				<top>48</top>
				<width>790</width>
				<height>40</height>
				<colordiffuse>grey2</colordiffuse>
				<texture border="1">WhiteBack.png</texture>
			</control>
			<control type="grouplist">
				<left>580</left>
				<top>370</top>
				<width>220</width>
				<height>220</height>
				<control type="image">
					<description>background image</description>
					<width>300</width>
					<height>300</height>
					<aspectratio ailign="left">keep</aspectratio>
					<colordiffuse>grey1</colordiffuse>
					<texture border="1">Design-Scripticon.png</texture>
				</control>
			</control>
			<control type="label">
				<description>Title label</description>
				<left>25</left>
				<top>52</top>
				<width>790</width>
				<label>[UPPERCASE]$VAR[WidgetPropertyLabel][/UPPERCASE]</label>
				<align>left</align>
				<scroll>false</scroll>
			</control>
			<control type="grouplist" id="36100"> <!-- Videos -->
				<left>30</left>
				<top>125</top>
				<width>740</width>
				<height>580</height>
				<visible>StringCompare(Window(Home).Property(HomeButton),video)|StringCompare(Window(skinsettings).Property(HomeButton),video)</visible>
				<control type="radiobutton" id="10">
					<width>740</width>
					<height>35</height>
					<align>left</align>
					<label>$LOCALIZE[575]</label>
					<textcolor>grey3</textcolor>
					<texturenofocus>-</texturenofocus>
					<onclick>Skin.ToggleSetting(SkinWidgets_RecommendedMovies)</onclick>
					<selected>Skin.HasSetting(SkinWidgets_RecommendedMovies)</selected>
				</control>
				<control type="radiobutton" id="11">
					<width>740</width>
					<height>35</height>
					<align>left</align>
					<label>$LOCALIZE[590]</label>
					<textcolor>grey3</textcolor>
					<texturenofocus>-</texturenofocus>
					<onclick>Skin.Reset(SkinWidgets_RecentMovies)</onclick>
					<onclick>Skin.ToggleSetting(SkinWidgets_RandomMovies)</onclick>
					<selected>Skin.HasSetting(SkinWidgets_RandomMovies)</selected>
				</control>
				<control type="radiobutton" id="12">
					<width>740</width>
					<height>35</height>
					<align>left</align>
					<label>$LOCALIZE[20386]</label>
					<textcolor>grey3</textcolor>
					<texturenofocus>-</texturenofocus>
					<onclick>Skin.Reset(SkinWidgets_RandomMovies)</onclick>
					<onclick>Skin.ToggleSetting(SkinWidgets_RecentMovies)</onclick>
					<selected>Skin.HasSetting(SkinWidgets_RecentMovies)</selected>
				</control>
				<control type="button" id="13">
					<width>740</width>
					<height>35</height>
					<label>$LOCALIZE[593] $LOCALIZE[844]</label>
					<textcolor>grey3</textcolor>
					<texturenofocus>-</texturenofocus>
					<onclick>Skin.Reset(SkinWidgets_RecentMovies)</onclick>
					<onclick>Skin.Reset(SkinWidgets_RandomMovies)</onclick>
					<onclick>Skin.Reset(SkinWidgets_RecommendedMovies)</onclick>
				</control>
			</control>
			<control type="grouplist" id="36100"> <!-- TVShows -->
				<left>30</left>
				<top>125</top>
				<width>740</width>
				<height>580</height>
				<visible>StringCompare(Window(Home).Property(HomeButton),series)|StringCompare(Window(skinsettings).Property(HomeButton),series)</visible>
				<control type="radiobutton" id="20">
					<width>740</width>
					<height>35</height>
					<align>left</align>
					<label>$LOCALIZE[575]</label>
					<textcolor>grey3</textcolor>
					<texturenofocus>-</texturenofocus>
					<onclick>Skin.ToggleSetting(SkinWidgets_RecommendedTVShows)</onclick>
					<selected>Skin.HasSetting(SkinWidgets_RecommendedTVShows)</selected>
				</control>
				<control type="radiobutton" id="21">
					<width>740</width>
					<height>35</height>
					<align>left</align>
					<label>$LOCALIZE[590]</label>
					<textcolor>grey3</textcolor>
					<texturenofocus>-</texturenofocus>
					<onclick>Skin.Reset(SkinWidgets_RecentTVShows)</onclick>
					<onclick>Skin.ToggleSetting(SkinWidgets_RandomTVShows)</onclick>
					<selected>Skin.HasSetting(SkinWidgets_RandomTVShows)</selected>
				</control>
				<control type="radiobutton" id="22">
					<width>740</width>
					<height>35</height>
					<align>left</align>
					<label>$LOCALIZE[51425]</label>
					<textcolor>grey3</textcolor>
					<texturenofocus>-</texturenofocus>
					<onclick>Skin.Reset(SkinWidgets_RandomTVShows)</onclick>
					<onclick>Skin.ToggleSetting(SkinWidgets_RecentTVShows)</onclick>
					<selected>Skin.HasSetting(SkinWidgets_RecentTVShows)</selected>
				</control>
				<control type="radiobutton" id="23">
					<description>SkinWidget TV Shows</description>
					<width>740</width>
					<height>35</height>
					<label>$LOCALIZE[14001]</label>
					<textcolor>grey3</textcolor>
					<texturenofocus>-</texturenofocus>
					<onclick>Skin.ToggleSetting(SkinWidgets_RecentTVShows_Episodes)</onclick>
					<selected>Skin.HasSetting(SkinWidgets_RecentTVShows_Episodes)</selected>
				</control>
				<control type="button" id="24">
					<width>740</width>
					<height>35</height>
					<label>$LOCALIZE[593] $LOCALIZE[844]</label>
					<textcolor>grey3</textcolor>
					<texturenofocus>-</texturenofocus>
					<onclick>Skin.Reset(SkinWidgets_RecentTVShows)</onclick>
					<onclick>Skin.Reset(SkinWidgets_RandomTVShows)</onclick>
					<onclick>Skin.Reset(SkinWidgets_RecommendedTVShows)</onclick>
				</control>
			</control>
			<control type="grouplist" id="36100"> <!-- MusicVideos -->
				<left>30</left>
				<top>125</top>
				<width>740</width>
				<height>580</height>
				<visible>StringCompare(Window(Home).Property(HomeButton),musicvideos)|StringCompare(Window(skinsettings).Property(HomeButton),musicvideos)</visible>
				<control type="radiobutton" id="30">
					<width>740</width>
					<height>35</height>
					<align>left</align>
					<label>$LOCALIZE[575]</label>
					<textcolor>grey3</textcolor>
					<texturenofocus>-</texturenofocus>
					<onclick>Skin.ToggleSetting(SkinWidgets_RecommendedMusicVideos)</onclick>
					<selected>Skin.HasSetting(SkinWidgets_RecommendedMusicVideos)</selected>
				</control>
				<control type="radiobutton" id="31">
					<width>740</width>
					<height>35</height>
					<align>left</align>
					<label>$LOCALIZE[590]</label>
					<textcolor>grey3</textcolor>
					<texturenofocus>-</texturenofocus>
					<onclick>Skin.Reset(SkinWidgets_RecentMusicVideos)</onclick>
					<onclick>Skin.ToggleSetting(SkinWidgets_RandomMusicVideos)</onclick>
					<selected>Skin.HasSetting(SkinWidgets_RandomMusicVideos)</selected>
				</control>
				<control type="radiobutton" id="32">
					<width>740</width>
					<height>35</height>
					<align>left</align>
					<label>$LOCALIZE[20390]</label>
					<textcolor>grey3</textcolor>
					<texturenofocus>-</texturenofocus>
					<onclick>Skin.Reset(SkinWidgets_RandomMusicVideos)</onclick>
					<onclick>Skin.ToggleSetting(SkinWidgets_RecentMusicVideos)</onclick>
					<selected>Skin.HasSetting(SkinWidgets_RecentMusicVideos)</selected>
				</control>
				<control type="button" id="33">
					<width>740</width>
					<height>35</height>
					<label>$LOCALIZE[593] $LOCALIZE[844]</label>
					<textcolor>grey3</textcolor>
					<texturenofocus>-</texturenofocus>
					<onclick>Skin.Reset(SkinWidgets_RecentMusicVideos)</onclick>
					<onclick>Skin.Reset(SkinWidgets_RandomMusicVideos)</onclick>
					<onclick>Skin.Reset(SkinWidgets_RecommendedMusicVideos)</onclick>
				</control>
			</control>
			<control type="grouplist" id="36100"> <!-- Music -->
				<left>30</left>
				<top>125</top>
				<width>740</width>
				<height>580</height>
				<visible>StringCompare(Window(Home).Property(HomeButton),music)|StringCompare(Window(skinsettings).Property(HomeButton),music)</visible>
				<control type="radiobutton" id="40">
					<width>740</width>
					<height>35</height>
					<align>left</align>
					<label>$LOCALIZE[590]</label>
					<textcolor>grey3</textcolor>
					<texturenofocus>-</texturenofocus>
					<onclick>Skin.Reset(SkinWidgets_RecommendedSongs)</onclick>
					<onclick>Skin.Reset(SkinWidgets_RecentAlbums)</onclick>
					<onclick>Skin.Reset(SkinWidgets_RecommendedAlbums)</onclick>
					<onclick>Skin.ToggleSetting(SkinWidgets_RandomAlbums)</onclick>
					<selected>Skin.HasSetting(SkinWidgets_RandomAlbums)</selected>
				</control>
				<control type="radiobutton" id="41">
					<width>740</width>
					<height>35</height>
					<align>left</align>
					<label>$LOCALIZE[51421]</label>
					<textcolor>grey3</textcolor>
					<texturenofocus>-</texturenofocus>
					<onclick>Skin.Reset(SkinWidgets_RandomAlbums)</onclick>
					<onclick>Skin.Reset(SkinWidgets_RecentAlbums)</onclick>
					<onclick>Skin.Reset(SkinWidgets_RecommendedAlbums)</onclick>
					<onclick>Skin.ToggleSetting(SkinWidgets_RecommendedSongs)</onclick>
					<selected>Skin.HasSetting(SkinWidgets_RecommendedSongs)</selected>
				</control>
				<control type="radiobutton" id="42">
					<width>740</width>
					<height>35</height>
					<align>left</align>
					<label>$LOCALIZE[517]</label>
					<textcolor>grey3</textcolor>
					<texturenofocus>-</texturenofocus>
					<onclick>Skin.Reset(SkinWidgets_RandomAlbums)</onclick>
					<onclick>Skin.Reset(SkinWidgets_RecommendedSongs)</onclick>
					<onclick>Skin.Reset(SkinWidgets_RecentAlbums)</onclick>
					<onclick>Skin.ToggleSetting(SkinWidgets_RecommendedAlbums)</onclick>
					<selected>Skin.HasSetting(SkinWidgets_RecommendedAlbums)</selected>
				</control>
				<control type="radiobutton" id="43">
					<width>740</width>
					<height>35</height>
					<align>left</align>
					<label>$LOCALIZE[359]</label>
					<textcolor>grey3</textcolor>
					<texturenofocus>-</texturenofocus>
					<onclick>Skin.Reset(SkinWidgets_RandomAlbums)</onclick>
					<onclick>Skin.Reset(SkinWidgets_RecommendedSongs)</onclick>
					<onclick>Skin.Reset(SkinWidgets_RecommendedAlbums)</onclick>
					<onclick>Skin.ToggleSetting(SkinWidgets_RecentAlbums)</onclick>
					<selected>Skin.HasSetting(SkinWidgets_RecentAlbums)</selected>
				</control>
				<control type="button" id="44">
					<width>740</width>
					<height>35</height>
					<label>$LOCALIZE[593] $LOCALIZE[844]</label>
					<textcolor>grey3</textcolor>
					<texturenofocus>-</texturenofocus>
					<onclick>Skin.Reset(SkinWidgets_RandomAlbums)</onclick>
					<onclick>Skin.Reset(SkinWidgets_RecommendedSongs)</onclick>
					<onclick>Skin.Reset(SkinWidgets_RecentAlbums)</onclick>
					<onclick>Skin.Reset(SkinWidgets_RecommendedAlbums)</onclick>
				</control>
			</control>
			<control type="grouplist" id="36100"> <!-- LiveTV -->
				<left>30</left>
				<top>125</top>
				<width>740</width>
				<height>580</height>
				<visible>StringCompare(Window(Home).Property(HomeButton),livetv)|StringCompare(Window(skinsettings).Property(HomeButton),livetv)</visible>
				<control type="radiobutton" id="50">
					<width>740</width>
					<height>35</height>
					<align>left</align>
					<opup>25</opup>
					<label>$LOCALIZE[20007]</label>
					<textcolor>grey3</textcolor>
					<texturenofocus>-</texturenofocus>
					<onclick>Skin.Reset(SkinWidget_LiveTVWidget)</onclick>
					<onclick>Skin.Reset(SkinWidget_LiveTVWidgetChannels)</onclick>
					<onclick>Skin.Reset(SkinWidget_LiveTVHighlights)</onclick>
					<onclick>Skin.ToggleSetting(SkinWidgets_Recordings)</onclick>
					<selected>Skin.HasSetting(SkinWidgets_Recordings)</selected>
				</control>
				<control type="radiobutton" id="51">
					<width>740</width>
					<height>35</height>
					<align>left</align>
					<label>$LOCALIZE[19040]</label>
					<textcolor>grey3</textcolor>
					<texturenofocus>-</texturenofocus>
					<onclick>Skin.Reset(SkinWidgets_Recordings)</onclick>
					<onclick>Skin.Reset(SkinWidget_LiveTVWidgetChannels)</onclick>
					<onclick>Skin.Reset(SkinWidget_LiveTVHighlights)</onclick>
					<onclick>Skin.ToggleSetting(SkinWidget_LiveTVWidget)</onclick>
					<selected>Skin.HasSetting(SkinWidget_LiveTVWidget)</selected>
				</control>
				<control type="radiobutton" id="52">
					<width>740</width>
					<height>35</height>
					<align>left</align>
					<label>51493</label>
					<textcolor>grey3</textcolor>
					<texturenofocus>-</texturenofocus>
					<onclick>Skin.Reset(SkinWidgets_Recordings)</onclick>
					<onclick>Skin.Reset(SkinWidget_LiveTVWidget)</onclick>
					<onclick>Skin.Reset(SkinWidget_LiveTVHighlights)</onclick>
					<onclick>Skin.ToggleSetting(SkinWidget_LiveTVWidgetChannels)</onclick>
					<selected>Skin.HasSetting(SkinWidget_LiveTVWidgetChannels)</selected>
				</control>
				<control type="button" id="54">
					<description>User Channels</description>
					<width>740</width>
					<height>35</height>
					<align>left</align>
					<label> $LOCALIZE[19141]</label>
					<textcolor>grey3</textcolor>
					<texturenofocus>-</texturenofocus>
					<label2>$INFO[Skin.String(SkinWidget_PVR_TV_WidgetChannels_Path),","]</label2>
					<onclick>Skin.SetPath(SkinWidget_PVR_TV_WidgetChannels_Path,pvr://channels/tv)</onclick>
					<visible>Skin.HasSetting(SkinWidget_LiveTVWidgetChannels)</visible>
				</control>
				<control type="radiobutton" id="55">
					<width>740</width>
					<height>35</height>
					<align>left</align>
					<label>TV Digital Highlights</label>
					<textcolor>grey3</textcolor>
					<texturenofocus>-</texturenofocus>
					<onclick>Skin.Reset(SkinWidgets_Recordings)</onclick>
					<onclick>Skin.Reset(SkinWidget_LiveTVWidget)</onclick>
					<onclick>Skin.Reset(SkinWidget_LiveTVWidgetChannels)</onclick>
					<onclick>Skin.ToggleSetting(SkinWidget_LiveTVHighlights)</onclick>
					<selected>Skin.HasSetting(SkinWidget_LiveTVHighlights)</selected>
				</control>
				<control type="button" id="56">
					<width>740</width>
					<height>35</height>
					<align>left</align>
					<label>- $VAR[TVHighlightsSubmenuLabel]</label>
					<textcolor>grey3</textcolor>
					<texturenofocus>-</texturenofocus>
					<onclick condition="SubString(Window(Home).Property(TVHighlightsToday.Mode),splitmode)">RunScript(plugin.program.tvhighlights,"?methode=set_mastermode")</onclick>
					<onclick condition="!SubString(Window(Home).Property(TVHighlightsToday.Mode),splitmode)">RunScript(plugin.program.tvhighlights,"?methode=set_splitmode")</onclick>
					<visible>Skin.HasSetting(SkinWidget_LiveTVHighlights)</visible>
				</control>
				<control type="button" id="57">
					<width>740</width>
					<height>35</height>
					<align>left</align>
					<label>- TV Highlights Grabber $LOCALIZE[5]</label>
					<textcolor>grey3</textcolor>
					<texturenofocus>-</texturenofocus>
					<onclick>Addon.OpenSettings(plugin.program.tvhighlights)</onclick>
					<visible>Skin.HasSetting(SkinWidget_LiveTVHighlights)</visible>
				</control>
				<control type="button" id="58">
					<width>740</width>
					<height>35</height>
					<label>$LOCALIZE[593] $LOCALIZE[844]</label>
					<textcolor>grey3</textcolor>
					<texturenofocus>-</texturenofocus>
					<onclick>Skin.Reset(SkinWidgets_Recordings)</onclick>
					<onclick>Skin.Reset(SkinWidget_LiveTVWidget)</onclick>
					<onclick>Skin.Reset(SkinWidget_LiveTVWidgetChannels)</onclick>
					<onclick>Skin.Reset(SkinWidget_LiveTVHighlights)</onclick>
				</control>
			</control>
			<control type="grouplist" id="36100"> <!-- Radio -->
				<left>30</left>
				<top>125</top>
				<width>740</width>
				<height>580</height>
				<visible>StringCompare(Window(Home).Property(HomeButton),radio)|StringCompare(Window(skinsettings).Property(HomeButton),radio)</visible>
				<control type="radiobutton" id="50">
					<width>740</width>
					<height>35</height>
					<align>left</align>
					<opup>25</opup>
					<label>51493</label>
					<textcolor>grey3</textcolor>
					<texturenofocus>-</texturenofocus>
					<onclick>Skin.ToggleSetting(SkinWidget_PVR_Radio_WidgetChannels)</onclick>
					<selected>Skin.HasSetting(SkinWidget_PVR_Radio_WidgetChannels)</selected>
				</control>
				<control type="button" id="51">
					<description>User Channels</description>
					<width>740</width>
					<height>35</height>
					<align>left</align>
					<label> $LOCALIZE[19141]</label>
					<textcolor>grey3</textcolor>
					<texturenofocus>-</texturenofocus>
					<label2>$INFO[Skin.String(SkinWidget_PVR_Radio_WidgetChannels_Path),","]</label2>
					<onclick>Skin.SetPath(SkinWidget_PVR_Radio_WidgetChannels_Path,pvr://channels/radio)</onclick>
					<visible>Skin.HasSetting(SkinWidget_PVR_Radio_WidgetChannels)</visible>
				</control>
			</control>
			<control type="grouplist" id="36100"> <!-- Weather -->
				<left>30</left>
				<top>125</top>
				<width>740</width>
				<height>580</height>
				<visible>StringCompare(Window(Home).Property(HomeButton),weather)|StringCompare(Window(skinsettings).Property(HomeButton),weather)</visible>
				<control type="radiobutton" id="60">
					<width>740</width>
					<height>35</height>
					<align>left</align>
					<label>$LOCALIZE[8] $LOCALIZE[51487]</label>
					<textcolor>grey3</textcolor>
					<texturenofocus>-</texturenofocus>
					<onclick>Skin.Reset(HomeWeatherWidgetFull)</onclick>
					<onclick>Skin.ToggleSetting(HomeWeatherWidgetToday)</onclick>
					<selected>Skin.HasSetting(HomeWeatherWidgetToday)</selected>
				</control>
				<control type="radiobutton" id="61">
					<width>740</width>
					<height>35</height>
					<align>left</align>
					<label>$LOCALIZE[8] $LOCALIZE[51433]</label>
					<textcolor>grey3</textcolor>
					<texturenofocus>-</texturenofocus>
					<onclick>Skin.Reset(HomeWeatherWidgetToday)</onclick>
					<onclick>Skin.ToggleSetting(HomeWeatherWidgetFull)</onclick>
					<selected>Skin.HasSetting(HomeWeatherWidgetFull)</selected>
				</control>
				<control type="button" id="62">
					<width>740</width>
					<height>35</height>
					<align>left</align>
					<textcolor>grey3</textcolor>
					<texturenofocus>-</texturenofocus>
					<label>51469</label>
					<onclick>RunScript(script.image.resource.select,property=weatherfanart&amp;type=resource.images.weatherfanart)</onclick>
					<visible>System.HasAddon(script.image.resource.select)</visible>
					<enable>!IsEmpty(Weather.Plugin)</enable>
				</control>
				<control type="button" id="63">
					<width>740</width>
					<height>35</height>
					<align>left</align>
					<textcolor>grey3</textcolor>
					<texturenofocus>-</texturenofocus>
					<label>$LOCALIZE[8] $LOCALIZE[21417]</label>
					<onclick>Dialog.Close(all,true)</onclick>
					<onclick>ActivateWindow(MyWeatherSettings)</onclick>
				</control>
				<control type="button" id="64">
					<width>740</width>
					<height>35</height>
					<label>$LOCALIZE[593] $LOCALIZE[844]</label>
					<textcolor>grey3</textcolor>
					<texturenofocus>-</texturenofocus>
					<onclick>Skin.Reset(HomeWeatherWidgetToday)</onclick>
					<onclick>Skin.Reset(HomeWeatherWidgetFull)</onclick>
				</control>
			</control>
			<control type="grouplist" id="36100"> <!-- 3D -->
				<left>30</left>
				<top>125</top>
				<width>740</width>
				<height>580</height>
				<visible>StringCompare(Window(Home).Property(HomeButton),3d)|StringCompare(Window(skinsettings).Property(HomeButton),3d)</visible>
				<control type="radiobutton" id="70">
					<width>740</width>
					<height>35</height>
					<align>left</align>
					<textcolor>grey3</textcolor>
					<texturenofocus>-</texturenofocus>
					<label>$LOCALIZE[575]</label>
					<onclick>Skin.ToggleSetting(SkinWidgets_RecommendedMovies_3D)</onclick>
					<selected>Skin.HasSetting(SkinWidgets_RecommendedMovies_3D)</selected>
				</control>
				<control type="radiobutton" id="71">
					<width>740</width>
					<height>35</height>
					<align>left</align>
					<label>$LOCALIZE[590]</label>
					<textcolor>grey3</textcolor>
					<texturenofocus>-</texturenofocus>
					<onclick>Skin.Reset(SkinWidgets_RecentMovies_3D)</onclick>
					<onclick>Skin.ToggleSetting(SkinWidgets_RandomMovies_3D)</onclick>
					<selected>Skin.HasSetting(SkinWidgets_RandomMovies_3D)</selected>
				</control>
				<control type="radiobutton" id="72">
					<width>740</width>
					<height>35</height>
					<align>left</align>
					<label>$LOCALIZE[20386]</label>
					<textcolor>grey3</textcolor>
					<texturenofocus>-</texturenofocus>
					<onclick>Skin.Reset(SkinWidgets_RandomMovies_3D)</onclick>
					<onclick>Skin.ToggleSetting(SkinWidgets_RecentMovies_3D)</onclick>
					<selected>Skin.HasSetting(SkinWidgets_RecentMovies_3D)</selected>
				</control>
				<control type="button" id="73">
					<width>740</width>
					<height>35</height>
					<label>$LOCALIZE[593] $LOCALIZE[844]</label>
					<textcolor>grey3</textcolor>
					<texturenofocus>-</texturenofocus>
					<onclick>Skin.Reset(SkinWidgets_RecommendedMovies_3D)</onclick>
					<onclick>Skin.Reset(SkinWidgets_RandomMovies_3D)</onclick>
					<onclick>Skin.Reset(SkinWidgets_RecentMovies_3D)</onclick>
				</control>
			</control>
			<control type="grouplist" id="36100"> <!-- HD -->
				<left>30</left>
				<top>125</top>
				<width>740</width>
				<height>580</height>
				<visible>StringCompare(Window(Home).Property(HomeButton),hd)|StringCompare(Window(skinsettings).Property(HomeButton),hd)</visible>
				<control type="radiobutton" id="80">
					<width>740</width>
					<height>35</height>
					<align>left</align>
					<textcolor>grey3</textcolor>
					<texturenofocus>-</texturenofocus>
					<label>$LOCALIZE[575]</label>
					<onclick>Skin.ToggleSetting(SkinWidgets_RecommendedMovies_HD)</onclick>
					<selected>Skin.HasSetting(SkinWidgets_RecommendedMovies_HD)</selected>
				</control>
				<control type="radiobutton" id="81">
					<width>740</width>
					<height>35</height>
					<align>left</align>
					<label>$LOCALIZE[590]</label>
					<textcolor>grey3</textcolor>
					<texturenofocus>-</texturenofocus>
					<onclick>Skin.Reset(SkinWidgets_RecentMovies_HD)</onclick>
					<onclick>Skin.ToggleSetting(SkinWidgets_RandomMovies_HD)</onclick>
					<selected>Skin.HasSetting(SkinWidgets_RandomMovies_HD)</selected>
				</control>
				<control type="radiobutton" id="82">
					<width>740</width>
					<height>35</height>
					<align>left</align>
					<label>$LOCALIZE[20386]</label>
					<textcolor>grey3</textcolor>
					<texturenofocus>-</texturenofocus>
					<onclick>Skin.Reset(SkinWidgets_RandomMovies_HD)</onclick>
					<onclick>Skin.ToggleSetting(SkinWidgets_RecentMovies_HD)</onclick>
					<selected>Skin.HasSetting(SkinWidgets_RecentMovies_HD)</selected>
				</control>
				<control type="button" id="83">
					<width>740</width>
					<height>35</height>
					<label>$LOCALIZE[593] $LOCALIZE[844]</label>
					<textcolor>grey3</textcolor>
					<texturenofocus>-</texturenofocus>
					<onclick>Skin.Reset(SkinWidgets_RecommendedMovies_HD)</onclick>
					<onclick>Skin.Reset(SkinWidgets_RandomMovies_HD)</onclick>
					<onclick>Skin.Reset(SkinWidgets_RecentMovies_HD)</onclick>
				</control>
			</control>
			<control type="grouplist" id="36100"> <!-- FullHD -->
				<left>30</left>
				<top>125</top>
				<width>740</width>
				<height>580</height>
				<visible>StringCompare(Window(Home).Property(HomeButton),fullhd)|StringCompare(Window(skinsettings).Property(HomeButton),fullhd)</visible>
				<control type="radiobutton" id="90">
					<width>740</width>
					<height>35</height>
					<align>left</align>
					<textcolor>grey3</textcolor>
					<texturenofocus>-</texturenofocus>
					<label>$LOCALIZE[575]</label>
					<onclick>Skin.ToggleSetting(SkinWidgets_RecommendedMovies_FullHD)</onclick>
					<selected>Skin.HasSetting(SkinWidgets_RecommendedMovies_FullHD)</selected>
				</control>
				<control type="radiobutton" id="91">
					<width>740</width>
					<height>35</height>
					<align>left</align>
					<label>$LOCALIZE[590]</label>
					<textcolor>grey3</textcolor>
					<texturenofocus>-</texturenofocus>
					<onclick>Skin.Reset(SkinWidgets_RecentMovies_FullHD)</onclick>
					<onclick>Skin.ToggleSetting(SkinWidgets_RandomMovies_FullHD)</onclick>
					<selected>Skin.HasSetting(SkinWidgets_RandomMovies_FullHD)</selected>
				</control>
				<control type="radiobutton" id="92">
					<width>740</width>
					<height>35</height>
					<align>left</align>
					<label>$LOCALIZE[20386]</label>
					<textcolor>grey3</textcolor>
					<texturenofocus>-</texturenofocus>
					<onclick>Skin.Reset(SkinWidgets_RandomMovies_FullHD)</onclick>
					<onclick>Skin.ToggleSetting(SkinWidgets_RecentMovies_FullHD)</onclick>
					<selected>Skin.HasSetting(SkinWidgets_RecentMovies_FullHD)</selected>
				</control>
				<control type="button" id="93">
					<width>740</width>
					<height>35</height>
					<label>$LOCALIZE[593] $LOCALIZE[844]</label>
					<textcolor>grey3</textcolor>
					<texturenofocus>-</texturenofocus>
					<onclick>Skin.Reset(SkinWidgets_RecommendedMovies_FullHD)</onclick>
					<onclick>Skin.Reset(SkinWidgets_RandomMovies_FullHD)</onclick>
					<onclick>Skin.Reset(SkinWidgets_RecentMovies_FullHD)</onclick>
				</control>
			</control>
			<control type="grouplist" id="36100"> <!-- Doku -->
				<left>30</left>
				<top>125</top>
				<width>740</width>
				<height>580</height>
				<visible>StringCompare(Window(Home).Property(HomeButton),doku)|StringCompare(Window(skinsettings).Property(HomeButton),doku)</visible>
				<control type="radiobutton" id="100">
					<width>740</width>
					<height>35</height>
					<align>left</align>
					<textcolor>grey3</textcolor>
					<texturenofocus>-</texturenofocus>
					<label>$LOCALIZE[575]</label>
					<onclick>Skin.ToggleSetting(SkinWidgets_RecommendedMovies_Doku)</onclick>
					<selected>Skin.HasSetting(SkinWidgets_RecommendedMovies_Doku)</selected>
				</control>
				<control type="radiobutton" id="101">
					<width>740</width>
					<height>35</height>
					<align>left</align>
					<label>$LOCALIZE[590]</label>
					<textcolor>grey3</textcolor>
					<texturenofocus>-</texturenofocus>
					<onclick>Skin.Reset(SkinWidgets_RecentMovies_Doku)</onclick>
					<onclick>Skin.ToggleSetting(SkinWidgets_RandomMovies_Doku)</onclick>
					<selected>Skin.HasSetting(SkinWidgets_RandomMovies_Doku)</selected>
				</control>
				<control type="radiobutton" id="102">
					<width>740</width>
					<height>35</height>
					<align>left</align>
					<label>$LOCALIZE[20386]</label>
					<textcolor>grey3</textcolor>
					<texturenofocus>-</texturenofocus>
					<onclick>Skin.Reset(SkinWidgets_RandomMovies_Doku)</onclick>
					<onclick>Skin.ToggleSetting(SkinWidgets_RecentMovies_Doku)</onclick>
					<selected>Skin.HasSetting(SkinWidgets_RecentMovies_Doku)</selected>
				</control>
				<control type="button" id="103">
					<width>740</width>
					<height>35</height>
					<label>$LOCALIZE[593] $LOCALIZE[844]</label>
					<textcolor>grey3</textcolor>
					<texturenofocus>-</texturenofocus>
					<onclick>Skin.Reset(SkinWidgets_RecommendedMovies_Doku)</onclick>
					<onclick>Skin.Reset(SkinWidgets_RandomMovies_Doku)</onclick>
					<onclick>Skin.Reset(SkinWidgets_RecentMovies_Doku)</onclick>
				</control>
			</control>
			<control type="grouplist" id="36100"> <!-- KIDS -->
				<left>30</left>
				<top>125</top>
				<width>740</width>
				<height>580</height>
				<visible>StringCompare(Window(Home).Property(HomeButton),kids)|StringCompare(Window(skinsettings).Property(HomeButton),kids)</visible>
				<control type="radiobutton" id="110">
					<width>740</width>
					<height>35</height>
					<align>left</align>
					<textcolor>grey3</textcolor>
					<texturenofocus>-</texturenofocus>
					<label>$LOCALIZE[575]</label>
					<onclick>Skin.ToggleSetting(SkinWidgets_RecommendedMovies_Kids)</onclick>
					<selected>Skin.HasSetting(SkinWidgets_RecommendedMovies_Kids)</selected>
				</control>
				<control type="radiobutton" id="111">
					<width>740</width>
					<height>35</height>
					<align>left</align>
					<label>$LOCALIZE[590]</label>
					<textcolor>grey3</textcolor>
					<texturenofocus>-</texturenofocus>
					<onclick>Skin.Reset(SkinWidgets_RecentMovies_Kids)</onclick>
					<onclick>Skin.ToggleSetting(SkinWidgets_RandomMovies_Kids)</onclick>
					<selected>Skin.HasSetting(SkinWidgets_RandomMovies_Kids)</selected>
				</control>
				<control type="radiobutton" id="112">
					<width>740</width>
					<height>35</height>
					<align>left</align>
					<label>$LOCALIZE[20386]</label>
					<textcolor>grey3</textcolor>
					<texturenofocus>-</texturenofocus>
					<onclick>Skin.Reset(SkinWidgets_RandomMovies_Kids)</onclick>
					<onclick>Skin.ToggleSetting(SkinWidgets_RecentMovies_Kids)</onclick>
					<selected>Skin.HasSetting(SkinWidgets_RecentMovies_Kids)</selected>
				</control>
				<control type="button" id="123">
					<width>740</width>
					<height>35</height>
					<align>left</align>
					<textcolor>grey3</textcolor>
					<texturenofocus>-</texturenofocus>
					<label>51226</label>
					<label2>$VAR[Rating_Age_Kids_Label]</label2>
					<onclick condition="!Skin.HasSetting(Rating_Age_Kids_0)+!Skin.HasSetting(Rating_Age_Kids_6)+!Skin.HasSetting(Rating_Age_Kids_12)+!Skin.HasSetting(Rating_Age_Kids_16)">Skin.SetBool(Rating_Age_Kids_0)</onclick>
					<onclick condition="Skin.HasSetting(Rating_Age_Kids_16)">Skin.SetBool(Rating_Age_Kids_0)</onclick>
					<onclick condition="Skin.HasSetting(Rating_Age_Kids_12)">Skin.SetBool(Rating_Age_Kids_16)</onclick>
					<onclick condition="Skin.HasSetting(Rating_Age_Kids_6)">Skin.SetBool(Rating_Age_Kids_12)</onclick>
					<onclick condition="Skin.HasSetting(Rating_Age_Kids_0)">Skin.SetBool(Rating_Age_Kids_6)</onclick>
					<onclick condition="Skin.HasSetting(Rating_Age_Kids_0)">Skin.Reset(Rating_Age_Kids_0)</onclick>
					<onclick condition="Skin.HasSetting(Rating_Age_Kids_6)">Skin.Reset(Rating_Age_Kids_6)</onclick>
					<onclick condition="Skin.HasSetting(Rating_Age_Kids_12)">Skin.Reset(Rating_Age_Kids_12)</onclick>
					<onclick condition="Skin.HasSetting(Rating_Age_Kids_16)">Skin.Reset(Rating_Age_Kids_16)</onclick>
				</control>
				<control type="button" id="114">
					<width>740</width>
					<height>35</height>
					<label>$LOCALIZE[593] $LOCALIZE[844]</label>
					<textcolor>grey3</textcolor>
					<texturenofocus>-</texturenofocus>
					<onclick>Skin.Reset(SkinWidgets_RecommendedMovies_Kids)</onclick>
					<onclick>Skin.Reset(SkinWidgets_RandomMovies_Kids)</onclick>
					<onclick>Skin.Reset(SkinWidgets_RecentMovies_Kids)</onclick>
				</control>
			</control>
			<control type="grouplist" id="36100"> <!-- Fav1 -->
				<left>30</left>
				<top>125</top>
				<width>740</width>
				<height>580</height>
				<visible>StringCompare(Window(Home).Property(HomeButton),fav1)|StringCompare(Window(skinsettings).Property(HomeButton),fav1)</visible>
				<control type="radiobutton" id="120">
					<width>740</width>
					<height>35</height>
					<align>left</align>
					<textcolor>grey3</textcolor>
					<texturenofocus>-</texturenofocus>
					<label>$LOCALIZE[575]</label>
					<onclick>Skin.ToggleSetting(SkinWidgets_RecommendedMovies_Fav1)</onclick>
					<selected>Skin.HasSetting(SkinWidgets_RecommendedMovies_Fav1)</selected>
				</control>
				<control type="button" id="121">
					<width>740</width>
					<height>35</height>
					<align>left</align>
					<textcolor>grey3</textcolor>
					<texturenofocus>-</texturenofocus>
					<label>- $LOCALIZE[51224]</label>
					<onclick>Skin.SetFile(Favourite1_PlaylistRecommended_Path,,special://videoplaylists/)</onclick>
					<visible>Skin.HasSetting(SkinWidgets_RecommendedMovies_Fav1)</visible>
				</control>
				<control type="radiobutton" id="122">
					<width>740</width>
					<height>35</height>
					<align>left</align>
					<label>$LOCALIZE[590]</label>
					<textcolor>grey3</textcolor>
					<texturenofocus>-</texturenofocus>
					<onclick>Skin.Reset(SkinWidgets_RecentMovies_Fav1)</onclick>
					<onclick>Skin.ToggleSetting(SkinWidgets_RandomMovies_Fav1)</onclick>
					<selected>Skin.HasSetting(SkinWidgets_RandomMovies_Fav1)</selected>
				</control>
				<control type="button" id="123">
					<width>740</width>
					<height>35</height>
					<align>left</align>
					<textcolor>grey3</textcolor>
					<texturenofocus>-</texturenofocus>
					<label>- $LOCALIZE[51222]</label>
					<onclick>Skin.SetFile(Favourite1_PlaylistRandom_Path,,special://videoplaylists/)</onclick>
					<visible>Skin.HasSetting(SkinWidgets_RandomMovies_Fav1)</visible>
				</control>
				<control type="radiobutton" id="124">
					<width>740</width>
					<height>35</height>
					<align>left</align>
					<label>$LOCALIZE[20386]</label>
					<textcolor>grey3</textcolor>
					<texturenofocus>-</texturenofocus>
					<onclick>Skin.Reset(SkinWidgets_RandomMovies_Fav1)</onclick>
					<onclick>Skin.ToggleSetting(SkinWidgets_RecentMovies_Fav1)</onclick>
					<selected>Skin.HasSetting(SkinWidgets_RecentMovies_Fav1)</selected>
				</control>
				<control type="button" id="125">
					<width>740</width>
					<height>35</height>
					<align>left</align>
					<textcolor>grey3</textcolor>
					<texturenofocus>-</texturenofocus>
					<label>- $LOCALIZE[51220]</label>
					<onclick>Skin.SetFile(Favourite1_PlaylistRecent_Path,,special://videoplaylists/)</onclick>
					<visible>Skin.HasSetting(SkinWidgets_RecentMovies_Fav1)</visible>
				</control>
				<control type="button" id="126">
					<width>740</width>
					<height>35</height>
					<label>$LOCALIZE[593] $LOCALIZE[844]</label>
					<textcolor>grey3</textcolor>
					<texturenofocus>-</texturenofocus>
					<onclick>Skin.Reset(SkinWidgets_RecommendedMovies_Fav1)</onclick>
					<onclick>Skin.Reset(SkinWidgets_RandomMovies_Fav1)</onclick>
					<onclick>Skin.Reset(SkinWidgets_RecentMovies_Fav1)</onclick>
				</control>
			</control>
			<control type="grouplist" id="36100"> <!-- Fav2 -->
				<left>30</left>
				<top>125</top>
				<width>740</width>
				<height>580</height>
				<visible>StringCompare(Window(Home).Property(HomeButton),fav2)|StringCompare(Window(skinsettings).Property(HomeButton),fav2)</visible>
				<control type="radiobutton" id="130">
					<width>740</width>
					<height>35</height>
					<align>left</align>
					<textcolor>grey3</textcolor>
					<texturenofocus>-</texturenofocus>
					<label>$LOCALIZE[575]</label>
					<onclick>Skin.ToggleSetting(SkinWidgets_RecommendedMovies_Fav2)</onclick>
					<selected>Skin.HasSetting(SkinWidgets_RecommendedMovies_Fav2)</selected>
				</control>
				<control type="button" id="131">
					<width>740</width>
					<height>35</height>
					<align>left</align>
					<textcolor>grey3</textcolor>
					<texturenofocus>-</texturenofocus>
					<label>- $LOCALIZE[51224]</label>
					<onclick>Skin.SetFile(Favourite2_PlaylistRecommended_Path,,special://videoplaylists/)</onclick>
					<visible>Skin.HasSetting(SkinWidgets_RecommendedMovies_Fav2)</visible>
				</control>
				<control type="radiobutton" id="132">
					<width>740</width>
					<height>35</height>
					<align>left</align>
					<label>$LOCALIZE[590]</label>
					<textcolor>grey3</textcolor>
					<texturenofocus>-</texturenofocus>
					<onclick>Skin.Reset(SkinWidgets_RecentMovies_Fav2)</onclick>
					<onclick>Skin.ToggleSetting(SkinWidgets_RandomMovies_Fav2)</onclick>
					<selected>Skin.HasSetting(SkinWidgets_RandomMovies_Fav2)</selected>
				</control>
				<control type="button" id="133">
					<width>740</width>
					<height>35</height>
					<align>left</align>
					<textcolor>grey3</textcolor>
					<texturenofocus>-</texturenofocus>
					<label>- $LOCALIZE[51222]</label>
					<onclick>Skin.SetFile(Favourite2_PlaylistRandom_Path,,special://videoplaylists/)</onclick>
					<visible>Skin.HasSetting(SkinWidgets_RandomMovies_Fav2)</visible>
				</control>
				<control type="radiobutton" id="134">
					<width>740</width>
					<height>35</height>
					<align>left</align>
					<label>$LOCALIZE[20386]</label>
					<textcolor>grey3</textcolor>
					<texturenofocus>-</texturenofocus>
					<onclick>Skin.Reset(SkinWidgets_RandomMovies_Fav2)</onclick>
					<onclick>Skin.ToggleSetting(SkinWidgets_RecentMovies_Fav2)</onclick>
					<selected>Skin.HasSetting(SkinWidgets_RecentMovies_Fav2)</selected>
				</control>
				<control type="button" id="135">
					<width>740</width>
					<height>35</height>
					<align>left</align>
					<textcolor>grey3</textcolor>
					<texturenofocus>-</texturenofocus>
					<label>- $LOCALIZE[51220]</label>
					<onclick>Skin.SetFile(Favourite2_PlaylistRecent_Path,,special://videoplaylists/)</onclick>
					<visible>Skin.HasSetting(SkinWidgets_RecentMovies_Fav2)</visible>
				</control>
				<control type="button" id="136">
					<width>740</width>
					<height>35</height>
					<label>$LOCALIZE[593] $LOCALIZE[844]</label>
					<textcolor>grey3</textcolor>
					<texturenofocus>-</texturenofocus>
					<onclick>Skin.Reset(SkinWidgets_RecommendedMovies_Fav2)</onclick>
					<onclick>Skin.Reset(SkinWidgets_RandomMovies_Fav2)</onclick>
					<onclick>Skin.Reset(SkinWidgets_RecentMovies_Fav2)</onclick>
				</control>
			</control>
			<control type="grouplist" id="36100"> <!-- Fav3 -->
				<left>30</left>
				<top>125</top>
				<width>740</width>
				<height>580</height>
				<visible>StringCompare(Window(Home).Property(HomeButton),fav3)|StringCompare(Window(skinsettings).Property(HomeButton),fav3)</visible>
				<control type="radiobutton" id="140">
					<width>740</width>
					<height>35</height>
					<align>left</align>
					<textcolor>grey3</textcolor>
					<texturenofocus>-</texturenofocus>
					<label>$LOCALIZE[559]</label>
					<onclick>Skin.Reset(SkinWidgets_UserPlaylist_Radio)</onclick>
					<onclick>Skin.ToggleSetting(SkinWidgets_UserPlaylist)</onclick>
					<selected>Skin.HasSetting(SkinWidgets_UserPlaylist)</selected>
				</control>
				<control type="button" id="141">
					<width>740</width>
					<height>35</height>
					<align>left</align>
					<textcolor>grey3</textcolor>
					<texturenofocus>-</texturenofocus>
					<label>- $LOCALIZE[524]: </label>
					<label2>$INFO[Skin.String(Favourite3_Playlist_Path)]</label2>
					<onclick>Skin.SetFile(Favourite3_Playlist_Path,,special://musicplaylists/)</onclick>
					<visible>Skin.HasSetting(SkinWidgets_UserPlaylist)</visible>
				</control>
				<control type="button" id="142">
					<width>740</width>
					<height>35</height>
					<align>left</align>
					<textcolor>grey3</textcolor>
					<texturenofocus>-</texturenofocus>
					<label>- $LOCALIZE[21899]</label>
					<label2>$INFO[Skin.String(UserPlaylistLabel)]</label2>
					<onclick>Skin.SetString(UserPlaylistLabel)</onclick>
					<visible>Skin.HasSetting(SkinWidgets_UserPlaylist)</visible>
				</control>
				<control type="radiobutton" id="143">
					<width>740</width>
					<height>35</height>
					<align>left</align>
					<textcolor>grey3</textcolor>
					<texturenofocus>-</texturenofocus>
					<label>$LOCALIZE[51429]</label>
					<onclick>Skin.Reset(SkinWidgets_UserPlaylist)</onclick>
					<onclick>Skin.ToggleSetting(SkinWidgets_UserPlaylist_Radio)</onclick>
					<selected>Skin.HasSetting(SkinWidgets_UserPlaylist_Radio)</selected>
					<!-- <enable>Skin.HasAddon(plugin.audio.radio_de)</enable> -->
				</control>
				<control type="button" id="144">
					<width>740</width>
					<height>35</height>
					<align>left</align>
					<textcolor>grey3</textcolor>
					<texturenofocus>-</texturenofocus>
					<label>- $LOCALIZE[22080] $LOCALIZE[51457]</label>
					<label2>$INFO[Skin.String(RadioPath)]</label2>
					<onclick>Dialog.Close(all,true)</onclick>
					<onclick>Skin.SetPath(RadioPath,plugin://plugin.audio.radio_de/)</onclick>
					<visible>Skin.HasSetting(SkinWidgets_UserPlaylist_Radio)</visible>
					<!-- <visible>Skin.HasAddon(plugin.audio.radio_de)</visible> -->
				</control>
				<control type="button" id="145">
					<width>740</width>
					<height>35</height>
					<align>left</align>
					<textcolor>grey3</textcolor>
					<texturenofocus>-</texturenofocus>
					<label>- $LOCALIZE[51431]</label>
					<onclick>Dialog.Close(1500)</onclick>
					<onclick>RunAddon(plugin.audio.radio_de)</onclick>
					<visible>Skin.HasSetting(SkinWidgets_UserPlaylist_Radio)</visible>
					<!-- <visible>Skin.HasAddon(plugin.audio.radio_de)</visible> -->
				</control>
				<control type="button" id="146">
					<width>740</width>
					<height>35</height>
					<label>$LOCALIZE[593] $LOCALIZE[844]</label>
					<textcolor>grey3</textcolor>
					<texturenofocus>-</texturenofocus>
					<onclick>Skin.Reset(SkinWidgets_UserPlaylist)</onclick>
					<onclick>Skin.Reset(SkinWidgets_UserPlaylist_Radio)</onclick>
				</control>
			</control>
		</control>
	</controls>
</window>
