﻿<?xml version="1.0" encoding="UTF-8"?>
<window type="dialog" id="1000">
	<zorder>2</zorder>
	<visible>Window.IsVisible(visualisation)+Skin.HasSetting(artistslideshow_artistinfos)</visible>
	<visible>![Player.ShowInfo | Window.IsActive(MusicOSD)|Player.Paused|Player.Forwarding|Player.Rewinding]</visible>
	<controls>
		<control type="grouplist">
			<include>openclosevisible</include>
			<include>openclose</include>
			<left>10</left>
			<top>12</top>
			<width>1260</width>
			<height>720</height>
			<itemgap>25</itemgap>
			<visible>!ControlGroup(240).HasFocus()</visible>
			<visible>System.HasAddon(script.artistslideshow)</visible>
			<orientation>vertical</orientation>
			<animation effect="slide" end="20" condition="system.getbool(lookandfeel.enablerssfeeds)">Conditional</animation>
			<control type="group">
				<left>0</left>
				<top>0</top>
				<width>1260</width>
				<height>312</height>
				<include>openclosevisible</include>
				<visible>!IsEmpty(Window(Visualisation).Property(ArtistSlideshow.ArtistBiography))</visible>
				<control type="image">
					<left>0</left>
					<top>10</top>
					<width>1260</width>
					<height>310</height>
					<colordiffuse>menudiffuse</colordiffuse>
					<texture border="6" diffuse="masks/Mask.png">BlackBack.png</texture>
				</control>
				<control type="image">
					<description>Artist Discography background</description>
					<left>0</left>
					<top>10</top>
					<width>1260</width>
					<height>310</height>
					<colordiffuse>fanartdiffuse</colordiffuse>
					<texture border="6">masks/Default.png</texture>
				</control>
				<control type="image">
					<description>Artist Discography background</description>
					<left>10</left>
					<top>20</top>
					<width>290</width>
					<height>290</height>
					<aspectratio>scale</aspectratio>
					<texture fallback="BlackBack.png">$INFO[Window(Visualisation).Property(ArtistSlideshow.1.SimilarThumb)]</texture>
				</control>
				<control type="textbox">
					<description>Artist Biography from Artist Slideshow</description>
					<left>310</left>
					<top>20</top>
					<width>930</width>
					<height>290</height>
					<align>left</align>
					<aligny>top</aligny>
					<font>font13</font>
					<autoscroll time="3000" delay="12000" repeat="5000"></autoscroll>
					<label>$INFO[Window(Visualisation).Property(ArtistSlideshow.ArtistBiography)]</label>
				</control>
			</control>
			<control type="group">
				<width>1240</width>
				<height>90</height>
				<include>openclosevisible</include>
				<visible>!IsEmpty(Window(Visualisation).Property(ArtistSlideshow.1.AlbumName))</visible>
				<control type="image">
					<left>0</left>
					<top>0</top>
					<width>1260</width>
					<height>90</height>
					<colordiffuse>menudiffuse</colordiffuse>
					<texture border="6" diffuse="masks/Mask.png">BlackBack.png</texture>
				</control>
				<control type="fixedlist" id="1100">
					<left>10</left>
					<top>5</top>
					<width>1240</width>
					<height>80</height>
					<width>1520</width>
					<height>60</height>
					<onleft>1100</onleft>
					<onright>1100</onright>
					<onup>-</onup>
					<ondown>-</ondown>
					<pagecontrol>-</pagecontrol>
					<scrolltime>8000</scrolltime>
					<focusposition>0</focusposition>
					<movement>1</movement>
					<orientation>Horizontal</orientation>
					<autoscroll time="0" delay="0" repeat="0">IntegerGreaterThan(Container(1100).NumItems,4)</autoscroll>
					<itemlayout height="80" width="310">
						<control type="image">
							<width>80</width>
							<height>80</height>
							<texture>$INFO[ListItem.Icon]</texture>
						</control>
						<control type="label">
							<description>Album Title</description>
							<left>90</left>
							<width>215</width>
							<height>80</height>
							<align>left</align>
							<aligny>center</aligny>
							<font>font13</font>
							<wrapmultiline>true</wrapmultiline>
							<label>$INFO[ListItem.Label]</label>
						</control>
					</itemlayout>
					<focusedlayout height="80" width="310">
						<control type="image">
							<width>80</width>
							<height>80</height>
							<texture>$INFO[ListItem.Icon]</texture>
						</control>
						<control type="label">
							<description>Album Title</description>
							<left>90</left>
							<width>215</width>
							<height>80</height>
							<align>left</align>
							<aligny>center</aligny>
							<font>font13</font>
							<wrapmultiline>true</wrapmultiline>
							<label>$INFO[ListItem.Label]</label>
						</control>
					</focusedlayout>
					<content>
						<item>
							<label>$INFO[Window(Visualisation).Property(ArtistSlideshow.1.AlbumName)]</label>
							<icon fallback="BlackBack.png">$INFO[Window(Visualisation).Property(ArtistSlideshow.1.AlbumThumb)]</icon>
							<onclick>-</onclick>
							<visible>!IsEmpty(Window(Visualisation).Property(ArtistSlideshow.1.AlbumName))</visible>
						</item>
						<item>
							<label>$INFO[Window(Visualisation).Property(ArtistSlideshow.2.AlbumName)]</label>
							<icon fallback="BlackBack.png">$INFO[Window(Visualisation).Property(ArtistSlideshow.2.AlbumThumb)]</icon>
							<onclick>-</onclick>
							<visible>!IsEmpty(Window(Visualisation).Property(ArtistSlideshow.2.AlbumName))</visible>
						</item>
						<item>
							<label>$INFO[Window(Visualisation).Property(ArtistSlideshow.3.AlbumName)]</label>
							<icon fallback="BlackBack.png">$INFO[Window(Visualisation).Property(ArtistSlideshow.3.AlbumThumb)]</icon>
							<onclick>-</onclick>
							<visible>!IsEmpty(Window(Visualisation).Property(ArtistSlideshow.3.AlbumName))</visible>
						</item>
						<item>
							<label>$INFO[Window(Visualisation).Property(ArtistSlideshow.4.AlbumName)]</label>
							<icon fallback="BlackBack.png">$INFO[Window(Visualisation).Property(ArtistSlideshow.4.AlbumThumb)]</icon>
							<onclick>-</onclick>
							<visible>!IsEmpty(Window(Visualisation).Property(ArtistSlideshow.4.AlbumName))</visible>
						</item>
						<item>
							<label>$INFO[Window(Visualisation).Property(ArtistSlideshow.5.AlbumName)]</label>
							<icon fallback="BlackBack.png">$INFO[Window(Visualisation).Property(ArtistSlideshow.5.AlbumThumb)]</icon>
							<onclick>-</onclick>
							<visible>!IsEmpty(Window(Visualisation).Property(ArtistSlideshow.5.AlbumName))</visible>
						</item>
						<item>
							<label>$INFO[Window(Visualisation).Property(ArtistSlideshow.6.AlbumName)]</label>
							<icon fallback="BlackBack.png">$INFO[Window(Visualisation).Property(ArtistSlideshow.6.AlbumThumb)]</icon>
							<onclick>-</onclick>
							<visible>!IsEmpty(Window(Visualisation).Property(ArtistSlideshow.6.AlbumName))</visible>
						</item>
						<item>
							<label>$INFO[Window(Visualisation).Property(ArtistSlideshow.7.AlbumName)]</label>
							<icon fallback="BlackBack.png">$INFO[Window(Visualisation).Property(ArtistSlideshow.7.AlbumThumb)]</icon>
							<onclick>-</onclick>
							<visible>!IsEmpty(Window(Visualisation).Property(ArtistSlideshow.7.AlbumName))</visible>
						</item>
						<item>
							<label>$INFO[Window(Visualisation).Property(ArtistSlideshow.8.AlbumName)]</label>
							<icon fallback="BlackBack.png">$INFO[Window(Visualisation).Property(ArtistSlideshow.8.AlbumThumb)]</icon>
							<onclick>-</onclick>
							<visible>!IsEmpty(Window(Visualisation).Property(ArtistSlideshow.8.AlbumName))</visible>
						</item>
						<item>
							<label>$INFO[Window(Visualisation).Property(ArtistSlideshow.9.AlbumName)]</label>
							<icon fallback="BlackBack.png">$INFO[Window(Visualisation).Property(ArtistSlideshow.9.AlbumThumb)]</icon>
							<onclick>-</onclick>
							<visible>!IsEmpty(Window(Visualisation).Property(ArtistSlideshow.9.AlbumName))</visible>
						</item>
						<item>
							<label>$INFO[Window(Visualisation).Property(ArtistSlideshow.10.AlbumName)]</label>
							<icon fallback="BlackBack.png">$INFO[Window(Visualisation).Property(ArtistSlideshow.10.AlbumThumb)]</icon>
							<onclick>-</onclick>
							<visible>!IsEmpty(Window(Visualisation).Property(ArtistSlideshow.10.AlbumName))</visible>
						</item>
						<item>
							<label>$INFO[Window(Visualisation).Property(ArtistSlideshow.11.AlbumName)]</label>
							<icon fallback="BlackBack.png">$INFO[Window(Visualisation).Property(ArtistSlideshow.11.AlbumThumb)]</icon>
							<onclick>-</onclick>
							<visible>!IsEmpty(Window(Visualisation).Property(ArtistSlideshow.11.AlbumName))</visible>
						</item>
						<item>
							<label>$INFO[Window(Visualisation).Property(ArtistSlideshow.12.AlbumName)]</label>
							<icon fallback="BlackBack.png">$INFO[Window(Visualisation).Property(ArtistSlideshow.12.AlbumThumb)]</icon>
							<onclick>-</onclick>
							<visible>!IsEmpty(Window(Visualisation).Property(ArtistSlideshow.12.AlbumName))</visible>
						</item>
						<item>
							<label>$INFO[Window(Visualisation).Property(ArtistSlideshow.13.AlbumName)]</label>
							<icon fallback="BlackBack.png">$INFO[Window(Visualisation).Property(ArtistSlideshow.13.AlbumThumb)]</icon>
							<onclick>-</onclick>
							<visible>!IsEmpty(Window(Visualisation).Property(ArtistSlideshow.13.AlbumName))</visible>
						</item>
						<item>
							<label>$INFO[Window(Visualisation).Property(ArtistSlideshow.14.AlbumName)]</label>
							<icon fallback="BlackBack.png">$INFO[Window(Visualisation).Property(ArtistSlideshow.14.AlbumThumb)]</icon>
							<onclick>-</onclick>
							<visible>!IsEmpty(Window(Visualisation).Property(ArtistSlideshow.14.AlbumName))</visible>
						</item>
						<item>
							<label>$INFO[Window(Visualisation).Property(ArtistSlideshow.15.AlbumName)]</label>
							<icon fallback="BlackBack.png">$INFO[Window(Visualisation).Property(ArtistSlideshow.15.AlbumThumb)]</icon>
							<onclick>-</onclick>
							<visible>!IsEmpty(Window(Visualisation).Property(ArtistSlideshow.15.AlbumName))</visible>
						</item>
						<item>
							<label>$INFO[Window(Visualisation).Property(ArtistSlideshow.16.AlbumName)]</label>
							<icon fallback="BlackBack.png">$INFO[Window(Visualisation).Property(ArtistSlideshow.16.AlbumThumb)]</icon>
							<onclick>-</onclick>
							<visible>!IsEmpty(Window(Visualisation).Property(ArtistSlideshow.16.AlbumName))</visible>
						</item>
						<item>
							<label>$INFO[Window(Visualisation).Property(ArtistSlideshow.17.AlbumName)]</label>
							<icon fallback="BlackBack.png">$INFO[Window(Visualisation).Property(ArtistSlideshow.17.AlbumThumb)]</icon>
							<onclick>-</onclick>
							<visible>!IsEmpty(Window(Visualisation).Property(ArtistSlideshow.17.AlbumName))</visible>
						</item>
						<item>
							<label>$INFO[Window(Visualisation).Property(ArtistSlideshow.18.AlbumName)]</label>
							<icon fallback="BlackBack.png">$INFO[Window(Visualisation).Property(ArtistSlideshow.18.AlbumThumb)]</icon>
							<onclick>-</onclick>
							<visible>!IsEmpty(Window(Visualisation).Property(ArtistSlideshow.18.AlbumName))</visible>
						</item>
						<item>
							<label>$INFO[Window(Visualisation).Property(ArtistSlideshow.19.AlbumName)]</label>
							<icon fallback="BlackBack.png">$INFO[Window(Visualisation).Property(ArtistSlideshow.19.AlbumThumb)]</icon>
							<onclick>-</onclick>
							<visible>!IsEmpty(Window(Visualisation).Property(ArtistSlideshow.19.AlbumName))</visible>
						</item>
						<item>
							<label>$INFO[Window(Visualisation).Property(ArtistSlideshow.20.AlbumName)]</label>
							<icon fallback="BlackBack.png">$INFO[Window(Visualisation).Property(ArtistSlideshow.20.AlbumThumb)]</icon>
							<onclick>-</onclick>
							<visible>!IsEmpty(Window(Visualisation).Property(ArtistSlideshow.20.AlbumName))</visible>
						</item>
					</content>
				</control>
				<control type="image">
					<left>0</left>
					<top>0</top>
					<width>1260</width>
					<height>90</height>
					<colordiffuse>fanartdiffuse</colordiffuse>
					<texture border="6">masks/Default.png</texture>
				</control>
			</control>
		</control>
	</controls>
</window>