<?xml version="1.0" encoding="UTF-8"?>
<window type="dialog" id="1155">
	<defaultcontrol always="true">11</defaultcontrol>
	<onload>Skin.Reset(systemlevel_set)</onload>
	<onunload condition="!Skin.HasSetting(systemlevel_set)">Skin.SetBool(standart_bkg)</onunload>
	<onunload condition="!Skin.HasSetting(systemlevel_set)">Skin.SetBool(color_neutral)</onunload>
	<onunload condition="!Skin.HasSetting(systemlevel_set)">Skin.SetBool(background_dim_1)</onunload>
	<onunload condition="!Skin.HasSetting(systemlevel_set)">Skin.SetBool(dashboard_small)</onunload>
	<onunload condition="!Skin.HasSetting(systemlevel_set)">ActivateWindow(1140)</onunload>
	<onunload>CancelAlarm(back,true)</onunload>
	<include>openclose</include>
	<controls>
		<include>DialogBackgroundSimple</include>
		<include>BlackStripes</include>
		<control type="group">
			<top>40</top>
			<include>openclosebox</include>
			<control type="group">
				<left>340</left>
				<top>180</top>
				<include name="DialogInfoBackgroundParam">
					<param name="DialogBackgroundLeft" value="0" />
					<param name="DialogBackgroundTop" value="0" />
					<param name="DialogBackgroundWidth" value="600" />
					<param name="DialogBackgroundHeight" value="300" />
					<param name="DialogSeparatorTop" value="40" />
					<param name="DialogSeparatorBottom" value="300" />
					<param name="DialogShadowTop" value="301" />
					<param name="DialogHeaderLabel" value="51288" />
					<param name="DialogHeaderTop" value="5" />
					<param name="DialogHeaderId" value="1" />
				</include>
				<control type="image">
					<left>0</left>
					<top>259</top>
					<width>600</width>
					<height>40</height>
					<colordiffuse>red</colordiffuse>
					<texture>WhiteBack.png</texture>
				</control>
			</control>
			<control type="group">
				<left>390</left>
				<top>220</top>
				<control type="label" id="3">
					<description>dialog line</description>
					<left>-10</left>
					<top>50</top>
					<width>520</width>
					<height>100</height>
					<align>center</align>
					<aligny>center</aligny>
					<wrapmultiline>true</wrapmultiline>
					<label>51142</label>
					<font>ubuntu-r19b</font>
				</control>
				<control type="group">
					<left>5</left>
					<top>45</top>
					<control type="button" id="10">
						<description>low profil button</description>
						<left>10</left>
						<top>180</top>
						<width>150</width>
						<height>30</height>
						<label>51144</label>
						<font>impacted21</font>
						<texturenofocus>-</texturenofocus>
						<textcolor>white</textcolor>
						<focusedcolor>black</focusedcolor>
						<align>center</align>
						<onleft>12</onleft>
						<onright>11</onright>
						<onclick>Skin.ResetSettings</onclick>
						<onclick>Skin.SetBool(hideMovieCases)</onclick>
						<onclick>Skin.SetBool(gambit_background)</onclick>
						<onclick>Skin.SetBool(HomeMenuNo3DButton)</onclick>
						<onclick>Skin.SetBool(HomeMenuNoHDButton)</onclick>
						<onclick>Skin.SetBool(HomeMenuNoFULLHDButton)</onclick>
						<onclick>Skin.SetBool(HomeMenuNoDokuButton)</onclick>
						<onclick>Skin.SetBool(HomeMenuNoKidsButton)</onclick>
						<onclick>Skin.SetBool(HomeMenuNoWeatherButton)</onclick>
						<onclick>Skin.SetBool(HomeMenuWeatherFadeout)</onclick>
						<onclick>Skin.SetBool(WindowedTrailer)</onclick>
						<onclick>Skin.SetBool(HideOverlayIconNew)</onclick>
						<onclick>Skin.SetBool(Episode_HideCover)</onclick>
						<onclick>Skin.SetBool(hideInfoPanel)</onclick>
						<onclick>Skin.SetBool(CoverDim)</onclick>
						<onclick>Skin.SetBool(dashboard_small)</onclick>
						<onclick>Skin.SetBool(dashboard_comingsoon)</onclick>
						<onclick>Skin.SetBool(dashboard_intheaters2)</onclick>
						<onclick>Skin.SetBool(systemlevel_set)</onclick>
						<onclick>Notification(schwaches System, wurde ausgewählt:, 10000, DefaultIconInfo.png)</onclick>
						<onclick>Action(back)</onclick>
						<onclick>ActivateWindow(1140)</onclick>
					</control>
					<control type="button" id="11">
						<description>medium profil button</description>
						<left>170</left>
						<top>180</top>
						<width>150</width>
						<height>30</height>
						<label>51146</label>
						<font>impacted21</font>
						<texturenofocus>-</texturenofocus>
						<textcolor>white</textcolor>
						<focusedcolor>black</focusedcolor>
						<align>center</align>
						<onleft>10</onleft>
						<onright>12</onright>
						<onclick>Skin.ResetSettings</onclick>
						<onclick>Skin.SetBool(animation)</onclick>
						<onclick>Skin.SetBool(Clearart)</onclick>
						<onclick>Skin.SetBool(clearlogo)</onclick>
						<onclick>Skin.SetBool(Landscape)</onclick>
						<onclick>Skin.SetBool(video_art)</onclick>
						<onclick>Skin.SetBool(TVShowClearart)</onclick>
						<onclick>Skin.SetBool(TVShowCharacterart)</onclick>
						<onclick>Skin.SetBool(TVShowClearlogo)</onclick>
						<onclick>Skin.SetBool(TVShowLandscape)</onclick>
						<onclick>Skin.SetBool(tvshow_art)</onclick>
						<onclick>Skin.SetBool(Label_Flagging)</onclick>
						<onclick>Skin.SetBool(NavInfo)</onclick>
						<onclick>Skin.SetBool(NoDate)</onclick>
						<onclick>Skin.SetBool(music_art)</onclick>
						<onclick>Skin.SetBool(background_dim_1)</onclick>
						<onclick>Skin.SetBool(standart_bkg)</onclick>
						<onclick>Skin.SetBool(HideSysteminfo)</onclick>
						<onclick>Skin.SetBool(HomeMenuNo3DButton)</onclick>
						<onclick>Skin.SetBool(HomeMenuNoHDButton)</onclick>
						<onclick>Skin.SetBool(HomeMenuNoFULLHDButton)</onclick>
						<onclick>Skin.SetBool(HomeMenuNoDokuButton)</onclick>
						<onclick>Skin.SetBool(HomeMenuNoKidsButton)</onclick>
						<onclick>Skin.SetBool(HomeMenuNoWeatherButton)</onclick>
						<onclick>Skin.SetBool(HomeMenuNoProgramsButton)</onclick>
						<onclick>Skin.SetBool(HomeMenuNoWeatherButton)</onclick>
						<onclick>Skin.SetBool(BackgroundVideo)</onclick>
						<onclick>Skin.SetBool(WindowedTrailer)</onclick>
						<onclick>Skin.SetBool(playlist)</onclick>
						<onclick>Skin.SetBool(CurrentButtonLabel)</onclick>
						<onclick>Skin.SetBool(context_ad)</onclick>
						<onclick>Skin.SetBool(context_globalsearch)</onclick>
						<onclick>Skin.SetBool(SkinWidgetDim)</onclick>
						<onclick>Skin.SetBool(fanart)</onclick>
						<onclick>Skin.SetBool(CommonPageCount)</onclick>
						<onclick>Skin.SetBool(HideOverlayIconNew)</onclick>
						<onclick>Skin.SetBool(hideInfoPanel)</onclick>
						<onclick>Skin.SetBool(CoverDim)</onclick>
						<onclick>Skin.SetBool(dashboard_small)</onclick>
						<onclick>Skin.SetBool(dashboard_comingsoon)</onclick>
						<onclick>Skin.SetBool(dashboard_intheaters2)</onclick>
						<onclick>Skin.SetBool(systemlevel_set)</onclick>
						<onclick>Notification(gutes System, wurde ausgewählt:, 10000, DefaultIconInfo.png)</onclick>
						<onclick>Action(back)</onclick>
						<onclick>ActivateWindow(1140)</onclick>
					</control>
					<control type="button" id="12">
						<description>high profil button</description>
						<left>330</left>
						<top>180</top>
						<width>150</width>
						<height>30</height>
						<label>51148</label>
						<font>impacted21</font>
						<texturenofocus>-</texturenofocus>
						<textcolor>white</textcolor>
						<focusedcolor>black</focusedcolor>
						<align>center</align>
						<onleft>11</onleft>
						<onright>10</onright>
						<onclick>Skin.ResetSettings</onclick>
						<onclick>Skin.SetBool(animation)</onclick>
						<onclick>Skin.SetBool(Clearart)</onclick>
						<onclick>Skin.SetBool(clearlogo)</onclick>
						<onclick>Skin.SetBool(Landscape)</onclick>
						<onclick>Skin.SetBool(video_art)</onclick>
						<onclick>Skin.SetBool(TVShowClearart)</onclick>
						<onclick>Skin.SetBool(TVShowCharacterart)</onclick>
						<onclick>Skin.SetBool(TVShowClearlogo)</onclick>
						<onclick>Skin.SetBool(TVShowLandscape)</onclick>
						<onclick>Skin.SetBool(tvshow_art)</onclick>
						<onclick>Skin.SetBool(NavInfo)</onclick>
						<onclick>Skin.SetBool(music_art)</onclick>
						<onclick>Skin.SetBool(color_neutral)</onclick>
						<onclick>Skin.SetBool(background_dim_1)</onclick>
						<onclick>Skin.SetBool(background_dim_2)</onclick>
						<onclick>Skin.SetBool(background_dim_3)</onclick>
						<onclick>Skin.SetBool(HideSysteminfo)</onclick>
						<onclick>Skin.SetBool(NeonSlide)</onclick>
						<onclick>Skin.SetBool(HideNavArrow)</onclick>
						<onclick>Skin.SetBool(HomeMenuNo3DButton)</onclick>
						<onclick>Skin.SetBool(HomeMenuNoHDButton)</onclick>
						<onclick>Skin.SetBool(HomeMenuNoFULLHDButton)</onclick>
						<onclick>Skin.SetBool(HomeMenuNoDokuButton)</onclick>
						<onclick>Skin.SetBool(HomeMenuNoKidsButton)</onclick>
						<onclick>Skin.SetBool(HomeMenuWeatherFadeout)</onclick>
						<onclick>Skin.SetBool(standart_bkg)</onclick>
						<onclick>Skin.SetBool(playlist)</onclick>
						<onclick>Skin.SetBool(CurrentButtonLabel)</onclick>
						<onclick>Skin.SetBool(context_ad)</onclick>
						<onclick>Skin.SetBool(context_globalsearch)</onclick>
						<onclick>Skin.SetBool(SkinWidgets_RecentMovies)</onclick>
						<onclick>Skin.SetBool(SkinWidgets_RecentMusicVideos)</onclick>
						<onclick>Skin.SetBool(SkinWidgets_RecentAlbums)</onclick>
						<onclick>Skin.SetBool(SkinWidgets_RecentTVShows)</onclick>
						<onclick>Skin.SetBool(SkinWidgets_RecommendedMovies)</onclick>
						<onclick>Skin.SetBool(SkinWidgets_RecommendedTVShows)</onclick>
						<onclick>Skin.SetBool(SkinWidgets_RecommendedMusicVideos)</onclick>
						<onclick>Skin.SetBool(SkinWidgets_RecommendedMusic)</onclick>
						<onclick>Skin.SetBool(HomeWeatherWidgetToday)</onclick>
						<!-- <onclick>Skin.SetBool(SkinWidget_Addon)</onclick> -->
						<onclick>Skin.SetBool(SkinWidget_Systeminfo)</onclick>
						<onclick>Skin.SetBool(SkinWidget_DVDLabel)</onclick>
						<onclick>Skin.SetBool(SkinWidget_LiveTVWidget)</onclick>
						<onclick>Skin.SetBool(fanart)</onclick>
						<onclick>Skin.SetBool(CommonPageCount)</onclick>
						<onclick>Skin.SetBool(standart_bkg)</onclick>
						<onclick>Skin.SetBool(WeatherFanartHome)</onclick>
						<onclick>Skin.SetBool(musicoverlay_stream)</onclick>
						<onclick>Skin.SetBool(HideOverlayIconNew)</onclick>
						<onclick>Skin.SetBool(statistic)</onclick>
						<onclick>Skin.SetBool(dashboard_small)</onclick>
						<onclick>Skin.SetBool(dashboard_comingsoon)</onclick>
						<onclick>Skin.SetBool(dashboard_intheaters2)</onclick>
						<onclick>Skin.SetBool(systemlevel_set)</onclick>
						<onclick>Notification(schnelles System, wurde ausgewählt:, 10000, DefaultIconInfo.png)</onclick>
						<onclick>Action(back)</onclick>
						<onclick>ActivateWindow(1140)</onclick>
					</control>
				</control>
			</control>
		</control>
	</controls>
</window>