<?xml version="1.0" encoding="UTF-8"?>
<window type="buttonmenu" id="1153">
	<defaultcontrol always="true">9000</defaultcontrol>
	<coordinates>
		<system>1</system>
		<left>0</left>
		<top>0</top>
	</coordinates>
	<include>openclose</include>
	<controls>
		<include>DialogBackground</include>
		<control type="group">
			<visible>IsEmpty(Container(9000).ListItem.Icon)</visible>
			<control type="image">
				<visible>Skin.HasSetting(gambit_background)</visible>
				<include>openclosefanart</include>
				<include>Dimensions_Fullscreen</include>
				<aspectratio>scale</aspectratio>
				<texture background="true">special://skin/backgrounds/gambit/background.jpg</texture>
				<colordiffuse>$VAR[BackgroundDim]</colordiffuse>
			</control>
			<control type="image">
				<aspectratio>scale</aspectratio>
				<fadetime>FadeTime</fadetime>
				<include>Dimensions_Fullscreen</include>
				<texture background="true">$INFO[Container(9000).ListItem.Label2]</texture>
			</control>
			<control type="label">
				<left>0</left>
				<top>300</top>					
				<width>1280</width>
				<height>60</height>
				<label>51138</label>
				<font>menufontimpacted</font>
				<textcolor>grey</textcolor>
				<shadowcolor>black</shadowcolor>
				<align>center</align>
			</control>
		</control>
		<control type="image">
			<aspectratio>scale</aspectratio>
			<fadetime>FadeTime</fadetime>
			<include>Dimensions_Fullscreen</include>
			<texture background="true">$INFO[Container(9000).ListItem.Icon]</texture>
		</control>
		<control type="group">
			<include>opencloseslideup</include>
			<control type="group">
				<control type="group">
					<control type="image">
						<left>-5</left>
						<top>533</top>
						<width>1290</width>
						<height>57</height>
						<texture background="true">BlackBack.png</texture>
					</control>
					<control type="image">
						<left>-5</left>
						<top>530</top>
						<width>1290</width>
						<height>63</height>
						<texture background="true">MenuStripe.png</texture>
					</control>
					<control type="group">
						<control type="image">
							<left>570</left>
							<top>505</top>
							<width>355</width>
							<height>94</height>
							<texture background="true" border="6">buttons/MenuButton.png</texture>
						</control>
						<control type="label">
							<left>570</left>
							<top>496</top>					
							<width>355</width>
							<height>50</height>
							<label>51138</label>
							<font>ubuntu-r16b</font>
							<shadowcolor>-</shadowcolor>
							<textcolor>white</textcolor>
							<align>center</align>
						</control>
					</control>
				</control>
				<control type="wraplist" id="9000">
					<description>Home Wraplist</description>
					<left>-8</left>
					<top>500</top>
					<width>1600</width>
					<height>564</height>
					<align>center</align>
					<onup>noop</onup>
					<ondown>9001</ondown>
					<onleft>9000</onleft>
					<onright>9000</onright>
					<focusposition>2</focusposition>
					<scrolltime tween="circle" easing="out">400</scrolltime>
					<orientation>horizontal</orientation>
					<itemgap></itemgap>
					<itemlayout width="300" height="60">
						<control type="label">
							<left>0</left>
							<top>35</top>					
							<height>50</height>
							<width>300</width>
							<font>impacted36</font>
							<label>[UPPERCASE]$INFO[ListItem.Label][/UPPERCASE]</label>
							<align>center</align>
							<textcolor>white</textcolor>
						</control>
					</itemlayout>
					<focusedlayout width="350" height="60">
						<control type="group">
							<left>0</left>
							<control type="label">
								<left>0</left>
								<top>35</top>					
								<width>312</width>
								<height>50</height>
								<label>[UPPERCASE]$INFO[ListItem.Label][/UPPERCASE]</label>
								<font>impacted44</font>
								<shadowcolor></shadowcolor>
								<textcolor>white</textcolor>
								<align>center</align>
								<scroll>true</scroll>
							</control>
							<control type="label">
								<left>0</left>
								<top>35</top>					
								<width>312</width>
								<height>50</height>
								<label>[UPPERCASE]$INFO[ListItem.Label][/UPPERCASE]</label>
								<font>impacted44</font>
								<shadowcolor>-</shadowcolor>
								<visible>Control.HasFocus(9000)</visible>
								<textcolor>selectedhome</textcolor>
								<align>center</align>
								<animation effect="fade" start="0" delay="160" end="100" time="200">Focus</animation>
								<scroll>true</scroll>
							</control>
						</control>
					</focusedlayout>
					<content>
						<include>HomeMenuMusic</include>
						<include>HomeMenuVideo</include>
						<include>HomeMenuDashboard</include>
						<include>HomeMenuTVShows</include>
						<include>HomeMenuMusicvideos</include>
						<include>HomeMenuPictures</include>
						<include>HomeMenuWeather</include>
						<include>HomeMenuPlayDisc</include>
						<include>HomeMenu3D</include>
						<include>HomeMenuHD</include>
						<include>HomeMenuFullHD</include>
						<include>HomeMenuDoku</include>
						<include>HomeMenuKids</include>
						<include>HomeMenuFav1</include>
						<include>HomeMenuFav2</include>
						<include>HomeMenuFav3</include>
						<include>HomeMenuFav4</include>
						<include>HomeMenuSettings</include>
						<include>HomeMenuPVR</include>
						<include>HomeMenuRadio</include>
					</content>
				</control>
			</control>
			<control type="button" id="9001">
				<left>665</left>
				<top>595</top>
				<onup>9000</onup>
				<width>150</width>
				<height>28</height>
				<label>51139</label>
				<onclick>$VAR[reset_user_background]</onclick>
			</control>
		</control>
		<control type="group">
			<left>0</left>
			<top>0</top>
			<include>opencloseslideright</include>
			<control type="image">
				<description>Background</description>
				<left>-100</left>
				<top>-3</top>
				<width>350</width>
				<height>50</height>
				<texture background="true" border="2">Scaled.png</texture>
			</control>
			<control type="label">
				<description>Navigation label</description>
				<left>10</left>
				<top>3</top>
				<width>320</width>
				<label>31102</label>
				<align>left</align>
				<aligny>center</aligny>
				<font>impacted24</font>
				<textcolor>white</textcolor>
			</control>
		</control>
	</controls>
</window>