<?xml version="1.0" encoding="UTF-8"?>
<window>
	<defaultcontrol always="true">9000</defaultcontrol>
	<include>openclose</include>
	<controls>
		<control type="group">
			<visible>!Window.IsVisible(FileBrowser)</visible>
			<control type="group">
				<include>openclosefanart</include>
				<include>DialogBackground</include>
				<include>WhiteGrunge</include>
			</control>
			<control type="group">
				<include>openclosebox</include>
				<include>DialogInfoWide</include>
				<control type="group">
					<left>320</left>
					<top>174</top>
					<include>openclosevisible</include>
					<visible>Control.HasFocus(15)|ControlGroup(600).HasFocus()</visible>
					<control type="label">
						<left>0</left>
						<top>0</top>
						<width>675</width>
						<height>380</height>
						<textcolor>grey2</textcolor>
						<font>impacted24</font>
						<align>center</align>
						<aligny>center</aligny>
						<label>31330</label>
						<visible>!Player.HasVideo</visible>
					</control>
					<control type="videowindow">
						<description>No Fanart Back</description>
						<left>5</left>
						<top>5</top>
						<width>665</width>
						<height>370</height>
						<visible>Player.HasVideo</visible>
					</control>
					<control type="group" id="600">
						<left>220</left>
						<top>335</top>
						<animation effect="fade" start="100" end="60" time="200" condition="!ControlGroup(600).HasFocus()">Conditional</animation>
						<visible>Player.HasVideo</visible>
						<control type="button" id="601">
							<left>40</left>
							<top>0</top>
							<width>40</width>
							<height>40</height>
							<label>-</label>
							<texturefocus colordiffuse="description">osd/RewindFO.png</texturefocus>
							<texturenofocus colordiffuse="grey">osd/RewindFO.png</texturenofocus>
							<onleft>604</onleft>
							<onright>603</onright>
							<onup>noop</onup>
							<ondown>15</ondown>
							<onclick>PlayerControl(Rewind)</onclick>
							<visible>!VideoPlayer.Content(LiveTV)</visible>
						</control>
						<control type="togglebutton" id="603">
							<left>80</left>
							<top>0</top>
							<width>40</width>
							<height>40</height>
							<label>-</label>
							<texturefocus colordiffuse="description">osd/PauseFO.png</texturefocus>
							<texturenofocus colordiffuse="grey">osd/PauseFO.png</texturenofocus>
							<usealttexture>Player.Paused|Player.Forwarding|Player.Rewinding</usealttexture>
							<alttexturefocus colordiffuse="description">osd/PlayFO.png</alttexturefocus>
							<alttexturenofocus colordiffuse="grey">osd/PlayFO.png</alttexturenofocus>
							<onleft>601</onleft>
							<onright>602</onright>
							<onup>noop</onup>
							<ondown>15</ondown>
							<onclick>PlayerControl(Play)</onclick>
							<visible>!VideoPlayer.Content(LiveTV)</visible>
						</control>
						<control type="button" id="602">
							<left>120</left>
							<top>0</top>
							<width>40</width>
							<height>40</height>
							<label>-</label>
							<texturefocus colordiffuse="description">osd/StopFO.png</texturefocus>
							<texturenofocus colordiffuse="grey">osd/StopFO.png</texturenofocus>
							<onleft>603</onleft>
							<onright>604</onright>
							<onup>noop</onup>
							<ondown>15</ondown>
							<onclick>down</onclick>
							<onclick>PlayerControl(Stop)</onclick>
							<visible>!VideoPlayer.Content(LiveTV)</visible>
						</control>
						<control type="button" id="604">
							<left>160</left>
							<top>0</top>
							<width>40</width>
							<height>40</height>
							<label>-</label>
							<texturefocus colordiffuse="description">osd/ForwardFO.png</texturefocus>
							<texturenofocus colordiffuse="grey">osd/ForwardFO.png</texturenofocus>
							<onleft>602</onleft>
							<onright>601</onright>
							<onup>noop</onup>
							<ondown>15</ondown>
							<onclick>PlayerControl(Forward)</onclick>
							<visible>!VideoPlayer.Content(LiveTV)</visible>
						</control>
					</control>
				</control>
				<control type="label">
					<description>Title</description>
					<left>15</left>
					<top>124</top>
					<width>680</width>
					<font>impacted31</font>
					<label>$INFO[ListItem.Title]$INFO[ListItem.Year, (,)]</label>
					<scroll>true</scroll>
				</control>
				<control type="group">
					<visible>!Control.HasFocus(15)+!ControlGroup(600).HasFocus()</visible>
					<include>openclosevisible</include>
					<control type="image">
						<left>685</left>
						<top>190</top>
						<width>2</width>
						<height>330</height>
						<colordiffuse>fanartdiffuse</colordiffuse>
						<texture background="true">Separator4.png</texture>
						<visible>Skin.HasSetting(WindowedTrailer)</visible>
					</control>
					<control type="grouplist">
						<left>20</left>
						<top>530</top>
						<width>1240</width>
						<height>80</height>
						<align>center</align>
						<itemgap>4</itemgap>
						<orientation>horizontal</orientation>
						<include>FlagVideo</include>
						<include>FlagVideoAudioStream1</include>
						<include>FlagVideoAudioStream2</include>
						<include>FlagVideoSubtitles</include>
					</control>
					<control type="group"> <!-- Movie Arts -->
						<include>openclosevisible</include>
						<visible>!Control.IsVisible(50)</visible>
						<left>540r</left>
						<top>125</top>
						<control type="group">
							<visible>!container.content(episodes)+!container.content(musicvideos)+!SubString(ListItem.FolderPath,plugin://) </visible>
							<control type="image" id="9898">
								<left>-22</left>
								<top>55</top>
								<width>200</width>
								<height>100</height>
								<colordiffuse>black</colordiffuse>
								<aspectratio>keep</aspectratio>
								<texture background="true">$VAR[MovieStudioLogoVar]$INFO[ListItem.Studio,,.png]</texture>
								<visible>!SubString(Skin.String(studiologos.name),coloured)</visible>
							</control>
							<control type="image" id="9898">
								<left>-22</left>
								<top>65</top>
								<width>200</width>
								<height>100</height>
								<aspectratio>keep</aspectratio>
								<texture background="true">$VAR[MovieStudioLogoVar]$INFO[ListItem.Studio,,.png]</texture>
								<visible>SubString(Skin.String(studiologos.name),coloured)</visible>
							</control>
							<control type="image" id="5554">
								<visible>Skin.HasSetting(fsk_original)|Skin.HasSetting(fsk_dual)</visible>
								<left>-22</left>
								<top>175</top>
								<width>200</width>
								<height>40</height>
								<aspectratio>keep</aspectratio>
								<texture background="true">$VAR[Furniture_VideoRating]</texture>
							</control>
							<control type="image" id="5555">
								<left>-22</left>
								<top>230</top>
								<width>200</width>
								<height>150</height>
								<aspectratio>keep</aspectratio>
								<texture background="true">$VAR[extraart_rule]</texture>
							</control>
						</control>
					</control>
					<control type="group"> <!-- Movies -->
						<include>openclosevisible</include>
						<visible>!Control.IsVisible(50)</visible>
						<visible>!SubString(Container.FolderPath,videodb://musicvideos/,left)+Container.Content(Movies)</visible>
						<visible>![Control.HasFocus(12)|Control.HasFocus(15)]+!SubString(ListItem.Filenameandpath,plugin://)</visible>
						<left>60</left>
						<top>0</top>
						<control type="group">
							<left>100</left>
							<top>0</top>
							<control type="group">
								<left>130</left>
								<top>5</top>
								<visible>!Skin.HasSetting(hideMovieCases)</visible>
								<control type="image" id="3">
									<left>690</left>
									<top>144</top>
									<width>245</width>
									<height>356</height>
									<aspectratio>stretch</aspectratio>
									<fadetime>FadeTime</fadetime>
									<texture background="true" diffuse="clear-cases/clearcase_inlay.png" fallback="FallbackCover.png">$VAR[PosterThumb]</texture>
								</control>
								<control type="image">
									<left>662</left>
									<top>142</top>
									<width>275</width>
									<height>360</height>
									<aspectratio>stretch</aspectratio>
									<fadetime>FadeTime</fadetime>
									<texture background="true" fallback="clear-cases/fallback.png">$VAR[clearcase]</texture>
								</control>
							</control>
							<control type="group">
								<visible>Skin.HasSetting(hideMovieCases)</visible>
								<control type="image">
									<left>800</left>
									<top>150</top>
									<width>245</width>
									<height>356</height>
									<aspectratio>stretch</aspectratio>
									<fadetime>FadeTime</fadetime>
									<bordertexture border="10">ThumbShadow.png</bordertexture>
									<bordersize>7</bordersize>
									<texture background="true" fallback="FallbackCover.png">$VAR[PosterThumb]</texture>
								</control>
							</control>
						</control>
						<control type="list" id="49">
							<left>-50</left>
							<top>230</top>
							<width>680</width>
							<height>330</height>
							<onleft>49</onleft>
							<onright>49</onright>
							<onup>9000</onup>
							<ondown>61</ondown>
							<pagecontrol>-</pagecontrol>
							<scrolltime>200</scrolltime>
							<visible>!Skin.HasSetting(Plot)</visible>
							<include>openclosevisible</include>
							<itemlayout height="22">
								<control type="label">
									<left>10</left>
									<top>0</top>
									<width>160</width>
									<height>22</height>
									<font>impacted18</font>
									<align>right</align>
									<aligny>center</aligny>
									<textcolor>selectedhome</textcolor>
									<selectedcolor>selectedhome</selectedcolor>
									<info>ListItem.Label</info>
								</control>
								<control type="label">
									<left>175</left>
									<top>0</top>
									<width>480</width>
									<height>22</height>
									<font>impacted18</font>
									<align>left</align>
									<aligny>center</aligny>
									<textcolor>grey3</textcolor>
									<selectedcolor>grey3</selectedcolor>
									<info>ListItem.Label2</info>
								</control>
							</itemlayout>
							<focusedlayout height="22">
								<control type="image">
									<left>20</left>
									<top>1</top>
									<width>640</width>
									<height>22</height>
									<texture background="true" border="2">buttons/ButtonNFlight.png</texture>
									<visible>Control.HasFocus(49)</visible>
								</control>
								<control type="label">
									<left>10</left>
									<top>0</top>
									<width>160</width>
									<height>22</height>
									<font>impacted18</font>
									<align>right</align>
									<aligny>center</aligny>
									<textcolor>selectedhome</textcolor>
									<selectedcolor>selectedhome</selectedcolor>
									<info>ListItem.Label</info>
								</control>
								<control type="label">
									<left>175</left>
									<top>0</top>
									<width>480</width>
									<height>22</height>
									<font>impacted18</font>
									<align>left</align>
									<aligny>center</aligny>
									<textcolor>grey3</textcolor>
									<selectedcolor>grey3</selectedcolor>
									<info>ListItem.Label2</info>
								</control>
							</focusedlayout>
							<content>
								<item>
									<label>$LOCALIZE[20376]:</label>
									<label2>$INFO[ListItem.OriginalTitle]</label2>
									<onclick>noop</onclick>
									<visible>!IsEmpty(ListItem.OriginalTitle) + !stringcompare(ListItem.OriginalTitle,Listitem.Title)</visible>
								</item>
								<item>
									<label>$LOCALIZE[20339]:</label>
									<label2>$INFO[ListItem.Director]</label2>
									<onclick>SendClick(2003,13)</onclick>
									<visible>!IsEmpty(ListItem.Director)</visible>
								</item>
								<item>
									<label>$LOCALIZE[20417]:</label>
									<label2>$INFO[ListItem.Writer]</label2>
									<onclick>noop</onclick>
									<visible>!IsEmpty(ListItem.Writer)</visible>
								</item>
								<item>
									<label>$LOCALIZE[572]:</label>
									<label2>$INFO[ListItem.Studio]</label2>
									<onclick>noop</onclick>
									<visible>!IsEmpty(ListItem.Studio)</visible>
								</item>
								<item>
									<label>$LOCALIZE[515]:</label>
									<label2>$INFO[ListItem.Genre]</label2>
									<onclick>noop</onclick>
									<visible>!IsEmpty(ListItem.Genre)</visible>
								</item>
								<item>
									<label>$LOCALIZE[562]:</label>
									<label2>$INFO[ListItem.Year]</label2>
									<onclick>noop</onclick>
									<visible>!IsEmpty(ListItem.Year)</visible>
								</item>
								<item>
									<label>$LOCALIZE[2050]:</label>
									<label2>$INFO[ListItem.Duration] $LOCALIZE[12391]</label2>
									<onclick>noop</onclick>
									<visible>!IsEmpty(ListItem.Duration)</visible>
								</item>
								<item>
									<label>$LOCALIZE[563]:</label>
									<label2>$INFO[ListItem.RatingAndVotes]</label2>
									<onclick>noop</onclick>
									<visible>!IsEmpty(ListItem.RatingAndVotes)</visible>
								</item>
								<!-- <item>
									<label>$LOCALIZE[202]:</label>
									<label2>$INFO[ListItem.TagLine]</label2>
									<onclick>noop</onclick>
									<visible>!IsEmpty(ListItem.TagLine)</visible>
								</item>
								<item>
									<label>$LOCALIZE[203]:</label>
									<label2>$INFO[ListItem.PlotOutline]</label2>
									<onclick>noop</onclick>
									<visible>!IsEmpty(ListItem.PlotOutline)</visible>
								</item> -->
								<item>
									<label>$LOCALIZE[20074]:</label>
									<label2>$INFO[ListItem.mpaa]</label2>
									<onclick>noop</onclick>
									<visible>!IsEmpty(ListItem.mpaa)</visible>
								</item>
								<item>
									<label>$LOCALIZE[205]:</label>
									<label2>$INFO[ListItem.Votes]</label2>
									<onclick>noop</onclick>
									<visible>!IsEmpty(ListItem.Votes)</visible>
								</item>
								<item>
									<label>$LOCALIZE[15311]</label>
									<label2>$INFO[ListItem.FilenameAndPath]</label2>
									<onclick>noop</onclick>
									<visible>!IsEmpty(ListItem.FilenameAndPath)</visible>
								</item>
							</content>
						</control>
					</control>
					<control type="group"> <!-- TVShows -->
						<include>openclosevisible</include>
						<visible>!Control.IsVisible(50)</visible>
						<visible>Container.Content(TVShows)+!Control.HasFocus(12)</visible>
						<left>60</left>
						<top>0</top>
						<control type="group">
							<left>200</left>
							<top>34</top>
							<visible>!Skin.HasSetting(hideMovieCases)</visible>
							<control type="image" id="3">
								<left>690</left>
								<top>144</top>
								<width>245</width>
								<height>356</height>
								<aspectratio>stretch</aspectratio>
								<fadetime>FadeTime</fadetime>
								<texture background="true" diffuse="clear-cases/clearcase_inlay.png" fallback="FallbackCover.png">$VAR[PosterThumb]</texture>
							</control>
							<control type="image">
								<left>662</left>
								<top>142</top>
								<width>275</width>
								<height>360</height>
								<aspectratio>stretch</aspectratio>
								<fadetime>FadeTime</fadetime>
								<texture background="true">clear-cases/tvshows.png</texture>
							</control>
						</control>
						<control type="group">
							<visible>Skin.HasSetting(hideMovieCases)</visible>
							<control type="image">
								<left>890</left>
								<top>180</top>
								<width>245</width>
								<height>356</height>
								<aspectratio>stretch</aspectratio>
								<fadetime>FadeTime</fadetime>
								<bordertexture border="10">ThumbShadow.png</bordertexture>
								<bordersize>7</bordersize>
								<texture background="true" fallback="FallbackCover.png">$VAR[PosterThumb]</texture>
							</control>
						</control>
						<control type="list" id="49">
							<left>-50</left>
							<top>250</top>
							<width>680</width>
							<height>330</height>
							<onleft>49</onleft>
							<onright>49</onright>
							<onup>9000</onup>
							<ondown>61</ondown>
							<pagecontrol>-</pagecontrol>
							<scrolltime>200</scrolltime>
							<visible>!Skin.HasSetting(Plot)</visible>
							<include>openclosevisible</include>
							<itemlayout height="30">
								<control type="label">
									<left>10</left>
									<top>0</top>
									<width>160</width>
									<height>30</height>
									<font>impacted21</font>
									<align>right</align>
									<aligny>center</aligny>
									<textcolor>selectedhome</textcolor>
									<info>ListItem.Label</info>
								</control>
								<control type="label">
									<left>175</left>
									<top>0</top>
									<width>480</width>
									<height>30</height>
									<font>impacted21</font>
									<align>left</align>
									<aligny>center</aligny>
									<textcolor>grey3</textcolor>
									<selectedcolor>grey3</selectedcolor>
									<info>ListItem.Label2</info>
								</control>
							</itemlayout>
							<focusedlayout height="30">
								<control type="image">
									<left>10</left>
									<top>0</top>
									<width>640</width>
									<height>30</height>
									<visible>Control.HasFocus(49)</visible>
									<texture background="true">buttons/ButtonNFlight.png</texture>
									<include>openclosevisible</include>
								</control>
								<control type="label">
									<left>10</left>
									<top>0</top>
									<width>160</width>
									<height>30</height>
									<font>impacted21</font>
									<align>right</align>
									<aligny>center</aligny>
									<textcolor>selectedhome</textcolor>
									<info>ListItem.Label</info>
								</control>
								<control type="label">
									<left>175</left>
									<top>0</top>
									<width>480</width>
									<height>30</height>
									<font>impacted21</font>
									<align>left</align>
									<aligny>center</aligny>
									<textcolor>grey3</textcolor>
									<selectedcolor>grey3</selectedcolor>
									<info>ListItem.Label2</info>
								</control>
							</focusedlayout>
							<content>
								<item>
									<label>$LOCALIZE[20360]:</label>
									<label2>$INFO[ListItem.Property(NumEpisodes)] [COLOR=grey2] $INFO[ListItem.Property(WatchedEpisodes),(, $LOCALIZE[16102])][/COLOR]</label2>
									<onclick>noop</onclick>
									<visible>!IsEmpty(ListItem.Episode)</visible>
								</item>
								<item>
									<label>$LOCALIZE[31322]:</label>
									<label2>$INFO[ListItem.Premieselectedhome]</label2>
									<onclick>noop</onclick>
									<visible>!IsEmpty(ListItem.Premieselectedhome)</visible>
								</item>
								<item>
									<label>$LOCALIZE[515]:</label>
									<label2>$INFO[ListItem.Genre]</label2>
									<onclick>noop</onclick>
									<visible>!IsEmpty(ListItem.Genre)</visible>
								</item>
								<item>
									<label>$LOCALIZE[562]:</label>
									<label2>$INFO[ListItem.Year]</label2>
									<onclick>noop</onclick>
									<visible>!IsEmpty(ListItem.Year)</visible>
								</item>
								<item>
									<label>$LOCALIZE[563]:</label>
									<label2>$INFO[ListItem.Rating]</label2>
									<onclick>noop</onclick>
									<visible>!IsEmpty(ListItem.Rating)</visible>
								</item>
								<item>
									<label>$LOCALIZE[15311]</label>
									<label2>$INFO[ListItem.FilenameAndPath]</label2>
									<onclick>noop</onclick>
									<visible>!IsEmpty(ListItem.FilenameAndPath)</visible>
								</item>
							</content>
						</control>
					</control>
					<control type="group"> <!-- Episodes -->
						<include>openclosevisible</include>
						<visible>!Control.IsVisible(50)</visible>
						<visible>[Container.content(episodes) + !Control.HasFocus(12)]|SubString(ListItem.Filenameandpath,plugin://)</visible>
						<left>60</left>
						<top>0</top>
						<control type="image">
							<left>700</left>
							<top>200</top>
							<width>480</width>
							<height>280</height>
							<aspectratio aligny="bottom">keep</aspectratio>
							<texture background="true">$INFO[ListItem.Icon]</texture>
							<bordertexture border="10">ThumbShadow.png</bordertexture>
							<bordersize>7</bordersize>
						</control>
						<control type="list" id="49">
							<left>-50</left>
							<top>210</top>
							<width>880</width>
							<height>330</height>
							<onleft>49</onleft>
							<onright>49</onright>
							<onup>9000</onup>
							<ondown>61</ondown>
							<pagecontrol>-</pagecontrol>
							<scrolltime>200</scrolltime>
							<visible>!Skin.HasSetting(Plot)</visible>
							<include>openclosevisible</include>
							<itemlayout height="30">
								<control type="label">
									<left>10</left>
									<top>0</top>
									<width>160</width>
									<height>30</height>
									<font>impacted21</font>
									<align>right</align>
									<aligny>center</aligny>
									<textcolor>selectedhome</textcolor>
									<info>ListItem.Label</info>
								</control>
								<control type="label">
									<left>175</left>
									<top>0</top>
									<width>465</width>
									<height>30</height>
									<font>impacted21</font>
									<align>left</align>
									<aligny>center</aligny>
									<textcolor>grey3</textcolor>
									<selectedcolor>grey3</selectedcolor>
									<info>ListItem.Label2</info>
								</control>
							</itemlayout>
							<focusedlayout height="30">
								<control type="image">
									<left>10</left>
									<top>0</top>
									<width>640</width>
									<height>30</height>
									<visible>Control.HasFocus(49)</visible>
									<texture background="true">buttons/ButtonNFlight.png</texture>
									<include>openclosevisible</include>
								</control>
								<control type="label">
									<left>10</left>
									<top>0</top>
									<width>160</width>
									<height>30</height>
									<font>impacted21</font>
									<align>right</align>
									<aligny>center</aligny>
									<textcolor>selectedhome</textcolor>
									<info>ListItem.Label</info>
								</control>
								<control type="label">
									<left>175</left>
									<top>0</top>
									<width>465</width>
									<height>30</height>
									<font>impacted21</font>
									<align>left</align>
									<aligny>center</aligny>
									<textcolor>grey3</textcolor>
									<selectedcolor>grey3</selectedcolor>
									<info>ListItem.Label2</info>
								</control>
							</focusedlayout>
							<content>
								<item>
									<label>$LOCALIZE[20364]:</label>
									<label2>$INFO[ListItem.TVShowTitle]</label2>
									<onclick>noop</onclick>
									<visible>!IsEmpty(ListItem.TVShowTitle)</visible>
								</item>
								<item>
									<label>$LOCALIZE[20373]:</label>
									<label2>$INFO[ListItem.Season]</label2>
									<onclick>noop</onclick>
									<visible>!IsEmpty(ListItem.Season)</visible>
								</item>
								<item>
									<label>$LOCALIZE[20359]:</label>
									<label2>$INFO[ListItem.Episode]</label2>
									<onclick>noop</onclick>
									<visible>!IsEmpty(ListItem.Episode)</visible>
								</item>
								<item>
									<label>$LOCALIZE[31322]:</label>
									<label2>$INFO[ListItem.Premieselectedhome]</label2>
									<onclick>noop</onclick>
									<visible>!IsEmpty(ListItem.Premieselectedhome)</visible>
								</item>
								<item>
									<label>$LOCALIZE[515]:</label>
									<label2>$INFO[ListItem.Genre]</label2>
									<onclick>noop</onclick>
									<visible>!IsEmpty(ListItem.Genre)</visible>
								</item>
								<item>
									<label>$LOCALIZE[20339]:</label>
									<label2>$INFO[ListItem.Director]</label2>
									<onclick>SendClick(2003,13)</onclick>
									<visible>!IsEmpty(ListItem.Director)</visible>
								</item>
								<item>
									<label>$LOCALIZE[20417]:</label>
									<label2>$INFO[ListItem.Writer]</label2>
									<onclick>noop</onclick>
									<visible>!IsEmpty(ListItem.Writer)</visible>
								</item>
								<item>
									<label>$LOCALIZE[562]:</label>
									<label2>$INFO[ListItem.Year]</label2>
									<onclick>noop</onclick>
									<visible>!IsEmpty(ListItem.Year)</visible>
								</item>
								<item>
									<label>$LOCALIZE[2050]:</label>
									<label2>$INFO[ListItem.Duration] $LOCALIZE[12391]</label2>
									<onclick>noop</onclick>
									<visible>!IsEmpty(ListItem.Duration)</visible>
								</item>
								<item>
									<label>$LOCALIZE[563]:</label>
									<label2>$INFO[ListItem.Rating]</label2>
									<onclick>noop</onclick>
									<visible>!IsEmpty(ListItem.Rating)</visible>
								</item>
								<item>
									<label>$LOCALIZE[15311]</label>
									<label2>$INFO[ListItem.FilenameAndPath]</label2>
									<onclick>noop</onclick>
									<visible>!IsEmpty(ListItem.FilenameAndPath)</visible>
								</item>
							</content>
						</control>
					</control>
					<control type="group"> <!-- Musicvideos -->
						<include>openclosevisible</include>
						<visible>!Control.IsVisible(50)</visible>
						<visible>SubString(Container.FolderPath,videodb://musicvideos/,left)</visible>
						<visible>!Control.HasFocus(12)+!SubString(ListItem.Filenameandpath,plugin://)</visible>
						<left>60</left>
						<top>0</top>
						<control type="group">
							<left>120</left>
							<top>34</top>
							<visible>!Skin.HasSetting(hideMovieCases)</visible>
							<control type="image" id="3">
								<left>690</left>
								<top>144</top>
								<width>245</width>
								<height>356</height>
								<aspectratio>stretch</aspectratio>
								<fadetime>FadeTime</fadetime>
								<texture background="true" diffuse="clear-cases/clearcase_inlay.png" fallback="FallbackCover.png">$VAR[PosterThumb]</texture>
							</control>
							<control type="image">
								<left>662</left>
								<top>142</top>
								<width>275</width>
								<height>360</height>
								<aspectratio>stretch</aspectratio>
								<fadetime>FadeTime</fadetime>
								<texture background="true" fallback="clear-cases/fallback.png">$VAR[clearcase]</texture>
							</control>
						</control>
						<control type="group">
							<visible>Skin.HasSetting(hideMovieCases)</visible>
							<control type="image">
								<left>820</left>
								<top>178</top>
								<width>245</width>
								<height>356</height>
								<aspectratio>stretch</aspectratio>
								<fadetime>FadeTime</fadetime>
								<bordertexture border="10">ThumbShadow.png</bordertexture>
								<bordersize>7</bordersize>
								<texture background="true" fallback="FallbackCover.png">$VAR[PosterThumb]</texture>
							</control>
						</control>
						<control type="list" id="49">
							<left>-50</left>
							<top>210</top>
							<width>680</width>
							<height>330</height>
							<onleft>49</onleft>
							<onright>49</onright>
							<onup>9000</onup>
							<ondown>61</ondown>
							<pagecontrol>-</pagecontrol>
							<scrolltime>200</scrolltime>
							<visible>!Skin.HasSetting(Plot)</visible>
							<include>openclosevisible</include>
							<itemlayout height="30" width="640">
								<control type="label">
									<left>10</left>
									<top>0</top>
									<width>160</width>
									<height>30</height>
									<font>impacted21</font>
									<align>right</align>
									<aligny>center</aligny>
									<textcolor>selectedhome</textcolor>
									<info>ListItem.Label</info>
								</control>
								<control type="label">
									<left>175</left>
									<top>0</top>
									<width>480</width>
									<height>30</height>
									<font>impacted21</font>
									<align>left</align>
									<aligny>center</aligny>
									<textcolor>grey3</textcolor>
									<selectedcolor>grey3</selectedcolor>
									<info>ListItem.Label2</info>
								</control>
							</itemlayout>
							<focusedlayout height="30" width="640">
								<control type="image">
									<left>20</left>
									<top>0</top>
									<width>640</width>
									<height>30</height>
									<visible>Control.HasFocus(49)</visible>
									<texture background="true">buttons/ButtonNFlight.png</texture>
									<include>openclosevisible</include>
								</control>
								<control type="label">
									<left>10</left>
									<top>0</top>
									<width>160</width>
									<height>30</height>
									<font>impacted21</font>
									<align>right</align>
									<aligny>center</aligny>
									<textcolor>selectedhome</textcolor>
									<info>ListItem.Label</info>
								</control>
								<control type="label">
									<left>175</left>
									<top>0</top>
									<width>480</width>
									<height>30</height>
									<font>impacted21</font>
									<align>left</align>
									<aligny>center</aligny>
									<textcolor>grey3</textcolor>
									<selectedcolor>grey3</selectedcolor>
									<info>ListItem.Label2</info>
								</control>
							</focusedlayout>
							<content>
								<item>
									<label>$LOCALIZE[557]:</label>
									<label2>$INFO[ListItem.Artist]</label2>
									<onclick>noop</onclick>
									<visible>!IsEmpty(ListItem.Artist)</visible>
								</item>
								<item>
									<label>$LOCALIZE[558]:</label>
									<label2>$INFO[ListItem.Album]</label2>
									<onclick>noop</onclick>
									<visible>!IsEmpty(ListItem.Album)</visible>
								</item>
								<item>
									<label>$LOCALIZE[515]:</label>
									<label2>$INFO[ListItem.Genre]</label2>
									<onclick>noop</onclick>
									<visible>!IsEmpty(ListItem.Genre)</visible>
								</item>
								<item>
									<label>$LOCALIZE[572]:</label>
									<label2>$INFO[ListItem.Studio]</label2>
									<onclick>noop</onclick>
									<visible>!IsEmpty(ListItem.Studio)</visible>
								</item>
								<item>
									<label>$LOCALIZE[20417]:</label>
									<label2>$INFO[ListItem.Writer]</label2>
									<onclick>noop</onclick>
									<visible>!IsEmpty(ListItem.Writer)</visible>
								</item>
								<item>
									<label>$LOCALIZE[20339]:</label>
									<label2>$INFO[ListItem.Director]</label2>
									<onclick>noop</onclick>
									<visible>!IsEmpty(ListItem.Director)</visible>
								</item>
								<item>
									<label>$LOCALIZE[562]:</label>
									<label2>$INFO[ListItem.Year]</label2>
									<onclick>noop</onclick>
									<visible>!IsEmpty(ListItem.Year)</visible>
								</item>
								<item>
									<label>$LOCALIZE[2050]:</label>
									<label2>$INFO[ListItem.Duration] $LOCALIZE[12391]</label2>
									<onclick>noop</onclick>
									<visible>!IsEmpty(ListItem.Duration)</visible>
								</item>
								<item>
									<label>$LOCALIZE[15311]</label>
									<label2>$INFO[ListItem.FilenameAndPath]</label2>
									<onclick>noop</onclick>
									<visible>!IsEmpty(ListItem.FilenameAndPath)</visible>
								</item>
							</content>
						</control>
					</control>
					<control type="group">
						<control type="spincontrol" id="61">
							<include>openclosevisible</include>
							<description>Next page button</description>
							<left>0</left>
							<top>542</top>
							<subtype>page</subtype>
							<font>-</font>
							<onleft>61</onleft>
							<onright>61</onright>
							<ondown>9000</ondown>
							<onup>49</onup>
							<textcolor>-</textcolor>
							<showonepage>true</showonepage>
							<visible>SubString(Container(400).NumPages,2,right)+[Control.HasFocus(30)|Control.HasFocus(61)]</visible>
						</control>
						<control type="textbox" id="400">
							<include>openclosevisible</include>
							<description>Description Value for Movies</description>
							<left>20</left>
							<top>185</top>
							<width>640</width>
							<height>350</height>
							<textcolor>black</textcolor>
							<pagecontrol>61</pagecontrol>
							<include condition="!Skin.HasSetting(BigPlotText)">PlotText16Var</include>
							<include condition="Skin.HasSetting(BigPlotText)">PlotTextBigVar</include>
							<label>$INFO[ListItem.Plot]</label>
							<visible>!Control.IsVisible(50)+Skin.HasSetting(Plot)</visible>
						</control>
						<control type="group">
							<left>20</left>
							<visible>Control.IsVisible(50)</visible>
							<control type="image">
								<include>openclosevisible</include>
								<description>Actor image</description>
								<left>820</left>
								<top>115</top>
								<width>340</width>
								<height>435</height>
								<texture background="true">$INFO[Container(50).Listitem.Icon]</texture>
								<bordertexture border="10">ThumbShadow.png</bordertexture>
								<bordersize>7</bordersize>
								<aspectratio>scale</aspectratio>
								<visible>!SubString(Container(50).Listitem.Icon,default)</visible>
							</control>
							<control type="image">
								<include>openclosevisible</include>
								<description>Actor image</description>
								<left>890</left>
								<top>230</top>
								<width>200</width>
								<height>200</height>
								<texture background="true">$INFO[Container(50).Listitem.Icon]</texture>
								<bordertexture border="10">ThumbShadow.png</bordertexture>
								<bordersize>4</bordersize>
								<aspectratio>keep</aspectratio>
								<visible>SubString(Container(50).Listitem.Icon,default)</visible>
							</control>
							<control type="image">
								<include>openclosevisible</include>
								<description>Actor image</description>
								<left>827</left>
								<top>480</top>
								<width>326</width>
								<height>60</height>
								<colordiffuse>grey</colordiffuse>
								<texture background="true">BlackBack.png</texture>
								<visible>!SubString(Container(50).Listitem.Icon,default)</visible>
							</control>
							<control type="label">
								<left>830</left>
								<top>482</top>
								<width>320</width>
								<height>30</height>
								<textcolor>white</textcolor>
								<label>$INFO[Container(50).ListItem.Label]</label>
								<scroll>true</scroll>
								<align>center</align>
							</control>
							<control type="label">
								<left>830</left>
								<top>510</top>
								<width>320</width>
								<height>30</height>
								<textcolor>white</textcolor>
								<label>$INFO[Container(50).ListItem.Label2,$LOCALIZE[20347] ,]</label>
								<scroll>true</scroll>
								<align>center</align>
							</control>
						</control>
					</control>
					<control type="panel" id="50">
						<left>40</left>
						<top>178</top>
						<width>630</width>
						<height>390</height>
						<onleft>50</onleft>
						<onright>50</onright>
						<onup>50</onup>
						<ondown>9000</ondown>
						<viewtype label="">list</viewtype>
						<pagecontrol>-</pagecontrol>
						<scrolltime>200</scrolltime>
						<orientation>horizontal</orientation>
						<visible>!Control.HasFocus(15)</visible>
						<itemlayout height="126" width="126">
							<control type="image">
								<left>3</left>
								<top>3</top>
								<width>115</width>
								<height>115</height>
								<aspectratio>scale</aspectratio>
								<colordiffuse>grey</colordiffuse>
								<texture border="5">$INFO[ListItem.Icon]</texture>
							</control>
						</itemlayout>
						<focusedlayout height="130" width="130">
							<control type="image">
								<include>focuseffect</include>
								<left></left>
								<top></top>
								<width>120</width>
								<height>120</height>
								<aspectratio>scale</aspectratio>
								<texture border="5">$INFO[ListItem.Icon]</texture>
								<bordertexture border="4">buttons/ButtonNF.png</bordertexture>
								<bordersize>3</bordersize>
							</control>
						</focusedlayout>
					</control>
					<control type="group">
						<left>9</left>
						<top>360</top>
						<include>openclosevisible</include>
						<visible>Control.HasFocus(50)</visible>
						<control type="image">
							<include>openclosevisible</include>
							<description>Arrow for List 50</description>
							<left>13</left>
							<top>0</top>
							<width>12</width>
							<height>18</height>
							<texture background="true">ArrowBig.png</texture>
							<visible>Container(50).HasPrevious</visible>
						</control>
						<control type="image">
							<include>openclosevisible</include>
							<description>Arrow</description>
							<left>660</left>
							<top>0</top>
							<width>12</width>
							<height>18</height>
							<texture background="true" flipx="true">ArrowBig.png</texture>
							<visible>Container(50).HasNext</visible>
						</control>
					</control>
					<control type="group">
						<left>13</left>
						<top>582</top>
						<control type="image">
							<include>openclosevisible</include>
							<description>Arrow for Grouplist 9000</description>
							<left>0</left>
							<top>0</top>
							<width>12</width>
							<height>18</height>
							<texture background="true">ArrowBig.png</texture>
							<visible>Container(9000).HasPrevious</visible>
						</control>
						<control type="image">
							<include>openclosevisible</include>
							<description>Arrow</description>
							<left>25r</left>
							<top>0</top>
							<width>12</width>
							<height>18</height>
							<texture background="true" flipx="true">ArrowBig.png</texture>
							<visible>Container(9000).HasNext</visible>
						</control>
					</control>
				</control>
				<control type="grouplist" id="9000">
					<left>40</left>
					<top>578</top>
					<width>1204</width>
					<height>50</height>
					<itemgap>5</itemgap>
					<align>center</align>
					<orientation>horizontal</orientation>
					<onleft>9000</onleft>
					<onright>9000</onright>
					<onup condition="Control.HasFocus(5)">50</onup>
					<onup condition="Control.HasFocus(29)">49</onup>
					<onup condition="Control.HasFocus(30)">61</onup>
					<ondown>noop</ondown>
					<control type="button" id ="29">
						<description>Plot/Info</description>
						<include>dialogbutton</include>
						<label>207</label>
						<onclick>Skin.ToggleSetting(Plot)</onclick>
						<visible>!Skin.HasSetting(Plot)</visible>
					</control>
					<control type="button" id ="30">
						<description>Plot/Info</description>
						<include>dialogbutton</include>
						<label>51180</label>
						<onclick>Skin.ToggleSetting(Plot)</onclick>
						<visible>Skin.HasSetting(Plot)</visible>
					</control>
					<control type="togglebutton" id="8">
						<description>Play/browse to Show</description>
						<include>dialogbutton</include>
						<label>208</label>
						<texturenofocus>-</texturenofocus>
						<alttexturenofocus>-</alttexturenofocus>
						<altlabel>1024</altlabel>
						<usealttexture>Container.Content(TVShows)</usealttexture>
					</control>
					<control type="button" id="5">
						<description>Cast/Review</description>
						<include>dialogbutton</include>
						<label>206</label>
						<visible>!SubString(ListItem.Filenameandpath,plugin://)</visible>
					</control>
					<control type="button" id="6">
						<description>Refresh</description>
						<include>dialogbutton</include>
						<label>184</label>
					</control>
					<control type="button" id ="9">
						<description>Resume</description>
						<include>dialogbutton</include>
						<label>13404</label>
						<visible>ListItem.IsResumable</visible>
					</control>
					<control type="button" id="10">
						<description>Get Thumb</description>
						<include>dialogbutton</include>
						<label>13511</label>
						<visible>!SubString(ListItem.Filenameandpath,plugin://)</visible>
					</control>
					<!-- <control type="button" id="12">
						<description>Fanart button</description>
						<include>dialogbutton</include>
						<label>20413</label>
					</control> -->
					<control type="button" id="11">
						<description>Play Trailer</description>
						<include>dialogbutton</include>
						<label>20410</label>
						<visible>!IsEmpty(ListItem.Trailer) + !Skin.HasSetting(WindowedTrailer)</visible>
					</control>
					<control type="button" id="15">
						<description>Play Trailer Windowed</description>
						<include>dialogbutton</include>
						<onup>603</onup>
						<label>20410</label>
						<onclick>PlayMedia($INFO[ListItem.Trailer],1)</onclick>
						<visible>!IsEmpty(ListItem.Trailer) + Skin.HasSetting(WindowedTrailer)</visible>
					</control>
					<control type="button" id="101">
						<description>Steelbox</description>
						<include>dialogbutton</include>
						<label>Steelbox</label>
						<onclick>ActivateWindow(1152)</onclick>
						<visible>!Container.Content(episodes)+!SubString(ListItem.Filenameandpath,plugin://)</visible>
						<!-- <enable>Skin.HasAddon(script.artwork.downloader)</enable> -->
					</control>
				</control>
			</control>
		</control>
		<include>BehindDialogFadeOut</include>
	</controls>
</window>
