<?xml version="1.0" encoding="UTF-8"?>
<window type="dialog">
	<defaultcontrol always="true">3</defaultcontrol>
	<coordinates>
		<left>215</left>
		<top>75</top>
	</coordinates>
	<include>openclose</include>
	<include>openclosebox</include>
	<controls>
		<control type="group">
			<animation effect="slide" start="0,0" end="0,46" time="0" condition="[Control.IsVisible(3) + !IntegerGreaterThan(Container(3).NumItems,4)] | [Control.IsVisible(6) + !IntegerGreaterThan(Container(6).NumItems,2)]">Conditional</animation>
			<animation effect="slide" start="0,0" end="0,46" time="0" condition="[Control.IsVisible(3) + !IntegerGreaterThan(Container(3).NumItems,6)] | [Control.IsVisible(6) + !IntegerGreaterThan(Container(6).NumItems,3)]">Conditional</animation>
			<animation effect="slide" start="0,0" end="0,46" time="0" condition="[Control.IsVisible(3) + !IntegerGreaterThan(Container(3).NumItems,8)] | [Control.IsVisible(6) + !IntegerGreaterThan(Container(6).NumItems,4)]">Conditional</animation>
			<control type="image">
				<description>background image</description>
				<left>0</left>
				<top>0</top>
				<width>850</width>
				<height>550</height>
				<texture border="8" colordiffuse="grey2">$VAR[SelectBack]</texture>
				<bordertexture border="2" colordiffuse="$VAR[BackgroundOverlayColor]">WhiteBack.png</bordertexture>
				<bordersize>10</bordersize>
				<visible>[Control.IsVisible(3) + IntegerGreaterThan(Container(3).NumItems,8)] | [Control.IsVisible(6) + IntegerGreaterThan(Container(6).NumItems,4)]</visible>
			</control>
			<control type="image">
				<description>background image</description>
				<left>0</left>
				<top>0</top>
				<width>850</width>
				<height>458</height>
				<texture border="8" colordiffuse="grey2">$VAR[SelectBack]</texture>
				<bordertexture border="2" colordiffuse="$VAR[BackgroundOverlayColor]">WhiteBack.png</bordertexture>
				<bordersize>10</bordersize>
				<visible>[Control.IsVisible(3) + IntegerGreaterThan(Container(3).NumItems,6) + !IntegerGreaterThan(Container(3).NumItems,8)] | [Control.IsVisible(6) + IntegerGreaterThan(Container(6).NumItems,3) + !IntegerGreaterThan(Container(6).NumItems,4)]</visible>
			</control>
			<control type="image">
				<description>background image</description>
				<left>0</left>
				<top>0</top>
				<width>850</width>
				<height>366</height>
				<texture border="8" colordiffuse="grey2">$VAR[SelectBack]</texture>
				<bordertexture border="2" colordiffuse="$VAR[BackgroundOverlayColor]">WhiteBack.png</bordertexture>
				<bordersize>10</bordersize>
				<visible>[Control.IsVisible(3) + IntegerGreaterThan(Container(3).NumItems,4) + !IntegerGreaterThan(Container(3).NumItems,6)] | [Control.IsVisible(6) + IntegerGreaterThan(Container(6).NumItems,2) + !IntegerGreaterThan(Container(6).NumItems,3)]</visible>
			</control>
			<control type="image">
				<description>background image</description>
				<left>0</left>
				<top>0</top>
				<width>850</width>
				<height>274</height>
				<texture border="8" colordiffuse="grey2">$VAR[SelectBack]</texture>
				<bordertexture border="2" colordiffuse="red">WhiteBack.png</bordertexture>
				<bordersize>10</bordersize>
				<visible>[Control.IsVisible(3) + !IntegerGreaterThan(Container(3).NumItems,4)] | [Control.IsVisible(6) + !IntegerGreaterThan(Container(6).NumItems,2)]</visible>
			</control>
			<control type="group">
				<top>10</top>
				<control type="image">
					<description>Dialog Header image</description>
					<left>20</left>
					<top>0</top>
					<width>810</width>
					<height>1</height>
					<texture>Separator2.png</texture>
				</control>
				<control type="label" id="1">
					<description>header label</description>
					<left>40</left>
					<top>5</top>
					<width>770</width>
					<height>30</height>
					<font>impacted26</font>
					<label>$LOCALIZE[13406]</label>
					<align>center</align>
					<aligny>center</aligny>
					<textcolor>white</textcolor>
				</control>
				<control type="image">
					<description>Dialog Header image</description>
					<left>20</left>
					<top>40</top>
					<width>810</width>
					<height>1</height>
					<texture>Separator2.png</texture>
				</control>
			</control>
			<control type="label" id="4">
				<description>No Settings Label</description>
				<left>20</left>
				<top>120</top>
				<width>550</width>
				<align>center</align>
			</control>
			<control type="list" id="3">
				<left>20</left>
				<top>67</top>
				<width>550</width>
				<height>460</height>
				<onup>3</onup>
				<ondown>3</ondown>
				<onleft>99</onleft>
				<onright>61</onright>
				<pagecontrol>61</pagecontrol>
				<scrolltime>200</scrolltime>
				<itemlayout height="46" width="550">
					<control type="label">
						<left>20</left>
						<top>0</top>
						<width>510</width>
						<height>40</height>
						<font>ubuntu-r16b</font>
						<textcolor>white</textcolor>
						<selectedcolor>selected</selectedcolor>
						<align>left</align>
						<aligny>center</aligny>
						<label>$INFO[ListItem.Label]</label>
					</control>
					<control type="image">
						<description>AudioLanguage Icon</description>
						<left>500</left>
						<top>5</top>
						<width>40</width>
						<height>30</height>
						<aspectratio>keep</aspectratio>
						<texture>$VAR[SelectFlag]</texture>
					</control>
				</itemlayout>
				<focusedlayout height="46" width="550">
					<control type="group">
						<include>focuseffect</include>
						<control type="image">
							<left>0</left>
							<top>0</top>
							<width>550</width>
							<height>40</height>
							<colordiffuse>menudiffuse</colordiffuse>
							<texture border="2">buttons/ButtonFO.png</texture>
							<visible>!Control.HasFocus(3)</visible>
						</control>
						<control type="image">
							<left>0</left>
							<top>0</top>
							<width>550</width>
							<height>40</height>
							<texture border="2">buttons/ButtonFO.png</texture>
							<visible>Control.HasFocus(3)</visible>
						</control>
						<control type="label">
							<left>20</left>
							<top>0</top>
							<width>510</width>
							<height>40</height>
							<font>ubuntu-r16b</font>
							<textcolor>black</textcolor>
							<selectedcolor>description</selectedcolor>
							<align>left</align>
							<aligny>center</aligny>
							<label>$INFO[ListItem.Label]</label>
						</control>
						<control type="image">
							<description>AudioLanguage Icon</description>
							<left>500</left>
							<top>5</top>
							<width>40</width>
							<height>30</height>
							<aspectratio>keep</aspectratio>
							<texture>$VAR[SelectFlag]</texture>
						</control>
						<control type="image">
							<left>0</left>
							<top>0</top>
							<width>550</width>
							<height>40</height>
							<colordiffuse>orange</colordiffuse>
							<texture border="5">buttons/ButtonNF.png</texture>
							<visible>Control.HasFocus(3)</visible>
						</control>
					</control>
				</focusedlayout>
			</control>
			<control type="list" id="6">
				<left>20</left>
				<top>67</top>
				<width>550</width>
				<height>460</height>
				<onup>6</onup>
				<ondown>6</ondown>
				<onleft>99</onleft>
				<onright>61</onright>
				<pagecontrol>61</pagecontrol>
				<scrolltime>200</scrolltime>
				<itemlayout height="92" width="550">
					<control type="image">
						<left>2</left>
						<top>3</top>
						<width>80</width>
						<height>80</height>
						<texture>$INFO[Listitem.Icon]</texture>
						<aspectratio>keep</aspectratio>
						<bordertexture border="3">BlackBack.png</bordertexture>
						<bordersize>2</bordersize>
					</control>
					<control type="label">
						<left>90</left>
						<top>2</top>
						<width>450</width>
						<height>30</height>
						<font>font13</font>
						<textcolor>white</textcolor>
						<selectedcolor>description</selectedcolor>
						<align>left</align>
						<aligny>center</aligny>
						<label>[B]$INFO[ListItem.Label][/B]$INFO[ListItem.Property(Addon.Version), (,)]</label>
					</control>
					<control type="textbox">
						<left>90</left>
						<top>34</top>
						<width>450</width>
						<height>48</height>
						<align>left</align>
						<font>font12</font>
						<textcolor>grey1</textcolor>
						<selectedcolor>white</selectedcolor>
						<label>$INFO[ListItem.Property(Addon.Summary)]</label>
					</control>
				</itemlayout>
				<focusedlayout height="92" width="550">
					<control type="group">
						<include>focuseffect</include>
						<control type="image">
							<left>0</left>
							<top>0</top>
							<width>550</width>
							<height>86</height>
							<colordiffuse>menudiffuse</colordiffuse>
							<texture border="2">buttons/ButtonFO.png</texture>
							<visible>!Control.HasFocus(6)</visible>
						</control>
						<control type="image">
							<left>0</left>
							<top>0</top>
							<width>550</width>
							<height>86</height>
							<texture border="2">buttons/ButtonFO.png</texture>
							<visible>Control.HasFocus(6)</visible>
						</control>
						<control type="image">
							<left>0</left>
							<top>0</top>
							<width>86</width>
							<height>86</height>
							<texture>$INFO[Listitem.Icon]</texture>
							<aspectratio>keep</aspectratio>
							<bordertexture border="3">BlackBack.png</bordertexture>
							<bordersize>2</bordersize>
						</control>
						<control type="image">
							<left>0</left>
							<top>0</top>
							<width>550</width>
							<height>86</height>
							<colordiffuse>orange</colordiffuse>
							<texture border="5">buttons/ButtonNF.png</texture>
							<visible>Control.HasFocus(6)</visible>
						</control>
						<control type="image">
							<left>0</left>
							<top>0</top>
							<width>550</width>
							<height>86</height>
							<colordiffuse>grey</colordiffuse>
							<texture border="5">buttons/ButtonNF.png</texture>
							<visible>!Control.HasFocus(6)</visible>
						</control>
						<control type="label">
							<left>90</left>
							<top>2</top>
							<width>450</width>
							<height>30</height>
							<font>font13</font>
							<textcolor>black</textcolor>
							<selectedcolor>description</selectedcolor>
							<align>left</align>
							<aligny>center</aligny>
							<label>[B]$INFO[ListItem.Label][/B]$INFO[ListItem.Property(Addon.Version), (,)]</label>
						</control>
						<control type="textbox">
							<left>90</left>
							<top>34</top>
							<width>450</width>
							<height>48</height>
							<align>left</align>
							<font>font12</font>
							<textcolor>white</textcolor>
							<selectedcolor>white</selectedcolor>
							<label>$INFO[ListItem.Property(Addon.Summary)]</label>
						</control>
					</control>
				</focusedlayout>
			</control>
			<control type="scrollbar" id="61">
				<left>575</left>
				<top>65</top>
				<width>12</width>
				<height>464</height>
				<onleft>3</onleft>
				<onright>90</onright>
				<ondown>61</ondown>
				<onup>61</onup>
				<showonepage>false</showonepage>
				<orientation>vertical</orientation>
			</control>
			<control type="group">
				<control type="label">
					<description>number of files/pages in list text label</description>
					<left>592</left>
					<top>490</top>
					<width>240</width>
					<height>35</height>
					<font>font12</font>
					<align>center</align>
					<aligny>center</aligny>
					<textcolor>grey</textcolor>
					<label>$VAR[SelectLabel]</label>
					<animation effect="slide" start="0,0" end="0,-92" time="0" condition="[Control.IsVisible(3) + !IntegerGreaterThan(Container(3).NumItems,4)] | [Control.IsVisible(6) + !IntegerGreaterThan(Container(6).NumItems,2)]">Conditional</animation>
					<animation effect="slide" start="0,0" end="0,-92" time="0" condition="[Control.IsVisible(3) + !IntegerGreaterThan(Container(3).NumItems,6)] | [Control.IsVisible(6) + !IntegerGreaterThan(Container(6).NumItems,3)]">Conditional</animation>
					<animation effect="slide" start="0,0" end="0,-92" time="0" condition="[Control.IsVisible(3) + !IntegerGreaterThan(Container(3).NumItems,8)] | [Control.IsVisible(6) + !IntegerGreaterThan(Container(6).NumItems,4)]">Conditional</animation>
				</control>
				<control type="grouplist" id="90">
					<left>612</left>
					<top>100</top>
					<onleft>3</onleft>
					<onright>3</onright>
					<control type="button" id="5">
						<description>Manual button</description>
						<width>200</width>
						<height>28</height>
						<label>-</label>
						<textcolor>white</textcolor>
						<focusedcolor>black</focusedcolor>
						<texturenofocus>-</texturenofocus>
						<align>center</align>
					</control>
					<control type="button" id="99">
						<description>Cancel button</description>
						<width>200</width>
						<height>28</height>
						<label>222</label>
						<textcolor>white</textcolor>
						<focusedcolor>black</focusedcolor>
						<texturenofocus>-</texturenofocus>
						<align>center</align>
						<onclick>Dialog.Close(selectdialog)</onclick>
					</control>
				</control>
			</control>
		</control>
	</controls>
</window>
