<?xml version="1.0" encoding="UTF-8"?>
<window id="107">
	<include>openclose</include>
	<include>opencloseslideup</include>
	<!-- <zorder>2</zorder> -->
	<controls>
		<control type="group">
			<left>760</left>
			<top>640</top>
			 <control type="image">
				<left>-80</left>
				<top>15</top>
				<description>background image</description>
				<width>1200</width>
				<height>80</height>
				<texture background="true">KaiToastBack.png</texture>
				<visible>!Window.IsVisible(151)</visible>
			</control>
			<control type="image">
				<description>Image</description>
				<left>-15</left>
				<top>20</top>
				<width>1</width>
				<height>60</height>
				<colordiffuse>grey3</colordiffuse>
				<texture background="true">Separator3.png</texture>
				<visible>Window.IsVisible(151)</visible>
			</control>
			<control type="image" id="400">
				<description>Image</description>
				<left>0</left>
				<top>30</top>
				<width>40</width>
				<height>40</height>
				<aspectratio>keep</aspectratio>
				<!-- <texture background="true">DefaultFile.png</texture> -->
			</control>
			<control type="label" id="402">
				<description>message</description>
				<left>50</left>
				<top>23</top>
				<width>440</width>
				<height>14</height>
				<label>-</label>
				<aligny>center</aligny>
				<font>ubuntu-r13</font>
				<wrapmultiline>false</wrapmultiline>
				<textcolor>black</textcolor>
				<shadowcolor></shadowcolor>
				<scroll>true</scroll>
			</control>
			<control type="label" id="401">
				<description>heading</description>
				<left>50</left>
				<top>46</top>
				<width>440</width>
				<height>22</height>
				<label>-</label>
				<aligny>center</aligny>
				<font>ubuntu-r16b</font>
				<textcolor>black</textcolor>
				<shadowcolor></shadowcolor>
				<scroll>true</scroll>
			</control>
			<!-- <control type="image" id="403">
				<description>Image</description>
				<left>0</left>
				<top>30</top>
				<width>40</width>
				<height>40</height>
				<aspectratio>keep</aspectratio>
				<visible>false</visible>
				<texture background="true">DefaultIconInfo.png</texture>
			</control>
			<control type="image" id="404">
				<description>Image</description>
				<left>0</left>
				<top>30</top>
				<width>40</width>
				<height>40</height>
				<aspectratio>keep</aspectratio>
				<visible>false</visible>
				<texture background="true">DefaultIconWarning.png</texture>
			</control>
			<control type="image" id="405">
				<description>Image</description>
				<left>0</left>
				<top>30</top>
				<width>40</width>
				<height>40</height>
				<aspectratio>keep</aspectratio>
				<visible>false</visible>
				<texture background="true">DefaultIconError.png</texture>
			</control> -->
		</control>
	</controls>
</window>