<?xml version="1.0" encoding="UTF-8"?>
<window id="136">
	<!-- <zorder>2</zorder> -->
	<coordinates>
		<system>1</system>
		<left>0</left>
		<top>0</top>
	</coordinates>
	<controls>
		<control type="group" id="901">
			<animation effect="fade" time="300">WindowOpen</animation>
			<animation effect="fade" time="300">WindowClose</animation>
			<control type="group">
				<left>0</left>
				<top>150</top>
				<control type="image">
					<description>Busy animation</description>
					<left>0</left>
					<top>140</top>
					<width>1280</width>
					<height>10</height>
					<colordiffuse>fanartdiffuse</colordiffuse>
					<texture background="true">Shadow.png</texture>
				</control>
				<control type="image">
					<description>Busy animation</description>
					<left>0</left>
					<top>270</top>
					<width>1280</width>
					<height>10</height>
					<colordiffuse>fanartdiffuse</colordiffuse>
					<texture background="true" flipy="true">Shadow.png</texture>
				</control>
				<control type="image">
					<description>Busy animation</description>
					<left>0</left>
					<top>150</top>
					<width>1280</width>
					<height>120</height>
					<texture background="true">BlackBack.png</texture>
				</control>
				<control type="image">
					<description>Busy animation</description>
					<left>0</left>
					<top>150</top>
					<width>1280</width>
					<height>1</height>
					<texture background="true">Separator2.png</texture>
				</control>
				<control type="image">
					<description>Busy animation</description>
					<left>0</left>
					<top>270</top>
					<width>1280</width>
					<height>1</height>
					<texture background="true">Separator2.png</texture>
				</control>
				<control type="image">
					<description>Busy animation</description>
					<left>590</left>
					<top>160</top>
					<width>100</width>
					<height>100</height>
					<texture background="true">Busy.png</texture>
					<aspectratio>keep</aspectratio>
					<animation effect="rotate" start="0" end="360" center="auto" time="2500" loop="true" condition="true">conditional</animation>
				</control>
				<control type="image">
					<description>Busy animation</description>
					<left>605</left>
					<top>175</top>
					<width>70</width>
					<height>70</height>
					<texture background="true">Busy.png</texture>
					<aspectratio>keep</aspectratio>
					<colordiffuse>grey</colordiffuse>
					<animation effect="rotate" start="0" end="-360" center="auto" time="2000" loop="true" condition="true">conditional</animation>
				</control>
			</control>
		</control>
	</controls>
</window>
