<?xml version="1.0" encoding="UTF-8"?>
<window id="0">
	<defaultcontrol always="true">9000</defaultcontrol>
	<menucontrol>200</menucontrol>
	<onload>SetProperty(SkinWidgets_RecommendedItems_Update,true)</onload>
	<onload condition="!Skin.HasSetting(gambit_background)+!Skin.HasSetting(avengers_sw)+!Skin.HasSetting(standart_bkg)">Skin.SetBool(standart_bkg)</onload>
	<onload condition="!Skin.HasSetting(fsk)+!Skin.HasSetting(fsk_original)+!Skin.HasSetting(fsk_dual)">Skin.SetBool(fsk)</onload>
	<onload condition="!IsEmpty(Skin.String(homemenufocus))+Window.Previous(startup)">Control.Move(9000,$INFO[Skin.String(homemenufocus)])</onload>
	<onload condition="!Skin.HasSetting(firstrun_horizonzv)">Skin.ResetSettings</onload>
	<onload condition="!Skin.HasSetting(firstrun_horizonzv)">ActivateWindow(1155)</onload>
	<onload condition="Skin.HasSetting(fanart)+Player.HasAudio">RunScript(script.artistslideshow, daemon=True)</onload>
	<onload>CancelAlarm(HideMenu,true)</onload>
	<onunload>CancelAlarm(HideMenu,true)</onunload>
	<include>openclose</include>
	<controls>
		<control type="button" id="666">
			<onleft>Control.SetFocus(9000)</onleft>
			<onright>Control.SetFocus(9000)</onright>
			<onup>Control.SetFocus(9000)</onup>
			<ondown>Control.SetFocus(9000)</ondown>
			<onclick>Control.SetFocus(9000)</onclick>
			<include>HiddenButton</include>
		</control>
		<control type="button" id="302">
			<include>HiddenButton</include>
			<onfocus>ActivateWindow(settings)</onfocus>
		</control>
		<include>Gambit</include>
		<include>GlobalBackground</include>
		<include>WeatherFanart</include>
		<include>BackgroundOverlay</include>
		<control type="image">
			<visible>Skin.HasSetting(HomeMenuVertical)+!Skin.HasSetting(color_neutral)</visible>
			<left>-5</left>
			<top>-5</top>
			<width>385</width>
			<height>730</height>
			<colordiffuse>$VAR[BackgroundOverlayColor]</colordiffuse>
			<texture background="true">SideFadeWhite.png</texture>
		</control>
		<control type="image">
			<visible>Skin.HasSetting(HomeMenuVertical)+Skin.HasSetting(color_neutral)</visible>
			<left>-5</left>
			<top>-5</top>
			<width>400</width>
			<height>730</height>
			<texture background="true">SideFade.png</texture>
		</control>
		<control type="image">
			<visible>Skin.HasSetting(HomeMenuVertical)</visible>
			<left>279</left>
			<top>0</top>
			<width>2</width>
			<height>730</height>
			<colordiffuse>fanartdiffuse</colordiffuse>
			<texture>Separator4.png</texture>
		</control>
		<include>NextTracksPlaylist</include>
		<control type="group">
			<control type="group">
				<visible>!ControlGroup(19).HasFocus()</visible>
				<visible>!Control.HasFocus(666)</visible>
				<include>openclosevisible</include>
				<control type="image">
					<visible>!Skin.HasSetting(HomeMenuVertical)</visible>
					<animation effect="slide" start="0,585" end="0,0" time="800" condition="Skin.HasSetting(animation)">WindowOpen</animation>
					<animation effect="slide" start="0,0" end="0,585" time="800" condition="Skin.HasSetting(animation)">WindowClose</animation>
					<animation effect="slide" start="0,0" end="0,-75" time="400" delay="250" condition="Window.IsVisible(favourites)">Conditional</animation>
					<left>-5</left>
					<top>450</top>
					<width>1290</width>
					<height>220</height>
					<colordiffuse>black</colordiffuse>
					<texture background="true">DoubleShadow_White.png</texture>
					<visible>Skin.HasSetting(animation)</visible>
				</control>
				<include>submenu</include>
				<control type="group">
					<animation effect="slide" start="0,585" end="0,0" time="800" condition="Skin.HasSetting(animation)+!Skin.HasSetting(HomeMenuVertical)">WindowOpen</animation>
					<animation effect="slide" start="0,0" end="0,585" time="800" condition="Skin.HasSetting(animation)+!Skin.HasSetting(HomeMenuVertical)">WindowClose</animation>
					<control type="group"> <!-- time label -->
						<visible>!Skin.HasSetting(HomeMenuVertical)</visible>
						<left>450r</left>
						<top>585</top>
						<visible>!Window.IsVisible(favourites)</visible>
						<include>openclosevisible</include>
						<control type="image">
							<visible>!Window.IsVisible(favourites)</visible>
							<description>background</description>
							<left>20</left>
							<top>2</top>
							<width>550</width>
							<height>48</height>
							<colordiffuse>menudiffuse</colordiffuse>
							<texture background="true" flipx="true">Scaled.png</texture>
						</control>
						<control type="image">
							<visible>Window.IsVisible(favourites)</visible>
							<description>background</description>
							<left>20</left>
							<top>-5</top>
							<width>550</width>
							<height>48</height>
							<colordiffuse>menudiffuse</colordiffuse>
							<texture background="true" flipx="true" flipy="true">Scaled.png</texture>
						</control>
						<control type="label">
							<description>time label</description>
							<left>135</left>
							<top>12</top>
							<width>300</width>
							<height>20</height>
							<align>center</align>
							<aligny>center</aligny>
							<font>impacted22</font>
							<textcolor>black</textcolor>
							<shadowcolor>grey</shadowcolor>
							<label>$INFO[System.Time(hh:mm xx)]$INFO[System.Date(DDD),  •  , ]$INFO[System.Date(dd.mm.yy), •  ,]</label>
						</control>
					</control>
					<control type="group"> <!-- menulayout inkl. neonslide -->
						<visible>!Skin.HasSetting(HomeMenuVertical)</visible>
						<animation effect="slide" start="0,0" end="0,-75" time="400" delay="250" condition="Window.IsVisible(favourites)">Conditional</animation>
						<control type="image">
							<left>-5</left>
							<top>533</top>
							<width>1290</width>
							<height>57</height>
							<texture background="true">BlackBack.png</texture>
						</control>
						<control type="image">
							<left>-5</left>
							<top>530</top>
							<width>1290</width>
							<height>63</height>
							<colordiffuse>$VAR[BackgroundOverlayColor]</colordiffuse>
							<texture background="true">MenuStripe.png</texture>
						</control>
						<control type="group">
							<visible>Skin.HasSetting(NeonSlide)</visible>
							<description>NeonSlide</description>
							<control type="image">
								<left>1320</left>
								<top>531</top>
								<width>100</width>
								<height>5</height>
								<include>neonslide</include>
								<texture background="true">effects/lightning.png</texture>
							</control>
							<control type="image">
								<left>1340</left>
								<top>586</top>
								<width>100</width>
								<height>5</height>
								<include>neonslide</include>
								<texture background="true">effects/lightning.png</texture>
							</control>
							<control type="image">
								<left>1170</left>
								<top>493</top>
								<width>400</width>
								<height>80</height>
								<animation type="Conditional" reversible="false" condition="Window.IsActive(Home)" loop="true">
									<effect type="fade" start="0" end="100" time="500" delay="9000"/>
									<effect type="slide" start="0,0" end="-1600,0" time="12000" loop="false" delay="2000"/>
									<effect type="fade" start="100" end="0" time="500" delay="9400"/>
									<effect type="slide" start="0,0" end="0,0" time="10000" delay="10000" loop="false"/>
								</animation>
								<texture background="true">effects/supernova.png</texture>
							</control>
						</control>
						<control type="image">
							<left>-5</left>
							<top>533</top>
							<width>1290</width>
							<height>1</height>
							<texture background="true">Separator2.png</texture>
						</control>
						<control type="image">
							<left>-5</left>
							<top>589</top>
							<width>1290</width>
							<height>1</height>
							<texture background="true">Separator2.png</texture>
						</control>
						<control type="group">
							<animation effect="slide" start="0,0" end="0,28" time="50" delay="150" condition="ControlGroup(9001).HasFocus()">Conditional</animation>
							<control type="image">
								<left>570</left>
								<top>505</top>
								<width>355</width>
								<height>96</height>
								<texture background="true" border="6">buttons/MenuButton.png</texture>
							</control>
							<control type="label">
								<left>570</left>
								<top>494</top>					
								<width>355</width>
								<height>50</height>
								<label>[UPPERCASE]$VAR[HomeScrollerDescription][/UPPERCASE]</label>
								<font>ubuntu-r13b</font>
								<shadowcolor>-</shadowcolor>
								<textcolor>white</textcolor>
								<align>center</align>
							</control>
						</control>
					</control>
					<control type="image"> <!-- glint animation -->
						<visible>!Skin.HasSetting(HomeMenuVertical)</visible>
						<left>-15</left>
						<top>577</top>
						<width>53</width>
						<height>24</height>
						<colordiffuse>$VAR[BackgroundOverlayColor]</colordiffuse>
						<texture background="true">effects/glint.png</texture>
						<animation effect="slide" start="0,0" end="0,-75" time="400" delay="250" condition="Window.IsVisible(favourites)">Conditional</animation>
						<animation type="WindowOpen" reversible="false" condition="Window.IsActive(Home)">
							<effect type="slide" start="0,0" end="1295,0" tween="cubic" easing="in" time="1800" delay="1200"/>
							<effect type="fade" start="0" end="100" time="100" delay="1700" />
							<effect type="fade" start="100" end="0" delay="2800" time="100" />
						</animation>
						<animation type="WindowClose" reversible="false" condition="Window.IsActive(Home)">
							<effect type="fade" start="100" end="0" time="100" />
						</animation>
						<visible>Skin.HasSetting(animation)</visible>
					</control>
					
					<include condition="!Skin.HasSetting(HomeMenuVertical)">HomeMenuHorizontal</include>
					<include condition="Skin.HasSetting(HomeMenuVertical)">HomeMenuVertical</include>

					<control type="group"> <!-- homemenubuttonshadow -->
						<visible>!Skin.HasSetting(HomeMenuVertical)</visible>
						<animation effect="slide" start="0,0" end="0,-75" time="400" delay="250" condition="Window.IsVisible(favourites)">Conditional</animation>
						<control type="image">
							<left>517</left>
							<top>534</top>
							<width>60</width>
							<height>55</height>
							<texture background="true" flipx="true">SideFade.png</texture>
						</control>
						<control type="image">
							<left>917</left>
							<top>534</top>
							<width>60</width>
							<height>55</height>
							<texture background="true">SideFade.png</texture>
						</control>
					</control>
					<control type="group"> <!-- homemenushadow -->
						<visible>!Skin.HasSetting(HomeMenuVertical)</visible>
						<animation effect="slide" start="0,0" end="0,-75" time="400" delay="250" condition="Window.IsVisible(favourites)">Conditional</animation>
						<control type="image">
							<left>-2</left>
							<top>534</top>
							<width>250</width>
							<height>55</height>
							<texture background="true">SideFade.png</texture>
						</control>
						<control type="image">
							<left>248r</left>
							<top>534</top>
							<width>250</width>
							<height>55</height>
							<texture background="true" flipx="true">SideFade.png</texture>
						</control>
					</control>
				</control>
				<control type="group">
					<animation effect="slide" start="0" end="-38" condition="!IsEmpty(Control.GetLabel(4444))">Conditional</animation>
					<animation effect="slide" start="0" end="-40" condition="IntegerGreaterThan(System.ProfileCount,1)">Conditional</animation>
					<!-- <animation effect="slide" start="0" end="280" condition="Skin.HasSetting(HomeMenuVertical)">Conditional</animation> -->
					<top>2</top>
					<include>RSS</include>
				</control>
				<include>NavInfo</include>
				<include>HomeOSD</include>
			</control>
			<control type="group">
				<animation effect="slide" end="0,175" condition="Skin.HasSetting(HomeMenuVertical)">Conditional</animation>
				<visible>!Window.IsVisible(1140)+!Window.IsVisible(1141)+!Window.IsVisible(1142)+!Window.IsVisible(1155)+!Window.IsVisible(selectdialog)</visible>
				<include>opencloseslow</include>
				<include>HomepageSkinWidget</include>
				<include>HomepageSkinWidget_Music</include>
				<include>HomepageSkinWidget_PVR</include>
				<include>HomepageSkinWidget_Radio_de</include>
				<include>HomepageWeatherWidget</include>
				<include condition="System.HasAddon(plugin.program.newscenter)">HomeNewsCenter</include>
			</control>
			<control type="image">
				<description>LOGO</description>
				<left>20</left>
				<top>100r</top>
				<width>220</width>
				<height>80</height>
				<aspectratio>keep</aspectratio>
				<texture>Horizonzv.png</texture>
				<animation effect="fade" start="100" end="0" time="2000" delay="8000" condition="true">Conditional</animation>
				<visible>Window.Previous(startup)+!Skin.HasSetting(HomeMenuVertical)</visible>
			</control>
			<control type="group"> <!-- Statistic -->
				<left>540</left>
				<top>643</top>
				<visible>!Skin.HasSetting(HomeMenuVertical)|[Skin.HasSetting(HomeMenuVertical)+Container(9000).HasFocus()]</visible>
				<visible>Skin.HasSetting(statistic)+!Window.IsVisible(favourites)</visible>
				<visible>Container(9000).HasFocus(2)|Container(9000).HasFocus(4)|Container(9000).HasFocus(5)</visible>
				<animation type="WindowOpen" condition="Skin.HasSetting(animation)">
					<effect type="fade" start="0" end="100" time="500" delay="600"/>
					<effect type="slide" start="0,100" end="0,0" time="700" tween="cubic" easing="out" delay="600"/>
				</animation>
				<animation type="WindowClose" condition="Skin.HasSetting(animation)">
					<effect type="fade" start="100" end="0" time="400"/>
					<effect type="slide" start="0,0" end="0,100" time="300"/>
				</animation>
				<animation type="Visible" condition="Skin.HasSetting(animation)">
					<effect type="fade" start="0" end="100" time="500" delay="600"/>
					<effect type="slide" start="0,100" end="0,0" time="700" tween="cubic" easing="out" delay="600"/>
				</animation>
				<animation type="Hidden" condition="Skin.HasSetting(animation)">
					<effect type="fade" start="100" end="0" time="400"/>
					<effect type="slide" start="0,0" end="0,100" time="300"/>
				</animation>
				<control type="group">
					<left>235</left>
					<top>46</top>
					<control type="fadelabel">
						<left>20</left>
						<top>0</top>
						<width>240</width>
						<height>30</height>
						<align>center</align>
						<textcolor>white</textcolor>
						<textoffsetx>20</textoffsetx>
						<label>$INFO[Window(Home).Property(Movies.Count),$LOCALIZE[31025]: ,]</label>
						<label>$INFO[Window(Home).Property(Movies.UnWatched),$LOCALIZE[16101]: ,]</label>
						<visible>Container(9000).HasFocus(4)</visible>
						<scroll>false</scroll>
						<scrollout>false</scrollout>
						<pauseatend>3000</pauseatend>
						<include>opencloseslideup</include>
					</control>
					<control type="fadelabel">
						<left>20</left>
						<top>0</top>
						<width>240</width>
						<height>30</height>
						<align>center</align>
						<textcolor>white</textcolor>
						<textoffsetx>20</textoffsetx>
						<label>$INFO[Window(Home).Property(TVShows.Count),$LOCALIZE[31025]: ,]</label>
						<label>$INFO[Window(Home).Property(TVShows.UnWatched),$LOCALIZE[16101]: ,]</label>
						<visible>Container(9000).HasFocus(5)</visible>
						<scroll>false</scroll>
						<scrollout>false</scrollout>
						<pauseatend>3000</pauseatend>
						<include>opencloseslideup</include>
					</control>
					<control type="fadelabel">
						<left>20</left>
						<top>0</top>
						<width>240</width>
						<height>30</height>
						<align>center</align>
						<textcolor>white</textcolor>
						<textoffsetx>20</textoffsetx>
						<label>$INFO[Window(Home).Property(Music.AlbumsCount),$LOCALIZE[132]: ,]</label>
						<label>$INFO[Window(Home).Property(Music.ArtistsCount),$LOCALIZE[133]: ,]</label>
						<label>$INFO[Window(Home).Property(Music.SongsCount),$LOCALIZE[134]: ,]</label>
						<visible>Container(9000).HasFocus(2)</visible>
						<scroll>false</scroll>
						<scrollout>false</scrollout>
						<pauseatend>3000</pauseatend>
						<include>opencloseslideup</include>
					</control>
				</control>
				<control type="image">
					<left>230</left>
					<top>40</top>
					<width>700</width>
					<height>42</height>
					<texture background="true" diffuse="ShadowWhite.png" border="5" flipx="true" flipy="true">GlassPanel.png</texture>
				</control>
			</control>
			<control type="group"> <!-- centerbuttons -->
				<left>0</left>
				<top>590</top>
				<animation type="Focus">
					<effect type="slide" start="0,200" end="0,0" time="300"/>
				</animation>
				<animation type="Conditional" condition="![Control.HasFocus(200)|Control.HasFocus(199)]">
					<effect type="slide" start="0,0" end="0,200" time="200"/>
				</animation>
				<animation type="WindowClose">
					<effect type="slide" start="0,0" end="0,200" time="200"/>
				</animation>
				<control type="button" id="199">
					<include>HiddenButton</include>
					<onfocus condition="Skin.HasSetting(hide_central)">ActivateWindow(settings)</onfocus>
					<onfocus condition="!Skin.HasSetting(hide_central)">SetFocus(200)</onfocus>
				</control>
				<control type="group">
					<visible>!Skin.HasSetting(hide_central)</visible>
					<control type="group">
						<control type="image">
							<visible>Skin.HasSetting(HomeMenuVertical)</visible>
							<left>-10</left>
							<top>0</top>
							<width>1300</width>
							<height>220</height>
							<texture background="true">Black.png</texture>
						</control>
						<control type="image">
							<visible>!Skin.HasSetting(HomeMenuVertical)</visible>
							<left>-10</left>
							<top>0</top>
							<width>1300</width>
							<height>220</height>
							<texture background="true">BlackBack.png</texture>
						</control>
						<control type="image"> 
							<left>-10</left>
							<top>0</top>
							<width>1300</width>
							<height>1</height>
							<texture background="true">Separator2.png</texture>
						</control>
					</control>
					<control type="label">
						<left>440r</left>
						<top>64</top>
						<width>400</width>
						<align>right</align>
						<font>impacted26</font>
						<textcolor>grey3</textcolor>
						<label>[COLOR=grey1]$INFO[Container(200).ListItem().Label] |[/COLOR] $LOCALIZE[51411]</label>
					</control>
					<control type="list" id="200">
						<left>25</left>
						<top>45</top>
						<width>910</width>
						<height>80</height>
						<onleft>200</onleft>
						<onright>200</onright>
						<onup>Control.SetFocus(9000)</onup>
						<ondown>302</ondown>
						<viewtype label="222">list</viewtype>
						<pagecontrol>-</pagecontrol>
						<scrolltime>200</scrolltime>
						<orientation>Horizontal</orientation>
						<itemlayout height="70" width="70">
							<control type="image">
								<left>8</left>
								<top>8</top>
								<width>34</width>
								<height>34</height>
								<texture background="true">$INFO[ListItem.Icon]</texture>
							</control>
							<control type="image">
								<left>0</left>
								<top>0</top>
								<width>50</width>
								<height>50</height>
								<colordiffuse>fanartdiffuse</colordiffuse>
								<texture background="true" border="5">$INFO[ListItem.Label2]</texture>
							</control>
						</itemlayout>
						<focusedlayout height="70" width="70">
							<control type="group">
								<animation effect="zoom" start="100" end="120" time="200" center="auto" condition="Skin.HasSetting(animation)">Focus</animation>
								<control type="image">
									<left>0</left>
									<top>0</top>
									<width>50</width>
									<height>50</height>
									<colordiffuse>$VAR[BackgroundOverlayColor]</colordiffuse>
									<texture background="true" border="4">WhiteBack.png</texture>
									<visible>Control.HasFocus(200)</visible>
								</control>
								<control type="image">
									<left>8</left>
									<top>8</top>
									<width>34</width>
									<height>34</height>
									<texture background="true">$INFO[ListItem.Icon]</texture>
								</control>
								<control type="image">
									<left>0</left>
									<top>0</top>
									<width>50</width>
									<height>50</height>
									<colordiffuse>menudiffuse</colordiffuse>
									<texture background="true" border="5">$INFO[ListItem.Label2]</texture>
								</control>
							</control>
						</focusedlayout>
						<content>
							<item id="1">
								<description>Shutdown</description>
								<label>13005</label>
								<label2>masks/Default_sharp.png</label2>
								<icon>center/Center_Shutdown.png</icon>
								<thumb>-</thumb>
								<onclick>activatewindow(shutdownmenu)</onclick>
							</item>
							<item id="2">
								<description>Favourites</description>
								<label>10134</label>
								<label2>masks/Default_sharp.png</label2>
								<icon>center/Center_Fav.png</icon>
								<thumb>-</thumb>
								<onclick>action(up)</onclick>
								<onclick>ActivateWindow(favourites)</onclick>
								<visible>Skin.HasSetting(hide_fav)</visible>
							</item>
							<item id="3">
								<description>File Browser</description>
								<label>10126</label>
								<label2>masks/Default_sharp.png</label2>
								<icon>center/Center_FM.png</icon>
								<thumb>-</thumb>
								<onclick>action(up)</onclick>
								<onclick>ActivateWindow(FileManager)</onclick>
							</item>
							<item id="4">
								<description>WOL</description>
								<label>WOL</label>
								<label2>masks/Default_sharp.png</label2>
								<icon>center/Center_WOL.png</icon>
								<thumb>-</thumb>
								<onclick>ActivateWindow(1151)</onclick>
								<visible>Skin.HasSetting(wolhome)</visible>
							</item>
							<item id="5">
								<description>System</description>
								<label>21417</label>
								<label2>masks/Default_sharp.png</label2>
								<icon>center/Center_System.png</icon>
								<onclick>ActivateWindow(settings)</onclick>
							</item>
							<item id="6">
								<description>System</description>
								<label>10511</label>
								<label2>masks/Default_sharp.png</label2>
								<icon>center/Center_Systeminfo.png</icon>
								<onclick>ActivateWindow(SystemInfo)</onclick>
							</item>
							<item id="7">
								<description>Skin Settings</description>
								<label>20077</label>
								<label2>masks/Default_sharp.png</label2>
								<icon>center/Center_SkinSettings.png</icon>
								<onclick>ActivateWindow(SkinSettings)</onclick>
							</item>
							<item id="8">
								<description>Global Search</description>
								<label>137</label>
								<label2>masks/Default_sharp.png</label2>
								<icon>center/Center_Search.png</icon>
								<onclick>RunScript(script.globalsearch)</onclick>
								<onclick>Dialog.Close(favourites,force)</onclick>
								<visible>System.HasAddon(script.globalsearch)</visible>
							</item>
							<item id="8">
								<description>Global Search</description>
								<label>51483</label>
								<label2>masks/Default_sharp.png</label2>
								<icon>center/Center_Switchtimer.png</icon>
								<onclick>ActivateWindow(4111)</onclick>
								<onclick>Dialog.Close(favourites,force)</onclick>
								<visible>IntegerGreaterThan(Skin.String(SwitchTimerActiveItems),0)</visible>
							</item>
							<item id="9">
								<description>Global Search</description>
								<label>Timer</label>
								<label2>masks/Default_sharp.png</label2>
								<icon>center/Center_PVRHasTimer.png</icon>
								<onclick>ActivateWindow(4112)</onclick>
								<onclick>Dialog.Close(favourites,force)</onclick>
								<visible>PVR.HasTimer</visible>
							</item>
							<item id="9">
								<description>SkinAddons</description>
								<label>Skin Addons</label>
								<label2>masks/Default_sharp.png</label2>
								<icon>center/Center_SkinAddons.png</icon>
								<onclick>ActivateWindow(1800)</onclick>
							</item>
							<item id="10">
								<description>Addons</description>
								<label>24001</label>
								<label2>masks/Default_sharp.png</label2>
								<icon>center/Center_Addons.png</icon>
								<onclick>ActivateWindow(AddonBrowser)</onclick>
							</item>
							<item id="11">
								<description>Programme</description>
								<label>0</label>
								<label2>masks/Default_sharp.png</label2>
								<icon>center/Center_Programs.png</icon>
								<onclick condition="!System.Platform.Android">ActivateWindow(Programs,Addons,return)</onclick>
								<onclick condition="System.Platform.Android">ActivateWindow(Programs)</onclick>
							</item>
						</content>
					</control>
				</control>
			</control>
			<control type="group">
				<left>10</left>
				<top>-2</top>
				<animation effect="slide" start="0,0" end="0,30" time="100" condition="system.getbool(lookandfeel.enablerssfeeds)">Conditional</animation>
				<visible>!Skin.HasSetting(NavInfo)+!IsEmpty(Weather.Plugin)</visible>
				<visible>Skin.HasSetting(homepageWeatherinfo)</visible>
				<include>opencloseslidedown</include>
				<control type="multiimage">
					<description>current weather icon</description>
					<left>0</left>
					<top>6</top>
					<width>60</width>
					<height>50</height>
					<imagepath>$VAR[WeatherIconVar]$INFO[Window(weather).Property(Current.FanartCode)]$VAR[WeatherIconAnimatedVar]</imagepath>
					<timeperimage>100</timeperimage>
					<randomize>false</randomize>
					<fadetime>10</fadetime>
					<aspectratio>keep</aspectratio>
				</control>
				<control type="label">
					<description>Location label</description>
					<left>65</left>
					<top>10</top>
					<width>500</width>
					<height>15</height>
					<align>left</align>
					<aligny>center</aligny>
					<font>ubuntu-r13b</font>
					<textcolor>white</textcolor>
					<shadowcolor>black</shadowcolor>
					<label>$INFO[Window(Weather).Property(Location)]</label>
				</control>
				<control type="grouplist">
					<left>65</left>
					<top>25</top>
					<width>1000</width>
					<height>30</height>
					<orientation>horizontal</orientation>
					<align>left</align>
					<itemgap>0</itemgap>
					<control type="label">
						<description>Temp label</description>
						<width min="0" max="300">auto</width>
						<height>30</height>
						<align>left</align>
						<aligny>center</aligny>
						<font>ubuntu-r26b</font>
						<textcolor>white</textcolor>
						<shadowcolor>black</shadowcolor>
						<label>[B]$INFO[Window(Weather).Property(Current.Temperature)][/B]</label>
					</control>
					<control type="label">
						<description>Temp Units</description>
						<width min="0" max="100">auto</width>
						<height>22</height>
						<font>ubuntu-r13b</font>
						<aligny>center</aligny>
						<label>$INFO[System.TemperatureUnits]</label>
						<textcolor>white</textcolor>
						<shadowcolor>black</shadowcolor>
						<visible>!IsEmpty(Window(Weather).Property(Current.Temperature))</visible>
					</control>
					<control type="label">
						<description>Conditions Label</description>
						<width>500</width>
						<height>22</height>
						<font>ubuntu-r13b</font>
						<aligny>center</aligny>
						<label>$INFO[Window(Weather).Property(Current.Condition),  ]</label>
						<textcolor>grey</textcolor>
						<shadowcolor>black</shadowcolor>
					</control>
				</control>
			</control>
		</control>
		<control type="group">
			<visible>Window.IsVisible(1200)</visible>
			<control type="image">
				<description>background</description>
				<include>openclosefanart</include>
				<include>Dimensions_Fullscreen</include>
				<colordiffuse>grey1</colordiffuse>
				<texture background="true">WhiteBack.png</texture>
			</control>
		</control>
		<control type="group">
			<animation effect="slide" end="20,150" condition="Skin.HasSetting(HomeMenuVertical)">Conditional</animation>
			<include>Dashboard</include>
			<include condition="System.HasAddon(script.extendedinfo)">Dashboard_Extended</include>
			<include condition="System.HasAddon(plugin.program.tvhighlights)">TVHighlightsSplitmode</include>
		</control>
		<control type="group">
			<visible>!Skin.HasSetting(HomeMenuVertical)</visible>
			<include>Arrows</include>
		</control>
		<include>BehindDialogFadeOut</include>
		<include condition="Skin.HasSetting(Qlock)">QlockHome</include>
		<control type="group">
			<left>980</left>
			<top>0</top>
			<visible>!Control.HasFocus(666)</visible>
			<include>opencloseslideleft</include>
			<visible>IntegerGreaterThan(System.ProfileCount,1)</visible>
			<control type="group">
				<visible>Skin.HasSetting(profilname)</visible>
				<control type="image">
					<description>Conditions Label</description>
					<left>60</left>
					<top>38</top>
					<width>250</width>
					<height>1</height>
					<colordiffuse>dustdiffuse</colordiffuse>
					<texture>Separator2.png</texture>
				</control>
				<control type="label">
					<description>Conditions Label</description>
					<left>34</left>
					<top>38</top>
					<width>250</width>
					<height>25</height>
					<align>right</align>
					<font>ubuntu-r13b</font>
					<textcolor>grey</textcolor>
					<label>$INFO[System.ProfileName]</label>
				</control>
			</control>
		</control>
		<control type="grouplist">
			<left>1245</left>
			<top>5</top>
			<width>1200</width>
			<itemgap>5</itemgap>
			<orientation>horizontal</orientation>
			<include>opencloseslideleft</include>
			<animation effect="slide" end="-24" condition="Skin.HasSetting(BatteryLevel)+!StringCompare(System.BatteryLevel,0%)">Conditional</animation>
			<animation effect="slide" end="-35" condition="IntegerGreaterThan(System.ProfileCount,1)">Conditional</animation>
			<control type="image" id="4444">
				<width>28</width>
				<height>28</height>
				<aspectratio>keep</aspectratio>
				<texture border="5">$INFO[Skin.String(ServerIcon_File)]</texture>
				<visible>Window.IsActive(Home)</visible>
			</control>
			<control type="image">
				<description>Conditions Label</description>
				<width>28</width>
				<height>28</height>
				<texture>$INFO[System.ProfileThumb]</texture>
				<aspectratio>keep</aspectratio>
				<visible>IntegerGreaterThan(System.ProfileCount,1)</visible>
			</control>
			<control type="group">
				<left>0</left>
				<top>0</top>
				<width>28</width>
				<height>28</height>
				<control type="progress">
					<description>Progressbar Battery Level</description>
					<left>32r</left>
					<top>6</top>
					<width>24</width>
					<height>14</height>
					<texturebg>Battery.png</texturebg>
					<midtexture colordiffuse="description">BatteryProgress.png</midtexture>
					<overlaytexture colordiffuse="grey">Battery.png</overlaytexture>
					<info>System.BatteryLevel</info>
					<animation effect="rotate" end="90" center="auto" condition="true">Conditional</animation>
					<visible>Skin.HasSetting(BatteryLevel)+!StringCompare(System.BatteryLevel,0%)</visible>
				</control>
			</control>
		</control>
		<include>TouchButtons</include>
		<control type="grouplist">
			<visible>Skin.HasSetting(DebugInfo)</visible>
			<left>20</left>
			<top>150</top>
			<width>1200</width>
			<control type="label">
				<width>1200</width>
				<height>22</height>
				<textcolor>orange</textcolor>
				<shadowcolor>black</shadowcolor>
				<label>Timer: $INFO[Window(Home).Property(TVHighlightsToday.Mode)]</label>
			</control>
		</control>
	</controls>
</window>