<?xml version="1.0" encoding="UTF-8"?>
<includes>
	<include name="NextTracksPlaylist">
		<control type="group">
			<control type="group"> <!-- Home vertical -->
				<visible>Skin.HasSetting(HomeMenuVertical)</visible>
				<visible>Window.IsActive(Home)</visible>
				<visible>Player.HasMedia</visible>
				<control type="image">
					<left>-5</left>
					<top>645</top>
					<width>1290</width>
					<height>80</height>
					<texture>Shadow.png</texture>
				</control>
				<control type="grouplist">
					<left>10</left>
					<top>695</top>
					<width>1280</width>
					<height>25</height>
					<orientation>horizontal</orientation>
					<!-- <control type="label">
						<width>auto</width>
						<height>25</height>
						<align>left</align>
						<label>[CAPITALIZE]$INFO[MusicPlayer.Artist] - [B]$INFO[MusicPlayer.Title][/CAPITALIZE][/B]</label>
						<font>font12</font>
						<textcolor>description</textcolor>
						<shadowcolor>black</shadowcolor>
						<visible>!IsEmpty(MusicPlayer.Title)+[Control.HasFocus(666)|[Skin.HasSetting(HomeMenuVertical)+Window.IsVisible(Home)]]</visible>
					</control> -->
					<control type="label">
						<width>1280</width>
						<height>25</height>
						<label>[CAPITALIZE]01: $INFO[MusicPlayer.Offset(1).Artist] - [B]$INFO[MusicPlayer.Offset(1).Title][/CAPITALIZE][/B]  [CAPITALIZE]02: $INFO[MusicPlayer.Offset(2).Artist] - [B]$INFO[MusicPlayer.Offset(2).Title][/CAPITALIZE][/B]  [CAPITALIZE]03: $INFO[MusicPlayer.Offset(3).Artist] - [B]$INFO[MusicPlayer.Offset(3).Title][/CAPITALIZE][/B]  [CAPITALIZE]04: $INFO[MusicPlayer.Offset(4).Artist] - [B]$INFO[MusicPlayer.Offset(4).Title][/CAPITALIZE][/B]  [CAPITALIZE]05: $INFO[MusicPlayer.Offset(5).Artist] - [B]$INFO[MusicPlayer.Offset(5).Title][/CAPITALIZE][/B]  [CAPITALIZE]06: $INFO[MusicPlayer.Offset(6).Artist] - [B]$INFO[MusicPlayer.Offset(6).Title][/CAPITALIZE][/B]  [CAPITALIZE]06: $INFO[MusicPlayer.Offset(6).Artist] - [B]$INFO[MusicPlayer.Offset(6).Title][/CAPITALIZE][/B]</label>
						<font>font12</font>
						<textcolor>white</textcolor>
						<scrollspeed>40</scrollspeed>
						<scroll>true</scroll>
						<visible>!IsEmpty(MusicPlayer.Offset(1).Title)</visible>
					</control>
				</control>
			</control>
			<control type="group"> <!-- Home -->
				<animation effect="slide" start="0,0" end="550" time="200" condition="Window.IsVisible(favourites)">conditional</animation>
				<visible>!Window.IsVisible(favourites)+!Skin.HasSetting(HomeMenuVertical)</visible>
				<visible>Skin.HasSetting(playlist)+Player.HasAudio</visible>
				<visible>!Control.HasFocus(20)+!Container(9000).HasFocus(25)+![Container(9000).HasFocus(8)+[Skin.HasSetting(dashboard_medium)|Skin.HasSetting(dashboard_big)]]</visible>
				<visible>![Container(9000).HasFocus(12)+Skin.HasSetting(SkinWidget_LiveTVHighlights)+SubString(Window.Property(TVHighlightsToday.Mode),splitmode)]</visible>
				<visible>!IsEmpty(MusicPlayer.Offset(1).Title)</visible>
				<include>openclose</include>
				<include>opencloseslideleft</include>
				<control type="group">
					<visible>Window.IsActive(Home)</visible>
					<visible>Player.HasMedia</visible>
					<control type="image">
						<left>740</left>
						<top>-10</top>
						<width>530</width>
						<height>740</height>
						<texture border="2" background="true">BlackBack.png</texture>
						<visible>!Control.HasFocus(666)</visible>
					</control>
					<control type="image">
						<left>-10</left>
						<top>220</top>
						<width>1300</width>
						<height>500</height>
						<texture background="true">Shadow.png</texture>
						<visible>Control.HasFocus(666)</visible>
						<include>openclosevisible</include>
					</control>
					<control type="image">
						<left>10</left>
						<top>474</top>
						<width>15</width>
						<height>15</height>
						<texture background="true">OverlayWatching.png</texture>
						<visible>Control.HasFocus(666)</visible>
						<visible>!IsEmpty(MusicPlayer.Title)+Control.HasFocus(666)</visible>
					</control>
					<control type="group">
						<animation effect="slide" start="0" end="-730,380" time="400" condition="Control.HasFocus(666)">conditional</animation>
						<top>50</top>
						<control type="image">
							<description>Partymode Header Image</description>
							<left>1220</left>
							<top>15</top>
							<width>20</width>
							<height>20</height>
							<texture>icons/PartyMode.png</texture>
							<visible>MusicPartyMode.Enabled</visible>
						</control>
						<control type="label">
							<left>760</left>
							<top>10</top>
							<width>900</width>
							<height>30</height>
							<align>left</align>
							<label>559</label>
							<font>font16</font>
							<textcolor>white</textcolor>
							<shadowcolor>black</shadowcolor>
						</control>
						<control type="grouplist" id="555">
							<left>770</left>
							<top>40</top>
							<width>400</width>
							<height>720</height>
							<align>left</align>
							<itemgap>-1</itemgap>
							<orientation>vertical</orientation>
								<include>NextTracksPlaylist_Content</include>
						</control>
					</control>
				</control>
			</control>
			<control type="group"> <!-- Visualisation -->
				<animation effect="slide" start="0,0" end="550" time="200" condition="Window.IsVisible(favourites)">conditional</animation>
				<visible>Skin.HasSetting(playlist)+Player.HasAudio</visible>
				<visible>!Window.IsVisible(script-XBMC_Lyrics-main.xml)+!Window.IsVisible(script-cu-lrclyrics-main.xml)</visible>
				<visible>!IsEmpty(MusicPlayer.Offset(1).Title)</visible>
				<include>openclose</include>
				<include>openclosevisible</include>
				<control type="group">
					<left>-5</left>
					<top>345</top>
					<animation effect="slide" start="0,0" end="0,55" time="300" condition="![Player.ShowInfo|Window.IsActive(MusicOSD)|Player.Paused|Player.Forwarding|Player.Rewinding]+!Skin.HasSetting(altnowplaying)">Conditional</animation>
					<animation effect="slide" start="0,0" end="0,90" time="400" condition="![Player.ShowInfo|Window.IsActive(MusicOSD)|Player.Paused|Player.Forwarding|Player.Rewinding]+Skin.HasSetting(altnowplaying)">Conditional</animation>
					<animation effect="slide" start="0,0" end="0,60" time="300" condition="Window.IsVisible(Visualisation)+!Skin.HasSetting(altnowplaying)">Conditional</animation>
					<animation effect="slide" start="0,0" end="0,30" time="300" condition="Window.IsVisible(Visualisation)+Skin.HasSetting(altnowplaying)">Conditional</animation>
					<visible>Window.IsActive(visualisation)</visible>
					<visible>Player.HasMedia</visible>
					<control type="group">
						<include>opencloseslideup</include>
						<visible>Player.ShowInfo|Window.IsActive(MusicOSD)|Player.Paused|Player.Forwarding|Player.Rewinding</visible>
						<control type="image">
							<left>-10</left>
							<top>-25</top>
							<width>1300</width>
							<height>10</height>
							<colordiffuse>fanartdiffuse</colordiffuse>
							<texture background="true">Shadow.png</texture>
						</control>
						<control type="image">
							<left>-100</left>
							<top>-15</top>
							<width>1500</width>
							<height>440</height>
							<colordiffuse>fanartdiffuse</colordiffuse>
							<texture background="true">BlackBack.png</texture>
						</control>
						<control type="image">
							<left>-10</left>
							<top>-15</top>
							<width>1300</width>
							<height>2</height>
							<colordiffuse>menudiffuse</colordiffuse>
							<texture border="1">Separator1.png</texture>
						</control>
					</control>
					<control type="group">
						<control type="group">
							<!-- <visible>![Player.ShowInfo|Window.IsActive(MusicOSD)|Player.Paused|Player.Forwarding|Player.Rewinding]</visible>
							<include>openclosevisible</include> -->
							<control type="image">
								<visible>!Skin.HasSetting(background_dim_2)+!Skin.HasSetting(background_dim_3)</visible>
								<left>846</left>
								<top>1</top>
								<width>428</width>
								<height>243</height>
								<texture border="6" diffuse="masks/Mask.png">BlackBack.png</texture>
							</control>
							<control type="image">
								<left>845</left>
								<top>0</top>
								<width>430</width>
								<height>245</height>
								<colordiffuse>menudiffuse</colordiffuse>
								<texture border="6">masks/Default.png</texture>
							</control>
						</control>
						<control type="group">
							<top>2</top>
							<control type="label">
								<left>855</left>
								<top>0</top>
								<width>900</width>
								<height>30</height>
								<align>left</align>
								<label>559</label>
								<font>font12</font>
								<textcolor>white</textcolor>
								<shadowcolor>black</shadowcolor>
							</control>
							<control type="grouplist" id="555">
								<left>860</left>
								<top>28</top>
								<width>400</width>
								<height>720</height>
								<align>left</align>
								<itemgap>-1</itemgap>
								<orientation>vertical</orientation>
									<include>NextTracksPlaylist_Content</include>
							</control>
							<control type="image">
								<description>Partymode Header label</description>
								<left>1240</left>
								<top>5</top>
								<width>20</width>
								<height>20</height>
								<texture>icons/PartyMode.png</texture>
								<visible>MusicPartyMode.Enabled</visible>
							</control>
						</control>
					</control>
				</control>
			</control>
		</control>
	</include>
	<include name="NextTracksPlaylist_Content">
		<control type="label" id="0">
			<left>0</left>
			<top>0</top>
			<width>400</width>
			<height>24</height>
			<align>left</align>
			<label>[CAPITALIZE]$INFO[MusicPlayer.Artist] - [B]$INFO[MusicPlayer.Title][/CAPITALIZE][/B]</label>
			<font>font12</font>
			<textcolor>description</textcolor>
			<shadowcolor>black</shadowcolor>
			<visible>!IsEmpty(MusicPlayer.Title)+Control.HasFocus(666)+Window.IsVisible(Home)</visible>
		</control>
		<control type="label" id="1">
			<left>0</left>
			<top>0</top>
			<width>400</width>
			<height>24</height>
			<align>left</align>
			<label>[CAPITALIZE]$INFO[MusicPlayer.Offset(1).Artist] - [B]$INFO[MusicPlayer.Offset(1).Title][/CAPITALIZE][/B]</label>
			<font>font12</font>
			<textcolor>white</textcolor>
			<shadowcolor>black</shadowcolor>
			<visible>!IsEmpty(MusicPlayer.Offset(1).Title)</visible>
		</control>
		<control type="label">
			<left>0</left>
			<top>0</top>
			<width>400</width>
			<height>24</height>
			<align>left</align>
			<label>[CAPITALIZE]$INFO[MusicPlayer.Offset(2).Artist] - [B]$INFO[MusicPlayer.Offset(2).Title][/CAPITALIZE][/B]</label>
			<font>font12</font>
			<textcolor>white</textcolor>
			<shadowcolor>black</shadowcolor>
			<visible>!IsEmpty(MusicPlayer.Offset(2).Title)</visible>
		</control>
		<control type="label">
			<left>0</left>
			<top>0</top>
			<width>400</width>
			<height>24</height>
			<align>left</align>
			<label>[CAPITALIZE]$INFO[MusicPlayer.Offset(3).Artist] - [B]$INFO[MusicPlayer.Offset(3).Title][/CAPITALIZE][/B]</label>
			<font>font12</font>
			<textcolor>white</textcolor>
			<shadowcolor>black</shadowcolor>
			<visible>!IsEmpty(MusicPlayer.Offset(3).Title)</visible>
		</control>
		<control type="label">
			<left>0</left>
			<top>0</top>
			<width>400</width>
			<height>24</height>
			<align>left</align>
			<label>[CAPITALIZE]$INFO[MusicPlayer.Offset(4).Artist] - [B]$INFO[MusicPlayer.Offset(4).Title][/CAPITALIZE][/B]</label>
			<font>font12</font>
			<textcolor>white</textcolor>
			<shadowcolor>black</shadowcolor>
			<visible>!IsEmpty(MusicPlayer.Offset(4).Title)</visible>
		</control>
		<control type="label">
			<left>0</left>
			<top>0</top>
			<width>400</width>
			<height>24</height>
			<align>left</align>
			<label>[CAPITALIZE]$INFO[MusicPlayer.Offset(5).Artist] - [B]$INFO[MusicPlayer.Offset(5).Title][/CAPITALIZE][/B]</label>
			<font>font12</font>
			<textcolor>white</textcolor>
			<shadowcolor>black</shadowcolor>
			<visible>!IsEmpty(MusicPlayer.Offset(5).Title)</visible>
		</control>
		<control type="label">
			<left>0</left>
			<top>0</top>
			<width>400</width>
			<height>24</height>
			<align>left</align>
			<label>[CAPITALIZE]$INFO[MusicPlayer.Offset(6).Artist] - [B]$INFO[MusicPlayer.Offset(6).Title][/CAPITALIZE][/B]</label>
			<font>font12</font>
			<textcolor>white</textcolor>
			<shadowcolor>black</shadowcolor>
			<visible>!IsEmpty(MusicPlayer.Offset(6).Title)</visible>
		</control>
		<control type="label">
			<left>0</left>
			<top>0</top>
			<width>400</width>
			<height>24</height>
			<align>left</align>
			<label>[CAPITALIZE]$INFO[MusicPlayer.Offset(7).Artist] - [B]$INFO[MusicPlayer.Offset(7).Title][/CAPITALIZE][/B]</label>
			<font>font12</font>
			<textcolor>white</textcolor>
			<shadowcolor>black</shadowcolor>
			<visible>!IsEmpty(MusicPlayer.Offset(7).Title)</visible>
		</control>
		<control type="label">
			<left>0</left>
			<top>0</top>
			<width>400</width>
			<height>24</height>
			<align>left</align>
			<label>[CAPITALIZE]$INFO[MusicPlayer.Offset(8).Artist] - [B]$INFO[MusicPlayer.Offset(8).Title][/CAPITALIZE][/B]</label>
			<font>font12</font>
			<textcolor>white</textcolor>
			<shadowcolor>black</shadowcolor>
			<visible>!IsEmpty(MusicPlayer.Offset(8).Title)</visible>
		</control>
		<control type="label">
			<left>0</left>
			<top>0</top>
			<width>400</width>
			<height>24</height>
			<align>left</align>
			<label>[CAPITALIZE]$INFO[MusicPlayer.Offset(9).Artist] - [B]$INFO[MusicPlayer.Offset(9).Title][/CAPITALIZE][/B]</label>
			<font>font12</font>
			<textcolor>white</textcolor>
			<shadowcolor>black</shadowcolor>
			<visible>!IsEmpty(MusicPlayer.Offset(9).Title)</visible>
		</control>
	</include>
</includes>
