<?xml version="1.0" encoding="UTF-8"?>
<includes>
	<include name="Dashboard_Extended_Itemlayout">
		<control type="image">
			<description>background</description>
			<left>5</left>
			<top>5</top>
			<width>225</width>
			<height>105</height>
			<aspectratio>scale</aspectratio>
			<colordiffuse>grey</colordiffuse>
			<texture>BlackBack.png</texture>
		</control>
		<control type="image">
			<description>background</description>
			<left>10</left>
			<top>10</top>
			<width>215</width>
			<height>95</height>
			<aspectratio>scale</aspectratio>
			<colordiffuse>$VAR[skinwidgetdim]</colordiffuse>
			<texture>$INFO[ListItem.Art(fanart)]</texture>
		</control>
		<control type="image">
			<description>background</description>
			<left>10</left>
			<top>10</top>
			<width>215</width>
			<height>95</height>
			<aspectratio>scale</aspectratio>
			<colordiffuse>$VAR[skinwidgetdim]</colordiffuse>
			<texture>$INFO[ListItem.Icon]</texture>
			<visible>IsEmpty(ListItem.Art(fanart))</visible>
		</control>
		<control type="image">
			<description>background</description>
			<left>65</left>
			<top>10</top>
			<width>70</width>
			<height>95</height>
			<texture>SideFade.png</texture>
			<visible>!IsEmpty(ListItem.Art(poster))</visible>
		</control>
		<control type="image">
			<description>background</description>
			<left>10</left>
			<top>10</top>
			<width>70</width>
			<height>95</height>
			<aspectratio>stretch</aspectratio>
			<colordiffuse>$VAR[skinwidgetdim]</colordiffuse>
			<texture>$INFO[ListItem.Art(poster)]</texture>
		</control>
		<control type="image">
			<description>background</description>
			<left>0</left>
			<top>0</top>
			<width>235</width>
			<height>115</height>
			<colordiffuse>menudiffuse</colordiffuse>
			<texture border="1">masks/Default_sharp.png</texture>
			<animation effect="fade" start="100" end="50" time="150" condition="!Control.HasFocus(8007)">Conditional</animation>
			<animation effect="fade" start="50" end="100" time="150" condition="Control.HasFocus(8007)">Conditional</animation>
		</control>
	</include>
	<include name="Dashboard_Extended_Focusedlayout">
		<control type="image">
			<description>background</description>
			<left>5</left>
			<top>-5</top>
			<width>225</width>
			<height>105</height>
			<texture>BlackBack.png</texture>
		</control>
		<control type="group">
			<visible>!Skin.HasSetting(dashboard_appletrailer)</visible>
			<control type="label">
				<left>10</left>
				<top>0</top>
				<width>213</width>
				<height>20</height>
				<align>right</align>
				<label>$INFO[ListItem.Label]$INFO[ListItem.Property(Year), (,)]</label>
				<scroll>false</scroll>
			</control>
			<control type="label">
				<left>10</left>
				<top>25</top>
				<width>213</width>
				<height>20</height>
				<align>right</align>
				<label>$INFO[ListItem.Property(Rating),, Rating]$INFO[ListItem.Property(date)]</label>
				<scroll>false</scroll>
			</control>
			<control type="label">
				<left>10</left>
				<top>50</top>
				<width>213</width>
				<height>20</height>
				<align>right</align>
				<label>$INFO[ListItem.Property(mpaa),mpaa: ,]$INFO[ListItem.Property(postalcode)] $INFO[ListItem.Property(city)]</label>
				<scroll>false</scroll>
			</control>
			<control type="label">
				<left>10</left>
				<top>75</top>
				<width>213</width>
				<height>20</height>
				<align>right</align>
				<label>$INFO[ListItem.Property(Duration),, $LOCALIZE[12391]]$INFO[ListItem.Duration,, $LOCALIZE[12391]]$INFO[ListItem.Property(artists)]</label>
				<scroll>false</scroll>
				<visible>!IsEmpty(ListItem.Property(Duration))</visible>
			</control>
		</control>
		<control type="group">
			<visible>Skin.HasSetting(dashboard_appletrailer)</visible>
			<control type="label">
				<left>10</left>
				<top>0</top>
				<width>213</width>
				<height>20</height>
				<align>right</align>
				<label>$INFO[ListItem.Label]$INFO[ListItem.Year, (,)]</label>
				<scroll>false</scroll>
			</control>
			<control type="label">
				<left>10</left>
				<top>25</top>
				<width>213</width>
				<height>20</height>
				<align>right</align>
				<label>$INFO[ListItem.Studio]</label>
				<scroll>false</scroll>
				<visible>!IsEmpty(ListItem.Studio)</visible>
			</control>
			<control type="label">
				<left>10</left>
				<top>50</top>
				<width>213</width>
				<height>20</height>
				<align>right</align>
				<label>$INFO[ListItem.Director]</label>
				<scroll>false</scroll>
				<visible>!IsEmpty(ListItem.Director)</visible>
			</control>
			<!-- <control type="label">
				<left>10</left>
				<top>75</top>
				<width>213</width>
				<height>20</height>
				<align>right</align>
				<label>$INFO[ListItem.Mpaa]</label>
				<scroll>false</scroll>
				<visible>!IsEmpty(ListItem.Mpaa)</visible>
			</control> -->
			<control type="label">
				<left>10</left>
				<top>75</top>
				<width>213</width>
				<height>20</height>
				<align>right</align>
				<label>$INFO[ListItem.Genre]</label>
				<scroll>false</scroll>
				<visible>!IsEmpty(ListItem.Genre)</visible>
			</control>
		</control>
	</include>
	<include name="Dashboard_Extended">
		<control type="group"> <!-- extendedinfo id8007 -->
			<animation effect="slide" start="0,0" end="0,150" time="400" delay="2000" condition="!Control.IsVisible(8008)+!Skin.HasSetting(dashboard_medium)">Conditional</animation>
			<visible>!Window.IsVisible(favourites)</visible>
			<left>40</left>
			<top>84</top>
			<include>dashboard_visibles_blog1</include>
			<include>openclosefanart</include>
			<include>openclosevisible</include>
			<animation effect="slide" start="0,0" end="240,0" time="0" condition="Skin.HasSetting(HomeMenuVertical)">Conditional</animation>
			<control type="label">
				<left>5</left>
				<top>-30</top>
				<width>auto</width>
				<height>30</height>
				<font>impacted21</font>
				<align>left</align>
				<textcolor>grey</textcolor>
				<shadowcolor>black</shadowcolor>
				<label>$VAR[DashboardExtendedInfoLabel]</label>
				<visible>System.HasAddon(script.extendedinfo)</visible>
			</control>
			<control type="list" id="8007">
				<visible>System.HasAddon(script.extendedinfo)</visible>
				<left>0</left>
				<top>0</top>
				<include condition="!Skin.HasSetting(HomeMenuVertical)">DashboardWith_Horizontal</include>
				<include condition="Skin.HasSetting(HomeMenuVertical)">DashboardWith_Vertical</include>
				<height>120</height>
				<onleft>8007</onleft>
				<onright>8007</onright>
				<onup>noop</onup>
				<ondown>8008</ondown>
				<ondown>Action(FirstPage)</ondown>
				<viewtype label="list">list</viewtype>
				<pagecontrol>-</pagecontrol>
				<scrolltime tween="circle" easing="out">800</scrolltime>
				<orientation>horizontal</orientation>
				<!-- <include>dashboard_visibles_blog1</include> -->
				<autoscroll time="3000" delay="5000" repeat="5000">!Control.HasFocus(8005)+!Control.HasFocus(8007)+!Control.HasFocus(8008)+!IsEmpty(Container(8007).ListItem(6).Label)+Skin.HasSetting(animation)</autoscroll>
				<itemlayout height="120" width="240">
					<include>Dashboard_Extended_Itemlayout</include>
				</itemlayout>
				<focusedlayout height="120" width="240">
					<control type="group">
						<include>focuseffect</include>
						<control type="image">
							<description>background</description>
							<left>0</left>
							<top>0</top>
							<width>235</width>
							<height>115</height>
							<aspectratio>scale</aspectratio>
							<colordiffuse>reddiffuse</colordiffuse>
							<texture>White.png</texture>
							<visible>Control.HasFocus(8007)</visible>
						</control>
						<control type="image">
							<description>background</description>
							<left>5</left>
							<top>5</top>
							<width>225</width>
							<height>105</height>
							<aspectratio>scale</aspectratio>
							<colordiffuse>grey</colordiffuse>
							<texture>$INFO[ListItem.Art(fanart)]</texture>
							<visible>Control.HasFocus(8007)</visible>
						</control>
						<control type="image">
							<description>background</description>
							<left>10</left>
							<top>10</top>
							<width>215</width>
							<height>95</height>
							<aspectratio>scale</aspectratio>
							<colordiffuse>$VAR[skinwidgetdim]</colordiffuse>
							<texture>$INFO[ListItem.Art(fanart)]</texture>
							<visible>!Control.HasFocus(8007)</visible>
						</control>
						<control type="image">
							<description>background</description>
							<left>5</left>
							<top>5</top>
							<width>225</width>
							<height>105</height>
							<aspectratio>scale</aspectratio>
							<colordiffuse>grey</colordiffuse>
							<texture>$INFO[ListItem.Icon]</texture>
							<visible>Control.HasFocus(8007)</visible>
							<visible>IsEmpty(ListItem.Art(fanart))</visible>
						</control>
						<control type="image">
							<description>background</description>
							<left>10</left>
							<top>10</top>
							<width>215</width>
							<height>95</height>
							<aspectratio>scale</aspectratio>
							<colordiffuse>$VAR[skinwidgetdim]</colordiffuse>
							<texture>$INFO[ListItem.Icon]</texture>
							<visible>!Control.HasFocus(8007)</visible>
							<visible>IsEmpty(ListItem.Art(fanart))</visible>
						</control>
						<control type="image">
							<description>background</description>
							<left>70</left>
							<top>5</top>
							<width>70</width>
							<height>105</height>
							<texture>SideFade.png</texture>
							<visible>!IsEmpty(ListItem.Art(poster))</visible>
							<visible>Control.HasFocus(8007)</visible>
						</control>
						<control type="image">
							<description>background</description>
							<left>70</left>
							<top>10</top>
							<width>70</width>
							<height>95</height>
							<texture>SideFade.png</texture>
							<visible>!IsEmpty(ListItem.Art(poster))</visible>
							<visible>!Control.HasFocus(8007)</visible>
						</control>
						<control type="image">
							<description>background</description>
							<left>5</left>
							<top>5</top>
							<width>70</width>
							<height>105</height>
							<aspectratio>stretch</aspectratio>
							<texture>$INFO[ListItem.Art(poster)]</texture>
							<visible>Control.HasFocus(8007)</visible>
						</control>
						<control type="image">
							<description>background</description>
							<left>10</left>
							<top>10</top>
							<width>70</width>
							<height>95</height>
							<aspectratio>stretch</aspectratio>
							<colordiffuse>$VAR[skinwidgetdim]</colordiffuse>
							<texture>$INFO[ListItem.Art(poster)]</texture>
							<visible>!Control.HasFocus(8007)</visible>
						</control>
						<control type="image">
							<left>1</left>
							<top>60</top>
							<width>233</width>
							<height>54</height>
							<colordiffuse>menudiffuse</colordiffuse>
							<texture>Shadow.png</texture>
							<include>openclosevisible</include>
							<visible>Control.HasFocus(8007)</visible>
							<animation effect="fade" start="100" end="0" time="200" delay="7000">Focus</animation>
						</control>
						<control type="image">
							<description>background</description>
							<left>0</left>
							<top>0</top>
							<width>235</width>
							<height>115</height>
							<colordiffuse>menudiffuse</colordiffuse>
							<texture border="1">masks/Default_sharp.png</texture>
							<animation effect="fade" start="100" end="50" time="150" condition="!Control.HasFocus(8007)">Conditional</animation>
							<animation effect="fade" start="50" end="100" time="150" condition="Control.HasFocus(8007)">Conditional</animation>
						</control>
						<control type="label">
							<left>1</left>
							<top>80</top>
							<width>233</width>
							<height>30</height>
							<font>impacted18</font>
							<align>center</align>
							<textcolor>white</textcolor>
							<shadowcolor>grey3</shadowcolor>
							<label>$INFO[ListItem.Label]$INFO[ListItem.Property(eventname)]</label>
							<visible>Control.HasFocus(8007)</visible>
							<animation effect="fade" start="100" end="0" time="200" delay="7000">Focus</animation>
						</control>
						<control type="group">
							<top>10</top>
							<visible>Control.HasFocus(8007)</visible>
							<animation effect="fade" start="0" end="100" time="200" delay="7200">Focus</animation>
							<include>Dashboard_Extended_Focusedlayout</include>
						</control>
					</control>
				</focusedlayout>
				<content target="video" sortby="date" sortorder="descending" limit="20">$VAR[DashboardExtendedInfoContent]</content>
			</control>
		</control>
		<control type="group"> <!-- extendedinfo id8008 -->
			<visible>System.HasAddon(script.extendedinfo)</visible>
			<visible>!Window.IsVisible(favourites)</visible>
			<left>40</left>
			<top>230</top>
			<include>dashboard_visibles_blog2</include>
			<include>openclosefanart</include>
			<include>openclosevisible</include>
			<animation effect="slide" start="0,0" end="240,0" time="0" condition="Skin.HasSetting(HomeMenuVertical)">Conditional</animation>
			<control type="label">
				<left>5</left>
				<top>-30</top>
				<width>auto</width>
				<height>30</height>
				<font>impacted21</font>
				<align>left</align>
				<textcolor>grey</textcolor>
				<shadowcolor>black</shadowcolor>
				<label>$VAR[DashboardExtendedInfoLabel2]</label>
				<visible>System.HasAddon(script.extendedinfo)</visible>
			</control>
			<control type="list" id="8008">
				<left>0</left>
				<top>0</top>
				<include condition="!Skin.HasSetting(HomeMenuVertical)">DashboardWith_Horizontal</include>
				<include condition="Skin.HasSetting(HomeMenuVertical)">DashboardWith_Vertical</include>
				<height>120</height>
				<onleft>8008</onleft>
				<onright>8008</onright>
				<onup>8007</onup>
				<ondown>8005</ondown>
				<ondown>Action(FirstPage)</ondown>
				<viewtype label="list">list</viewtype>
				<pagecontrol>-</pagecontrol>
				<orientation>horizontal</orientation>
				<include>dashboard_visibles_blog2</include>
				<scrolltime tween="circle" easing="out">800</scrolltime>
				<autoscroll time="3000" delay="5000" repeat="5000">!Control.HasFocus(8005)+!Control.HasFocus(8007)+!Control.HasFocus(8008)+!IsEmpty(Container(8008).ListItem(6).Label)+Skin.HasSetting(animation)</autoscroll>
				<itemlayout height="120" width="240">
					<include>Dashboard_Extended_Itemlayout</include>
				</itemlayout>
				<focusedlayout height="120" width="240">
					<control type="group">
						<include>focuseffect</include>
						<control type="image">
							<description>background</description>
							<left>0</left>
							<top>0</top>
							<width>235</width>
							<height>115</height>
							<aspectratio>scale</aspectratio>
							<colordiffuse>reddiffuse</colordiffuse>
							<texture>White.png</texture>
							<visible>Control.HasFocus(8008)</visible>
						</control>
						<control type="image">
							<description>background</description>
							<left>5</left>
							<top>5</top>
							<width>225</width>
							<height>105</height>
							<aspectratio>scale</aspectratio>
							<colordiffuse>grey</colordiffuse>
							<texture>$INFO[ListItem.Art(fanart)]</texture>
							<visible>Control.HasFocus(8008)</visible>
						</control>
						<control type="image">
							<description>background</description>
							<left>10</left>
							<top>10</top>
							<width>215</width>
							<height>95</height>
							<aspectratio>scale</aspectratio>
							<colordiffuse>$VAR[skinwidgetdim]</colordiffuse>
							<texture>$INFO[ListItem.Art(fanart)]</texture>
							<visible>!Control.HasFocus(8008)</visible>
						</control>
						<control type="image">
							<description>background</description>
							<left>5</left>
							<top>5</top>
							<width>225</width>
							<height>105</height>
							<aspectratio>scale</aspectratio>
							<colordiffuse>grey</colordiffuse>
							<texture>$INFO[ListItem.Icon]</texture>
							<visible>Control.HasFocus(8008)</visible>
							<visible>IsEmpty(ListItem.Art(fanart))</visible>
						</control>
						<control type="image">
							<description>background</description>
							<left>10</left>
							<top>10</top>
							<width>215</width>
							<height>95</height>
							<aspectratio>scale</aspectratio>
							<colordiffuse>$VAR[skinwidgetdim]</colordiffuse>
							<texture>$INFO[ListItem.Icon]</texture>
							<visible>!Control.HasFocus(8008)</visible>
							<visible>IsEmpty(ListItem.Art(fanart))</visible>
						</control>
						<control type="image">
							<description>background</description>
							<left>70</left>
							<top>5</top>
							<width>70</width>
							<height>105</height>
							<texture>SideFade.png</texture>
							<visible>!IsEmpty(ListItem.Art(poster))</visible>
							<visible>Control.HasFocus(8008)</visible>
						</control>
						<control type="image">
							<description>background</description>
							<left>70</left>
							<top>10</top>
							<width>70</width>
							<height>95</height>
							<texture>SideFade.png</texture>
							<visible>!IsEmpty(ListItem.Art(poster))</visible>
							<visible>!Control.HasFocus(8008)</visible>
						</control>
						<control type="image">
							<description>background</description>
							<left>5</left>
							<top>5</top>
							<width>70</width>
							<height>105</height>
							<aspectratio>stretch</aspectratio>
							<texture>$INFO[ListItem.Art(poster)]</texture>
							<visible>Control.HasFocus(8008)</visible>
						</control>
						<control type="image">
							<description>background</description>
							<left>10</left>
							<top>10</top>
							<width>70</width>
							<height>95</height>
							<aspectratio>stretch</aspectratio>
							<colordiffuse>$VAR[skinwidgetdim]</colordiffuse>
							<texture>$INFO[ListItem.Art(poster)]</texture>
							<visible>!Control.HasFocus(8008)</visible>
						</control>
						<control type="image">
							<left>1</left>
							<top>60</top>
							<width>233</width>
							<height>54</height>
							<colordiffuse>menudiffuse</colordiffuse>
							<texture>Shadow.png</texture>
							<include>openclosevisible</include>
							<visible>Control.HasFocus(8008)</visible>
							<animation effect="fade" start="100" end="0" time="200" delay="7000">Focus</animation>
						</control>
						<control type="image">
							<description>background</description>
							<left>0</left>
							<top>0</top>
							<width>235</width>
							<height>115</height>
							<colordiffuse>menudiffuse</colordiffuse>
							<texture border="1">masks/Default_sharp.png</texture>
							<animation effect="fade" start="100" end="50" time="150" condition="!Control.HasFocus(8008)">Conditional</animation>
							<animation effect="fade" start="50" end="100" time="150" condition="Control.HasFocus(8008)">Conditional</animation>
						</control>
						<control type="label">
							<left>1</left>
							<top>80</top>
							<width>233</width>
							<height>30</height>
							<font>impacted18</font>
							<align>center</align>
							<textcolor>white</textcolor>
							<shadowcolor>grey3</shadowcolor>
							<label>$INFO[ListItem.Label]$INFO[ListItem.Property(eventname)]</label>
							<visible>Control.HasFocus(8008)</visible>
							<animation effect="fade" start="100" end="0" time="200" delay="7000">Focus</animation>
						</control>
						<control type="group">
							<top>10</top>
							<visible>Control.HasFocus(8008)</visible>
							<animation effect="fade" start="0" end="100" time="200" delay="7200">Focus</animation>
							<include>Dashboard_Extended_Focusedlayout</include>
						</control>
					</control>
				</focusedlayout>
				<content target="video" sortby="date" sortorder="descending" limit="20">$VAR[DashboardExtendedInfoContent2]</content>
			</control>
		</control>
	</include>
	<include name="Dashboard">
		<control type="group">
			<visible>Container(9000).Hasfocus(8)</visible>
			<include>openclosefanart</include>
			<include>openclosevisible</include>
			<visible>!Window.IsVisible(favourites)+![Control.HasFocus(200)+Skin.HasSetting(HomeMenuVertical)]</visible>
			<visible>Skin.HasSetting(dashboard_big)|Skin.HasSetting(dashboard_medium)|Skin.HasSetting(dashboard_small)</visible>
			<animation effect="slide" start="0,0" end="240,0" time="0" condition="Skin.HasSetting(HomeMenuVertical)">Conditional</animation>
			<control type="group"> <!-- Addons big id8005-->
				<left>40</left>
				<top>110</top>
				<visible>Skin.HasSetting(dashboard_big)</visible>
				<animation effect="slide" start="0,0" end="0,-55" time="400" delay="250" condition="Window.IsVisible(favourites)">Conditional</animation>
				<control type="panel" id="8005">
					<left>0</left>
					<top>0</top>
					<include condition="!Skin.HasSetting(HomeMenuVertical)">DashboardWith_Horizontal</include>
					<include condition="Skin.HasSetting(HomeMenuVertical)">DashboardWith_Vertical</include>
					<height>360</height>
					<visible>Skin.HasSetting(dashboard_big)</visible>
					<include>DashboardLayout</include>
					<include>dashboardcontent</include>
				</control>
				<control type="label">
					<left>5</left>
					<top>-30</top>
					<width>auto</width>
					<height>30</height>
					<font>impacted21</font>
					<align>left</align>
					<textcolor>grey</textcolor>
					<shadowcolor>black</shadowcolor>
					<label>$LOCALIZE[24000]</label>
					<include>openclosevisible</include>
				</control>
			</control>
			<control type="group"> <!-- Addons medium id8005-->
				<left>40</left>
				<top>110</top>
				<visible>Skin.HasSetting(dashboard_medium)</visible>
				<animation effect="slide" start="0,0" end="0,-55" time="400" delay="250" condition="Window.IsVisible(favourites)">Conditional</animation>
				<control type="panel" id="8005">
					<left>0</left>
					<top>120</top>
					<include condition="!Skin.HasSetting(HomeMenuVertical)">DashboardWith_Horizontal</include>
					<include condition="Skin.HasSetting(HomeMenuVertical)">DashboardWith_Vertical</include>
					<height>240</height>
					<visible>Skin.HasSetting(dashboard_medium)</visible>
					<include>DashboardLayout</include>
					<include>dashboardcontent</include>
				</control>
				<control type="label">
					<left>5</left>
					<top>90</top>
					<width>auto</width>
					<height>30</height>
					<font>impacted21</font>
					<align>left</align>
					<textcolor>grey</textcolor>
					<shadowcolor>black</shadowcolor>
					<label>$LOCALIZE[24000]</label>
					<include>openclosevisible</include>
				</control>
			</control>
			<control type="group"> <!-- Addons small id8005-->
				<left>40</left>
				<top>140</top>
				<visible>Skin.HasSetting(dashboard_small)</visible>
				<animation effect="slide" start="0,0" end="0,-30" time="0" condition="Window.IsActive(1200)|[!Control.IsVisible(8007)+!Control.IsVisible(8008)]">Conditional</animation>
				<animation effect="slide" start="0,0" end="0,-55" time="400" delay="250" condition="Window.IsVisible(favourites)">Conditional</animation>
				<control type="panel" id="8005">
					<left>0</left>
					<top>240</top>
					<include condition="!Skin.HasSetting(HomeMenuVertical)">DashboardWith_Horizontal</include>
					<include condition="Skin.HasSetting(HomeMenuVertical)">DashboardWith_Vertical</include>
					<height>120</height>
					<visible>Skin.HasSetting(dashboard_small)</visible>
					<include>DashboardLayout</include>
					<include>dashboardcontent</include>
				</control>
				<control type="label">
					<left>5</left>
					<top>210</top>
					<width>auto</width>
					<height>30</height>
					<font>impacted21</font>
					<align>left</align>
					<textcolor>grey</textcolor>
					<shadowcolor>black</shadowcolor>
					<label>$LOCALIZE[24000]</label>
					<include>openclosevisible</include>
				</control>
			</control>
			<control type="label">
				<animation effect="slide" start="0,0" end="0,18" time="400" delay="250" condition="Skin.HasSetting(dashboard_small)">Conditional</animation>
				<left>60</left>
				<top>480</top>
				<width>auto</width>
				<height>30</height>
				<font>impacted21</font>
				<align>left</align>
				<textcolor>grey</textcolor>
				<shadowcolor>black</shadowcolor>
				<label>$VAR[DashboardAddonLabel]</label>
				<include>openclosevisible</include>
				<visible>Control.HasFocus(8005)</visible>
			</control>
		</control>
	</include>
	<include name="DashboardLayout">
		<onleft>8005</onleft>
		<onright>8005</onright>
		<onup>8008</onup>
		<ondown>9000</ondown>
		<viewtype label="535">panel</viewtype>
		<pagecontrol>-</pagecontrol>
		<scrolltime>200</scrolltime>
		<orientation>vertical</orientation>
		<itemlayout height="120" width="120">
			<control type="image">
				<description>background</description>
				<left>5</left>
				<top>5</top>
				<width>105</width>
				<height>105</height>
				<texture>BlackBack.png</texture>
			</control>
			<control type="image">
				<description>background</description>
				<left>10</left>
				<top>10</top>
				<width>95</width>
				<height>95</height>
				<aspectratio>keep</aspectratio>
				<colordiffuse>$VAR[skinwidgetdim]</colordiffuse>
				<texture>$INFO[ListItem.Icon]</texture>
			</control>
			<control type="image">
				<description>background</description>
				<left>0</left>
				<top>0</top>
				<width>115</width>
				<height>115</height>
				<colordiffuse>menudiffuse</colordiffuse>
				<texture border="1">masks/Default_sharp.png</texture>
				<animation effect="fade" start="100" end="50" time="150" condition="!Control.HasFocus(8005)">Conditional</animation>
				<animation effect="fade" start="50" end="100" time="150" condition="Control.HasFocus(8005)">Conditional</animation>
			</control>
		</itemlayout>
		<focusedlayout height="120" width="120">
			<control type="group">
				<include>focuseffect</include>
				<control type="image">
					<description>background</description>
					<left>0</left>
					<top>0</top>
					<width>115</width>
					<height>115</height>
					<colordiffuse>reddiffuse</colordiffuse>
					<texture>White.png</texture>
					<visible>Control.HasFocus(8005)</visible>
				</control>
				<control type="image">
					<description>background</description>
					<left>5</left>
					<top>5</top>
					<width>105</width>
					<height>105</height>
					<aspectratio>keep</aspectratio>
					<colordiffuse>$VAR[skinwidgetdim]</colordiffuse>
					<texture>$INFO[ListItem.Icon]</texture>
					<visible>!Control.HasFocus(8005)</visible>
				</control>
				<control type="image">
					<description>background</description>
					<left>5</left>
					<top>5</top>
					<width>105</width>
					<height>105</height>
					<aspectratio>keep</aspectratio>
					<texture>$INFO[ListItem.Icon]</texture>
					<visible>Control.HasFocus(8005)</visible>
				</control>
				<control type="image">
					<description>background</description>
					<left>0</left>
					<top>0</top>
					<width>115</width>
					<height>115</height>
					<colordiffuse>menudiffuse</colordiffuse>
					<texture border="1">masks/Default_sharp.png</texture>
				</control>
			</control>
		</focusedlayout>
	</include>
	<include name="DashboardWith_Horizontal">
		<width>1200</width>
	</include>
	<include name="DashboardWith_Vertical">
		<width>960</width>
	</include>
	<include name="DashboardLayout_Settings"> <!-- need for custom window 1200 -->
		<onleft>8006</onleft>
		<onright>8006</onright>
		<onup>8400</onup>
		<ondown>Action(back)</ondown>
		<itemlayout height="120" width="120">
		</itemlayout>
		<focusedlayout height="120" width="120">
			<control type="image">
				<description>background</description>
				<left>0</left>
				<top>0</top>
				<width>115</width>
				<height>115</height>
				<aspectratio>scale</aspectratio>
				<colordiffuse>reddiffuse</colordiffuse>
				<texture>White.png</texture>
			</control>
			<control type="image">
				<description>background</description>
				<left>5</left>
				<top>5</top>
				<width>105</width>
				<height>105</height>
				<aspectratio>keep</aspectratio>
				<texture>$INFO[ListItem.Icon]</texture>
			</control>
		</focusedlayout>
		<include>dashboardcontent_settings</include>
	</include>
</includes>