<?xml version="1.0" encoding="UTF-8"?>
<includes>	
	<include name="HomepageSkinWidget_Music">
		<control type="group">
			<include>opencloseslideleft</include>
			<visible>Container(9000).HasFocus(2)+
			[Skin.HasSetting(SkinWidgets_RandomAlbums)
			|Skin.HasSetting(SkinWidgets_RecentAlbums)
			|Skin.HasSetting(SkinWidgets_RecommendedSongs)
			|Skin.HasSetting(SkinWidgets_RecommendedAlbums)]
			</visible>
			<visible>!Control.HasFocus(20)+!Window.IsVisible(favourites)</visible>
			<control type="group" id="9003">
				<onup>20</onup>
				<ondown>9000</ondown>
				<control type="group"> <!-- music -->
					<include>openclosemedium</include>
					<include>HomepageSkinWidgetInfoPanel_fanart_Music</include>
					<control type="list" id="281"> <!-- fakelist -->
						<left>0</left>
						<top>0</top>
						<width>0</width>
						<height>0</height>
						<onleft>noop</onleft>
						<onright>noop</onright>
						<onup>noop</onup>
						<ondown>noop</ondown>
						<pagecontrol>-</pagecontrol>
						<scrolltime>-</scrolltime>
						<orientation>Horizontal</orientation>
						<itemlayout>
						</itemlayout>
						<focusedlayout>
						</focusedlayout>
							<content target="music" limit="10">$VAR[SkinWidgets_Content_Music]</content>
					</control>
					<control type="grouplist" id="290">
						<animation effect="slide" start="0,0" end="-163,0" time="100" condition="Control.IsVisible(292)+StringCompare(Container(292).NumItems,2)">Conditional</animation>
						<animation effect="slide" start="0,0" end="-324,0" time="100" condition="Control.IsVisible(292)+IntegerGreaterThan(Container(292).NumItems,2)">Conditional</animation>
						<left>295</left>
						<top>315</top>
						<align>right</align>
						<width>1280</width>
						<height>220</height>
						<itemgap>0</itemgap>
						<include>openclosemedium</include>
						<orientation>horizontal</orientation>
						<control type="list" id="292">
							<visible>!IsEmpty(Container(281).ListItem().Label)+Control.IsVisible(281)</visible>
							<width>486</width>
							<height>220</height>
							<onleft>292</onleft>
							<onright>292</onright>
							<onup>noop</onup>
							<ondown>action(FirstPage)</ondown>
							<ondown>SetFocus(9000)</ondown>
							<onclick condition="!SubString(ListItem.FolderPath,musicdb://albums,left)">PlayMedia($INFO[ListItem.FolderPath])</onclick>
							<onclick condition="SubString(ListItem.FolderPath,musicdb://albums,left)">PlayMedia(musicdb://albums/$INFO[ListItem.DBID]/)</onclick>
							<viewtype label="535">list</viewtype>
							<pagecontrol>-</pagecontrol>
							<scrolltime>200</scrolltime>
							<orientation>Horizontal</orientation>
								<include>SkinWidget_Listlayout_Music</include>
								<content target="music" limit="10">$VAR[SkinWidgets_Content_Music]</content>
						</control>
					</control>
					<include>HomepageSkinWidgetInfoPanel_Music</include>
					<control type="group">
						<left>1252</left>
						<top>315</top>
						<width>40</width>
						<height>158</height>
						<include>openclosemedium</include>
						<visible>!Container(9000).HasFocus(8)</visible>
						<visible>
						!Player.HasMedia
						|Control.HasFocus(292)
						|[Player.HasMedia+!IntegerGreaterThan(Container(292).NumItems,2)]</visible>
						<visible>Control.IsVisible(292)</visible>
						<control type="group">
							<visible>!Skin.HasSetting(SkinWidget_Cases)</visible>
							<control type="image">
								<description>background</description>
								<left>0</left>
								<top>1</top>
								<width>40</width>
								<height>158</height>
								<texture background="true">SideFade.png</texture>
							</control>
							<control type="image">
								<description>background</description>
								<left>0</left>
								<top>0</top>
								<width>50</width>
								<height>160</height>
								<colordiffuse>fanartdiffuse</colordiffuse>
								<texture border="15" flipx="true">buttons\ButtonNFhalf.png</texture>
							</control>
						</control>
						<control type="group">
							<visible>Skin.HasSetting(SkinWidget_Cases)</visible>
							<control type="image">
								<description>background</description>
								<left>0</left>
								<top>1</top>
								<width>40</width>
								<height>158</height>
								<colordiffuse>black</colordiffuse>
								<texture background="true">SideFadeWhite_round.png</texture>
							</control>
							<control type="image">
								<description>background</description>
								<left>0</left>
								<top>0</top>
								<width>50</width>
								<height>160</height>
								<colordiffuse>fanartdiffuse</colordiffuse>
								<texture border="15" flipx="true">buttons\ButtonNFhalf_round.png</texture>
							</control>
						</control>
					</control>
				</control>
			</control>
		</control>
	</include>
	<include name="HomepageSkinWidgetInfoPanel_fanart_Music">
		<control type="group">
			<left>0</left>
			<top>315</top>
			<visible>Skin.HasSetting(fanart)</visible>
			<visible>Control.IsVisible(292)</visible>
			<control type="group">
				<left>0</left>
				<control type="image" id="2000">
					<description>background</description>
					<include>openclosevisible</include>
					<fadetime>FadeTime</fadetime>
					<left>-10</left>
					<top>1</top>
					<width>400</width>
					<height>158</height>
					<aspectratio align="left" aligny="top">scale</aspectratio>
					<texture background="true" diffuse="SideFadeWhiteHalf.png">$INFO[Container(292).ListItem().Art(fanart)]</texture>
					<visible>Control.HasFocus(292)+Skin.HasSetting(fanart)</visible>
				</control>
				<control type="image">
					<description>background</description>
					<left>-130</left>
					<top>0</top>
					<width>750</width>
					<height>160</height>
					<texture border="15" flipx="true">buttons\ButtonNFhalf.png</texture>
					<visible>Control.HasFocus(292)+!IsEmpty(Container(292).ListItem.Art(fanart))</visible>
				</control>
			</control>
			<control type="group"> <!-- Clear Logo -->
				<left>30</left>
				<top>40</top>
				<control type="image">
					<include>openclosevisible</include>
					<left>8</left>
					<top>51</top>
					<width>201</width>
					<height>107</height>
					<aspectratio align="left" aligny="bottom">keep</aspectratio>
					<fadetime>FadeTime</fadetime>
					<texture background="true">$INFO[Skin.String(Music_Folder_Path)]$INFO[Container(292).ListItem.Artist,,/logo.png]</texture>
					<visible>Skin.HasSetting(music_art)+Control.Hasfocus(292)</visible>
				</control>
			</control>
		</control>
	</include>
	<include name="HomepageSkinWidgetInfoPanel_Music">
		<control type="group">
			<animation effect="slide" start="0,0" end="323,0" time="100" condition="Control.IsVisible(292)+StringCompare(Container(292).NumItems,1)">Conditional</animation>
			<animation effect="slide" start="0,0" end="160,0" time="100" condition="Control.IsVisible(292)+StringCompare(Container(292).NumItems,2)">Conditional</animation>
			<left>400</left>
			<top>315</top>
			<align>right</align>
			<width>1280</width>
			<height>220</height>
			<include>openclosemedium</include>
			<visible>!Container(9000).HasFocus(8)</visible>
			<visible>
			!Player.HasMedia
			|Control.HasFocus(292)
			|[Player.HasMedia+!IntegerGreaterThan(Container(292).NumItems,2)]</visible>
			<visible>Control.IsVisible(292)</visible>
			<control type="group"> <!-- SideFade InfoPanel -->
				<control type="group">
					<visible>!Skin.HasSetting(SkinWidget_Cases)</visible>
					<control type="image">
						<description>background</description>
						<left>-138</left>
						<top>1</top>
						<width>500</width>
						<height>158</height>
						<colordiffuse>black</colordiffuse>
						<texture background="true" flipx="true">SideFadeWhite.png</texture>
					</control>
					<control type="image">
						<description>background</description>
						<left>-111</left>
						<top>0</top>
						<width>473</width>
						<height>160</height>
						<texture border="15">buttons\ButtonNFhalf.png</texture>
					</control>
				</control>
				<control type="group">
					<visible>Skin.HasSetting(SkinWidget_Cases)</visible>
					<control type="image">
						<description>background</description>
						<left>0</left>
						<top>1</top>
						<width>362</width>
						<height>159</height>
						<colordiffuse>black</colordiffuse>
						<texture background="true" border="4">SideFadeWhite_round.png</texture>
					</control>
					<control type="image">
						<description>background</description>
						<left>112</left>
						<top>0</top>
						<width>250</width>
						<height>160</height>
						<texture border="15">buttons\ButtonNFhalf_round.png</texture>
					</control>
				</control>
			</control>
			<control type="grouplist">
				<visible>Control.HasFocus(292)</visible>
				<left>0</left>
				<top>8</top>
				<width>350</width>
				<height>158</height>
				<itemgap>0</itemgap>
				<orientation>vertical</orientation>
				<control type="label">
					<width>350</width>
					<height>20</height>
					<font>font12</font>
					<textcolor>selected</textcolor>
					<align>right</align>
					<aligny>center</aligny>
					<label>$VAR[SkinWidgets_Label]</label>
					<scroll>true</scroll>
				</control>
				<control type="label">
					<width>350</width>
					<height>45</height>
					<font>impacted21</font>
					<align>right</align>
					<aligny>center</aligny>
					<label>$INFO[Container(292).ListItem().Label]</label>
					<visible>IsEmpty(Container(292).ListItem().Artist)+IsEmpty(Container(292).ListItem().Title)</visible>
				</control>
				<control type="label">
					<width>350</width>
					<height>45</height>
					<font>impacted21</font>
					<align>right</align>
					<aligny>center</aligny>
					<label>$INFO[Container(292).ListItem().Artist]$INFO[Container(292).ListItem().Title, - ,]</label>
					<visible>!IsEmpty(Container(292).ListItem().Artist)+!IsEmpty(Container(292).ListItem().Title)</visible>
				</control>
				<control type="label">
					<width>350</width>
					<height>20</height>
					<font>font12</font>
					<align>right</align>
					<textcolor>grey</textcolor>
					<label>$INFO[Container(292).ListItem().Genre]</label>
					<visible>!IsEmpty(Container(292).ListItem().Genre)</visible>
				</control>
				<control type="label">
					<width>350</width>
					<height>28</height>
					<font>font12</font>
					<align>right</align>
					<textcolor>grey</textcolor>
					<label>$INFO[Container(292).ListItem().Year,,]$INFO[Container(292).ListItem().Property(Album_Label), / ,]</label>
				</control>
				<control type="label">
					<width>350</width>
					<height>16</height>
					<font>font12</font>
					<align>right</align>
					<textcolor>grey</textcolor>
					<label>$INFO[Container(292).ListItem().Property(Album_Description)]</label>
					<scroll>true</scroll>
				</control>
			</control>
		</control>
	</include>
	<include name="SkinWidget_Listlayout_Music">
		<itemlayout height="160" width="162">
			<control type="group">
				<visible>!Skin.HasSetting(SkinWidget_Cases)</visible>
				<control type="image">
					<left>5</left>
					<top>5</top>
					<width>150</width>
					<height>150</height>
					<aspectratio>stretch</aspectratio>
					<colordiffuse>$VAR[skinwidgetdim]</colordiffuse>
					<texture background="true" fallback="FallbackCover.png">$INFO[ListItem.Icon]</texture>
				</control>
				<control type="image">
					<left>5</left>
					<top>110</top>
					<width>150</width>
					<height>50</height>
					<texture background="true">Shadow.png</texture>
					<visible>IsEmpty(ListItem.Icon)+!Control.HasFocus(292)</visible>
				</control>
				<control type="label">
					<left>10</left>
					<top>124</top>
					<width>145</width>
					<height>40</height>
					<font>ubuntu-r13b</font>
					<align>center</align>
					<label>$INFO[ListItem.Label]</label>
					<visible>IsEmpty(ListItem.Icon)</visible>
				</control>
				<control type="image">
					<description>background</description>
					<left>0</left>
					<top>0</top>
					<width>160</width>
					<height>160</height>
					<aspectratio>stretch</aspectratio>
					<texture background="true" border="1">masks/Default_sharp.png</texture>
				</control>
			</control>
			<control type="group">
				<visible>Skin.HasSetting(SkinWidget_Cases)</visible>
				<control type="image">
					<left>17</left>
					<top>2</top>
					<width>141</width>
					<height>157</height>
					<aspectratio>stretch</aspectratio>
					<colordiffuse>$VAR[skinwidgetdim]</colordiffuse>
					<texture background="true" fallback="FallbackCover.png">$INFO[ListItem.Icon]</texture>
				</control>
				<control type="image">
					<left>17</left>
					<top>108</top>
					<width>141</width>
					<height>50</height>
					<aspectratio>stretch</aspectratio>
					<texture background="true" diffuse="masks/mask.png">Shadow.png</texture>
					<visible>IsEmpty(ListItem.Icon)</visible>
				</control>
				<control type="label">
					<left>17</left>
					<top>124</top>
					<width>141</width>
					<height>40</height>
					<font>ubuntu-r13b</font>
					<align>center</align>
					<label>$INFO[ListItem.Label]</label>
					<visible>IsEmpty(ListItem.Icon)</visible>
				</control>
				<control type="image">
					<description>background</description>
					<left>0</left>
					<top>0</top>
					<width>160</width>
					<height>160</height>
					<aspectratio>stretch</aspectratio>
					<texture background="true">clear-cases/fallback.png</texture>
				</control>
			</control>
		</itemlayout>
		<focusedlayout height="160" width="162" >
			<control type="group">
				<include>focuseffect</include>
				<control type="group">
					<visible>!Skin.HasSetting(SkinWidget_Cases)</visible>
					<control type="image">
						<left>0</left>
						<top>0</top>
						<width>160</width>
						<height>160</height>
						<aspectratio>stretch</aspectratio>
						<colordiffuse>reddiffuse</colordiffuse>
						<texture background="true">White.png</texture>
						<visible>Control.HasFocus(292)</visible>
					</control>
					<control type="group">
						<control type="image">
							<left>5</left>
							<top>5</top>
							<width>150</width>
							<height>150</height>
							<aspectratio>stretch</aspectratio>
							<colordiffuse>$VAR[skinwidgetdim]</colordiffuse>
							<texture background="true" fallback="FallbackCover.png">$INFO[ListItem.Icon]</texture>
							<visible>!Control.HasFocus(292)</visible>
						</control>
						<control type="image">
							<left>5</left>
							<top>5</top>
							<width>150</width>
							<height>150</height>
							<aspectratio>stretch</aspectratio>
							<texture background="true" fallback="FallbackCover.png">$INFO[ListItem.Icon]</texture>
							<visible>Control.HasFocus(292)</visible>
						</control>
					</control>
					<control type="image">
						<left>5</left>
						<top>110</top>
						<width>150</width>
						<height>50</height>
						<aspectratio>stretch</aspectratio>
						<texture background="true">Shadow.png</texture>
						<visible>IsEmpty(ListItem.Icon)</visible>
					</control>
					<control type="label">
						<left>10</left>
						<top>124</top>
						<width>145</width>
						<height>40</height>
						<font>ubuntu-r13b</font>
						<align>center</align>
						<label>$INFO[ListItem.Label]</label>
						<visible>IsEmpty(ListItem.Icon)</visible>
					</control>
					<control type="image">
						<description>background</description>
						<left>0</left>
						<top>0</top>
						<width>160</width>
						<height>160</height>
						<aspectratio>stretch</aspectratio>
						<texture background="true" border="1">masks/Default_sharp.png</texture>
					</control>
				</control>
				<control type="group">
					<visible>Skin.HasSetting(SkinWidget_Cases)</visible>
					<control type="group">
						<control type="image">
							<left>17</left>
							<top>2</top>
							<width>141</width>
							<height>157</height>
							<aspectratio>stretch</aspectratio>
							<colordiffuse>$VAR[skinwidgetdim]</colordiffuse>
							<texture background="true" fallback="FallbackCover.png">$INFO[ListItem.Icon]</texture>
							<visible>!Control.HasFocus(292)</visible>
						</control>
						<control type="image">
							<left>17</left>
							<top>2</top>
							<width>141</width>
							<height>157</height>
							<aspectratio>stretch</aspectratio>
							<texture background="true" fallback="FallbackCover.png">$INFO[ListItem.Icon]</texture>
							<visible>Control.HasFocus(292)</visible>
						</control>
					</control>
					<control type="image">
						<left>17</left>
						<top>108</top>
						<width>141</width>
						<height>50</height>
						<aspectratio>stretch</aspectratio>
						<texture background="true" diffuse="masks/mask.png">Shadow.png</texture>
						<visible>IsEmpty(ListItem.Icon)</visible>
					</control>
					<control type="label">
						<left>17</left>
						<top>124</top>
						<width>141</width>
						<height>40</height>
						<font>ubuntu-r13b</font>
						<align>center</align>
						<label>$INFO[ListItem.Label]</label>
						<visible>IsEmpty(ListItem.Icon)</visible>
					</control>
					<control type="image">
						<description>background</description>
						<left>0</left>
						<top>0</top>
						<width>160</width>
						<height>160</height>
						<aspectratio>stretch</aspectratio>
						<texture background="true">clear-cases/fallback.png</texture>
						<visible>!Control.HasFocus(292)</visible>
					</control>
					<control type="image">
						<description>background</description>
						<left>0</left>
						<top>0</top>
						<width>160</width>
						<height>160</height>
						<aspectratio>stretch</aspectratio>
						<texture background="true" fallback="clear-cases/fallback_blue.png">$VAR[clearcase]</texture>
						<visible>Control.HasFocus(292)</visible>
					</control>
				</control>
			</control>
		</focusedlayout>
	</include>
</includes>