<?xml version="1.0" encoding="UTF-8"?>
<includes>
	<!-- Mastermode -->
	<include name="TVHighlightsItem">
		<item>
			<property name="channel">$INFO[Window.Property(TVHighlightsToday.$PARAM[highlight_id].Channel)]</property>
			<property name="comment">$INFO[Window.Property(TVHighlightsToday.Info.Title)]</property>
			<property name="genre">$INFO[Window.Property(TVHighlightsToday.$PARAM[highlight_id].Genre)]</property>
			<property name="country">$INFO[Window.Property(TVHighlightsToday.$PARAM[highlight_id].Country)]</property>
			<property name="year">$INFO[Window.Property(TVHighlightsToday.$PARAM[highlight_id].Year)]</property>
			<property name="extrainfos">$INFO[Window.Property(TVHighlightsToday.$PARAM[highlight_id].Extrainfos)]</property>
			<label>$INFO[Window.Property(TVHighlightsToday.$PARAM[highlight_id].Title)]</label>
			<onclick>RunScript(plugin.program.tvhighlights,&quot;?methode=infopopup&amp;detailurl=$INFO[Window.Property(TVHighlightsToday.$PARAM[highlight_id].Popup)]&quot;)</onclick>
			<icon>$INFO[Window.Property(TVHighlightsToday.$PARAM[highlight_id].Logo)]</icon>
			<label2>$INFO[Window.Property(TVHighlightsToday.$PARAM[highlight_id].Time)]</label2>
			<thumb>$INFO[Window.Property(TVHighlightsToday.$PARAM[highlight_id].Thumb)]</thumb>
			<visible>!IsEmpty(Window.Property(TVHighlightsToday.$PARAM[highlight_id].Title))</visible>
		</item>
	</include>
	<include name="TVHighlightsContentMastermode">
		<content>
			<include name="TVHighlightsItem">
				<param name="highlight_id" value="1" />
			</include>
			<include name="TVHighlightsItem">
				<param name="highlight_id" value="2" />
			</include>
			<include name="TVHighlightsItem">
				<param name="highlight_id" value="3" />
			</include>
			<include name="TVHighlightsItem">
				<param name="highlight_id" value="4" />
			</include>
			<include name="TVHighlightsItem">
				<param name="highlight_id" value="5" />
			</include>
			<include name="TVHighlightsItem">
				<param name="highlight_id" value="6" />
			</include>
			<include name="TVHighlightsItem">
				<param name="highlight_id" value="7" />
			</include>
			<include name="TVHighlightsItem">
				<param name="highlight_id" value="8" />
			</include>
			<include name="TVHighlightsItem">
				<param name="highlight_id" value="9" />
			</include>
			<include name="TVHighlightsItem">
				<param name="highlight_id" value="10" />
			</include>
		</content>
	</include>
	<!-- Splitmode -->
	<include name="TVHighlightsItemSplitSpielfilm">
		<item id="1">
			<property name="watchtype">$INFO[Window.Property(TVspielfilmHighlightsToday.$PARAM[highlight_id].WatchType)]</property>
			<property name="channel">$INFO[Window.Property(TVspielfilmHighlightsToday.$PARAM[highlight_id].Channel)]</property>
			<property name="comment">$INFO[Window.Property(TVspielfilmHighlightsToday.$PARAM[highlight_id].Comment)]</property>
			<property name="genre">$INFO[Window.Property(TVspielfilmHighlightsToday.$PARAM[highlight_id].Genre)]</property>
			<property name="country">$INFO[Window.Property(TVspielfilmHighlightsToday.$PARAM[highlight_id].Country)]</property>
			<property name="year">$INFO[Window.Property(TVspielfilmHighlightsToday.$PARAM[highlight_id].Year)]</property>
			<property name="extrainfos">$INFO[Window.Property(TVspielfilmHighlightsToday.$PARAM[highlight_id].Extrainfos)]</property>
			<property name="date">$INFO[Window.Property(TVspielfilmHighlightsToday.$PARAM[highlight_id].Date)]</property>
			<property name="duration">$INFO[Window.Property(TVspielfilmHighlightsToday.$PARAM[highlight_id].Duration)]</property>
			<label>$INFO[Window.Property(TVspielfilmHighlightsToday.$PARAM[highlight_id].Title)]</label>
			<onclick>RunScript(plugin.program.tvhighlights,&quot;?methode=infopopup&amp;detailurl=$INFO[Window.Property(TVspielfilmHighlightsToday.$PARAM[highlight_id].Popup)]&quot;)</onclick>
			<icon>$INFO[Window.Property(TVspielfilmHighlightsToday.$PARAM[highlight_id].Logo)]</icon>
			<label2>$INFO[Window.Property(TVspielfilmHighlightsToday.$PARAM[highlight_id].Time)]</label2>
			<thumb>$INFO[Window.Property(TVspielfilmHighlightsToday.$PARAM[highlight_id].Thumb)]</thumb>
			<!-- <visible>!IsEmpty(Window.Property(TVspielfilmHighlightsToday.$PARAM[highlight_id].Title))</visible> -->
		</item>
	</include>
	<include name="TVHighlightsItemSplitSerie">
		<item id="2">
			<property name="watchtype">$INFO[Window.Property(TVserieHighlightsToday.$PARAM[highlight_id].WatchType)]</property>
			<property name="channel">$INFO[Window.Property(TVserieHighlightsToday.$PARAM[highlight_id].Channel)]</property>
			<property name="comment">$INFO[Window.Property(TVserieHighlightsToday.$PARAM[highlight_id].Comment)]</property>
			<property name="genre">$INFO[Window.Property(TVserieHighlightsToday.$PARAM[highlight_id].Genre)]</property>
			<property name="country">$INFO[Window.Property(TVserieHighlightsToday.$PARAM[highlight_id].Country)]</property>
			<property name="year">$INFO[Window.Property(TVserieHighlightsToday.$PARAM[highlight_id].Year)]</property>
			<property name="extrainfos">$INFO[Window.Property(TVserieHighlightsToday.$PARAM[highlight_id].Extrainfos)]</property>
			<property name="date">$INFO[Window.Property(TVserieHighlightsToday.$PARAM[highlight_id].Date)]</property>
			<property name="duration">$INFO[Window.Property(TVserieHighlightsToday.$PARAM[highlight_id].Duration)]</property>
			<label>$INFO[Window.Property(TVserieHighlightsToday.$PARAM[highlight_id].Title)]</label>
			<onclick>RunScript(plugin.program.tvhighlights,&quot;?methode=infopopup&amp;detailurl=$INFO[Window.Property(TVserieHighlightsToday.$PARAM[highlight_id].Popup)]&quot;)</onclick>
			<icon>$INFO[Window.Property(TVserieHighlightsToday.$PARAM[highlight_id].Logo)]</icon>
			<label2>$INFO[Window.Property(TVserieHighlightsToday.$PARAM[highlight_id].Time)]</label2>
			<thumb>$INFO[Window.Property(TVserieHighlightsToday.$PARAM[highlight_id].Thumb)]</thumb>
			<!-- <visible>!IsEmpty(Window.Property(TVserieHighlightsToday.$PARAM[highlight_id].Title))</visible> -->
		</item>
	</include>
	<include name="TVHighlightsItemSplitDokuInfo">
		<item id="3">
			<property name="watchtype">$INFO[Window.Property(TVdoku-und-infoHighlightsToday.$PARAM[highlight_id].WatchType)]</property>
			<property name="channel">$INFO[Window.Property(TVdoku-und-infoHighlightsToday.$PARAM[highlight_id].Channel)]</property>
			<property name="comment">$INFO[Window.Property(TVdoku-und-infoHighlightsToday.$PARAM[highlight_id].Comment)]</property>
			<property name="genre">$INFO[Window.Property(TVdoku-und-infoHighlightsToday.$PARAM[highlight_id].Genre)]</property>
			<property name="country">$INFO[Window.Property(TVdoku-und-infoHighlightsToday.$PARAM[highlight_id].Country)]</property>
			<property name="year">$INFO[Window.Property(TVdoku-und-infoHighlightsToday.$PARAM[highlight_id].Year)]</property>
			<property name="extrainfos">$INFO[Window.Property(TVdoku-und-infoHighlightsToday.$PARAM[highlight_id].Extrainfos)]</property>
			<property name="date">$INFO[Window.Property(TVdoku-und-infoHighlightsToday.$PARAM[highlight_id].Date)]</property>
			<property name="duration">$INFO[Window.Property(TVdoku-und-infoHighlightsToday.$PARAM[highlight_id].Duration)]</property>
			<label>$INFO[Window.Property(TVdoku-und-infoHighlightsToday.$PARAM[highlight_id].Title)]</label>
			<onclick>RunScript(plugin.program.tvhighlights,&quot;?methode=infopopup&amp;detailurl=$INFO[Window.Property(TVdoku-und-infoHighlightsToday.$PARAM[highlight_id].Popup)]&quot;)</onclick>
			<icon>$INFO[Window.Property(TVdoku-und-infoHighlightsToday.$PARAM[highlight_id].Logo)]</icon>
			<label2>$INFO[Window.Property(TVdoku-und-infoHighlightsToday.$PARAM[highlight_id].Time)]</label2>
			<thumb>$INFO[Window.Property(TVdoku-und-infoHighlightsToday.$PARAM[highlight_id].Thumb)]</thumb>
			<!-- <visible>!IsEmpty(Window.Property(TVdoku-und-infoHighlightsToday.$PARAM[highlight_id].Title))</visible> -->
		</item>
	</include>
	<include name="TVHighlightsItemSplitUnterhaltung">
		<item id="4">
			<property name="watchtype">$INFO[Window.Property(TVunterhaltungHighlightsToday.$PARAM[highlight_id].WatchType)]</property>
			<property name="channel">$INFO[Window.Property(TVunterhaltungHighlightsToday.$PARAM[highlight_id].Channel)]</property>
			<property name="comment">$INFO[Window.Property(TVunterhaltungHighlightsToday.$PARAM[highlight_id].Comment)]</property>
			<property name="genre">$INFO[Window.Property(TVunterhaltungHighlightsToday.$PARAM[highlight_id].Genre)]</property>
			<property name="country">$INFO[Window.Property(TVunterhaltungHighlightsToday.$PARAM[highlight_id].Country)]</property>
			<property name="year">$INFO[Window.Property(TVunterhaltungHighlightsToday.$PARAM[highlight_id].Year)]</property>
			<property name="extrainfos">$INFO[Window.Property(TVunterhaltungHighlightsToday.$PARAM[highlight_id].Extrainfos)]</property>
			<property name="date">$INFO[Window.Property(TVunterhaltungHighlightsToday.$PARAM[highlight_id].Date)]</property>
			<property name="duration">$INFO[Window.Property(TVunterhaltungHighlightsToday.$PARAM[highlight_id].Duration)]</property>
			<label>$INFO[Window.Property(TVunterhaltungHighlightsToday.$PARAM[highlight_id].Title)]</label>
			<onclick>RunScript(plugin.program.tvhighlights,&quot;?methode=infopopup&amp;detailurl=$INFO[Window.Property(TVunterhaltungHighlightsToday.$PARAM[highlight_id].Popup)]&quot;)</onclick>
			<icon>$INFO[Window.Property(TVunterhaltungHighlightsToday.$PARAM[highlight_id].Logo)]</icon>
			<label2>$INFO[Window.Property(TVunterhaltungHighlightsToday.$PARAM[highlight_id].Time)]</label2>
			<thumb>$INFO[Window.Property(TVunterhaltungHighlightsToday.$PARAM[highlight_id].Thumb)]</thumb>
			<!-- <visible>!IsEmpty(Window.Property(TVunterhaltungHighlightsToday.$PARAM[highlight_id].Title))</visible> -->
		</item>
	</include>
	<include name="TVHighlightsItemSplitKinder">
		<item id="5">
			<property name="watchtype">$INFO[Window.Property(TVkinderHighlightsToday.$PARAM[highlight_id].WatchType)]</property>
			<property name="channel">$INFO[Window.Property(TVkinderHighlightsToday.$PARAM[highlight_id].Channel)]</property>
			<property name="comment">$INFO[Window.Property(TVkinderHighlightsToday.$PARAM[highlight_id].Comment)]</property>
			<property name="genre">$INFO[Window.Property(TVkinderHighlightsToday.$PARAM[highlight_id].Genre)]</property>
			<property name="country">$INFO[Window.Property(TVkinderHighlightsToday.$PARAM[highlight_id].Country)]</property>
			<property name="year">$INFO[Window.Property(TVkinderHighlightsToday.$PARAM[highlight_id].Year)]</property>
			<property name="extrainfos">$INFO[Window.Property(TVkinderHighlightsToday.$PARAM[highlight_id].Extrainfos)]</property>
			<property name="date">$INFO[Window.Property(TVkinderHighlightsToday.$PARAM[highlight_id].Date)]</property>
			<property name="duration">$INFO[Window.Property(TVkinderHighlightsToday.$PARAM[highlight_id].Duration)]</property>
			<label>$INFO[Window.Property(TVkinderHighlightsToday.$PARAM[highlight_id].Title)]</label>
			<onclick>RunScript(plugin.program.tvhighlights,&quot;?methode=infopopup&amp;detailurl=$INFO[Window.Property(TVkinderHighlightsToday.$PARAM[highlight_id].Popup)]&quot;)</onclick>
			<icon>$INFO[Window.Property(TVkinderHighlightsToday.$PARAM[highlight_id].Logo)]</icon>
			<label2>$INFO[Window.Property(TVkinderHighlightsToday.$PARAM[highlight_id].Time)]</label2>
			<thumb>$INFO[Window.Property(TVkinderHighlightsToday.$PARAM[highlight_id].Thumb)]</thumb>
			<!-- <visible>!IsEmpty(Window.Property(TVkinderHighlightsToday.$PARAM[highlight_id].Title))</visible> -->
		</item>
	</include>
	<include name="TVHighlightsItemSplitSport">
		<item id="6">
			<property name="watchtype">$INFO[Window.Property(TVsportHighlightsToday.$PARAM[highlight_id].WatchType)]</property>
			<property name="channel">$INFO[Window.Property(TVsportHighlightsToday.$PARAM[highlight_id].Channel)]</property>
			<property name="comment">$INFO[Window.Property(TVsportHighlightsToday.$PARAM[highlight_id].Comment)]</property>
			<property name="genre">$INFO[Window.Property(TVsportHighlightsToday.$PARAM[highlight_id].Genre)]</property>
			<property name="country">$INFO[Window.Property(TVsportHighlightsToday.$PARAM[highlight_id].Country)]</property>
			<property name="year">$INFO[Window.Property(TVsportHighlightsToday.$PARAM[highlight_id].Year)]</property>
			<property name="extrainfos">$INFO[Window.Property(TVsportHighlightsToday.$PARAM[highlight_id].Extrainfos)]</property>
			<property name="date">$INFO[Window.Property(TVsportHighlightsToday.$PARAM[highlight_id].Date)]</property>
			<property name="duration">$INFO[Window.Property(TVsportHighlightsToday.$PARAM[highlight_id].Duration)]</property>
			<label>$INFO[Window.Property(TVsportHighlightsToday.$PARAM[highlight_id].Title)]</label>
			<onclick>RunScript(plugin.program.tvhighlights,&quot;?methode=infopopup&amp;detailurl=$INFO[Window.Property(TVsportHighlightsToday.$PARAM[highlight_id].Popup)]&quot;)</onclick>
			<icon>$INFO[Window.Property(TVsportHighlightsToday.$PARAM[highlight_id].Logo)]</icon>
			<label2>$INFO[Window.Property(TVsportHighlightsToday.$PARAM[highlight_id].Time)]</label2>
			<thumb>$INFO[Window.Property(TVsportHighlightsToday.$PARAM[highlight_id].Thumb)]</thumb>
			<!-- <visible>!IsEmpty(Window.Property(TVsportHighlightsToday.$PARAM[highlight_id].Title))</visible> -->
		</item>
	</include>
	<include name="TVHighlightsContentSplitmode">
		<content>
			<include name="TVHighlightsItemSplitSpielfilm">
				<param name="highlight_id" value="1" />
			</include>
			<include name="TVHighlightsItemSplitSpielfilm">
				<param name="highlight_id" value="2" />
			</include>
			<include name="TVHighlightsItemSplitSpielfilm">
				<param name="highlight_id" value="3" />
			</include>
			<include name="TVHighlightsItemSplitSerie">
				<param name="highlight_id" value="1" />
			</include>
			<include name="TVHighlightsItemSplitSerie">
				<param name="highlight_id" value="2" />
			</include>
			<include name="TVHighlightsItemSplitSerie">
				<param name="highlight_id" value="3" />
			</include>
			<include name="TVHighlightsItemSplitDokuInfo">
				<param name="highlight_id" value="1" />
			</include>
			<include name="TVHighlightsItemSplitDokuInfo">
				<param name="highlight_id" value="2" />
			</include>
			<include name="TVHighlightsItemSplitDokuInfo">
				<param name="highlight_id" value="3" />
			</include>
			<include name="TVHighlightsItemSplitUnterhaltung">
				<param name="highlight_id" value="1" />
			</include>
			<include name="TVHighlightsItemSplitUnterhaltung">
				<param name="highlight_id" value="2" />
			</include>
			<include name="TVHighlightsItemSplitUnterhaltung">
				<param name="highlight_id" value="3" />
			</include>
			<include name="TVHighlightsItemSplitKinder">
				<param name="highlight_id" value="1" />
			</include>
			<include name="TVHighlightsItemSplitKinder">
				<param name="highlight_id" value="2" />
			</include>
			<include name="TVHighlightsItemSplitKinder">
				<param name="highlight_id" value="3" />
			</include>
			<include name="TVHighlightsItemSplitSport">
				<param name="highlight_id" value="1" />
			</include>
			<include name="TVHighlightsItemSplitSport">
				<param name="highlight_id" value="2" />
			</include>
			<include name="TVHighlightsItemSplitSport">
				<param name="highlight_id" value="3" />
			</include>
		</content>
	</include>
</includes>