<?xml version="1.0" encoding="UTF-8"?>
<includes>
	<include name="HomepageSkinWidget_Radio_de">
		<control type="group">
			<include>opencloseslideleft</include>
			<visible>Container(9000).HasFocus(8215)+[Skin.HasSetting(SkinWidgets_UserPlaylist)|Skin.HasSetting(SkinWidgets_UserPlaylist_Radio)]</visible>
			<visible>Container(9000).HasFocus(8215)</visible>
			<visible>!Control.HasFocus(20)+!Window.IsVisible(favourites)</visible>
			<control type="group" id="9003">
				<onup>20</onup>
				<ondown>9000</ondown>
				<control type="group"> <!-- radio_de -->
					<control type="list" id="280"> <!-- fakelist -->
						<left>0</left>
						<top>0</top>
						<width>0</width>
						<height>0</height>
						<onleft>noop</onleft>
						<onright>noop</onright>
						<onup>noop</onup>
						<ondown>noop</ondown>
						<pagecontrol>-</pagecontrol>
						<scrolltime>-</scrolltime>
						<orientation>Horizontal</orientation>
						<itemlayout>
						</itemlayout>
						<focusedlayout>
						</focusedlayout>
							<content target="audio">$VAR[SkinWidgets_Content_Radio_de]</content>
					</control>
					<control type="grouplist" id="290">
						<animation effect="slide" start="0,0" end="-163,0" time="100" condition="Control.IsVisible(291)+StringCompare(Container(291).NumItems,2)">Conditional</animation>
						<animation effect="slide" start="0,0" end="-324,0" time="100" condition="Control.IsVisible(291)+IntegerGreaterThan(Container(291).NumItems,2)">Conditional</animation>
						<left>295</left>
						<top>315</top>
						<align>right</align>
						<width>1280</width>
						<height>220</height>
						<itemgap>0</itemgap>
						<include>openclosemedium</include>
						<orientation>horizontal</orientation>
						<control type="list" id="291">
							<visible>!IsEmpty(Container(280).ListItem().Label)+Control.IsVisible(280)</visible>
							<width>486</width>
							<height>220</height>
							<onleft>291</onleft>
							<onright>291</onright>
							<onup>noop</onup>
							<ondown>action(FirstPage)</ondown>
							<ondown>SetFocus(9000)</ondown>
							<viewtype label="535">list</viewtype>
							<pagecontrol>-</pagecontrol>
							<scrolltime>200</scrolltime>
							<orientation>Horizontal</orientation>
								<include>SkinWidget_Listlayout_Radio</include>
								<content target="audio">$VAR[SkinWidgets_Content_Radio_de]</content>
						</control>
					</control>
					<include>HomepageSkinWidgetInfoPanel_Radio</include>
					<control type="group">
						<left>1252</left>
						<top>315</top>
						<width>40</width>
						<height>158</height>
						<include>openclosemedium</include>
						<visible>!Container(9000).HasFocus(8)</visible>
						<visible>
						!Player.HasMedia
						|Control.HasFocus(291)
						|[Player.HasMedia+!IntegerGreaterThan(Container(291).NumItems,2)]</visible>
						<visible>Control.IsVisible(291)</visible>
						<control type="group">
							<visible>!Skin.HasSetting(SkinWidget_Cases)</visible>
							<control type="image">
								<description>background</description>
								<left>0</left>
								<top>1</top>
								<width>40</width>
								<height>158</height>
								<texture background="true">SideFade.png</texture>
							</control>
							<control type="image">
								<description>background</description>
								<left>0</left>
								<top>0</top>
								<width>50</width>
								<height>160</height>
								<colordiffuse>fanartdiffuse</colordiffuse>
								<texture border="15" flipx="true">buttons\ButtonNFhalf.png</texture>
							</control>
						</control>
						<control type="group">
							<visible>Skin.HasSetting(SkinWidget_Cases)</visible>
							<control type="image">
								<description>background</description>
								<left>0</left>
								<top>1</top>
								<width>40</width>
								<height>158</height>
								<colordiffuse>black</colordiffuse>
								<texture background="true">SideFadeWhite_round.png</texture>
							</control>
							<control type="image">
								<description>background</description>
								<left>0</left>
								<top>0</top>
								<width>50</width>
								<height>160</height>
								<colordiffuse>fanartdiffuse</colordiffuse>
								<texture border="15" flipx="true">buttons\ButtonNFhalf_round.png</texture>
							</control>
						</control>
					</control>
				</control>
			</control>
		</control>
	</include>
	<include name="HomepageSkinWidgetInfoPanel_Radio">
		<control type="group">
			<animation effect="slide" start="0,0" end="323,0" time="100" condition="Control.IsVisible(291)+StringCompare(Container(291).NumItems,1)">Conditional</animation>
			<animation effect="slide" start="0,0" end="160,0" time="100" condition="Control.IsVisible(291)+StringCompare(Container(291).NumItems,2)">Conditional</animation>
			<left>400</left>
			<top>315</top>
			<align>right</align>
			<width>1280</width>
			<height>220</height>
			<include>openclosemedium</include>
			<visible>!Container(9000).HasFocus(8)</visible>
			<visible>
			!Player.HasMedia
			|Control.HasFocus(291)
			|[Player.HasMedia+!IntegerGreaterThan(Container(291).NumItems,2)]</visible>
			<visible>Control.IsVisible(291)</visible>
			<control type="group"> <!-- SideFade InfoPanel -->
				<control type="group">
					<visible>!Skin.HasSetting(SkinWidget_Cases)</visible>
					<control type="image">
						<description>background</description>
						<left>-138</left>
						<top>1</top>
						<width>500</width>
						<height>158</height>
						<colordiffuse>black</colordiffuse>
						<texture background="true" flipx="true">SideFadeWhite.png</texture>
					</control>
					<control type="image">
						<description>background</description>
						<left>-111</left>
						<top>0</top>
						<width>473</width>
						<height>160</height>
						<texture border="15">buttons\ButtonNFhalf.png</texture>
					</control>
				</control>
				<control type="group">
					<visible>Skin.HasSetting(SkinWidget_Cases)</visible>
					<control type="image">
						<description>background</description>
						<left>0</left>
						<top>1</top>
						<width>362</width>
						<height>159</height>
						<colordiffuse>black</colordiffuse>
						<texture background="true" border="4">SideFadeWhite_round.png</texture>
					</control>
					<control type="image">
						<description>background</description>
						<left>112</left>
						<top>0</top>
						<width>250</width>
						<height>160</height>
						<texture border="15">buttons\ButtonNFhalf_round.png</texture>
					</control>
				</control>
			</control>
			<control type="grouplist"> <!-- Data for id 300 -->
				<visible>Control.HasFocus(291)</visible>
				<left>0</left>
				<top>8</top>
				<width>350</width>
				<height>158</height>
				<itemgap>0</itemgap>
				<orientation>vertical</orientation>
				<control type="label">
					<width>350</width>
					<height>20</height>
					<font>font12</font>
					<textcolor>selected</textcolor>
					<align>right</align>
					<aligny>center</aligny>
					<label>$VAR[SkinWidgets_Label]</label>
					<scroll>true</scroll>
				</control>
				<control type="label">
					<width>350</width>
					<height>20</height>
					<font>ubuntu-r16b</font>
					<textcolor>grey1</textcolor>
					<align>right</align>
					<aligny>center</aligny>
					<label>$INFO[Container(291).ListItem().FileName,Station: ,]</label>
					<scroll>true</scroll>
					<visible>SubString(Container(291).ListItem().Path,plugin://plugin.audio.radio_de/)</visible>
				</control>
				<control type="label">
					<width>350</width>
					<height>45</height>
					<font>impacted21</font>
					<align>right</align>
					<aligny>center</aligny>
					<label>$INFO[Container(291).ListItem().Label]</label>
				</control>
				<control type="label">
					<width>350</width>
					<height>20</height>
					<font>font12</font>
					<align>right</align>
					<label>$INFO[Container(291).ListItem().Album]</label>
					<visible>!IsEmpty(Container(291).ListItem().Album)</visible>
				</control>
				<control type="label">
					<width>350</width>
					<height>20</height>
					<font>font12</font>
					<align>right</align>
					<label>$INFO[Container(291).ListItem().Comment]</label>
					<visible>!IsEmpty(Container(291).ListItem().Comment)</visible>
					<visible>Skin.HasSetting(SkinWidgets_UserPlaylist_Radio)</visible>
				</control>
				<control type="label">
					<width>350</width>
					<height>20</height>
					<font>font12</font>
					<align>right</align>
					<textcolor>grey</textcolor>
					<label>$INFO[Container(291).ListItem().Genre]</label>
					<!-- <visible>!IsEmpty(Container(291).ListItem().Genre)</visible> -->
				</control>
				<!-- <control type="label">
					<width>350</width>
					<height>20</height>
					<font>font12</font>
					<align>right</align>
					<textcolor>grey</textcolor>
					<label>$INFO[Container(291).CurrentItem,,/]$INFO[Container(291).NumItems]</label>
				</control> -->
			</control>
		</control>
	</include>
	<include name="SkinWidget_Listlayout_Radio">
		<itemlayout height="160" width="162">
			<control type="group">
				<visible>!Skin.HasSetting(SkinWidget_Cases)</visible>
				<control type="image">
					<left>5</left>
					<top>5</top>
					<width>150</width>
					<height>150</height>
					<aspectratio>stretch</aspectratio>
					<colordiffuse>$VAR[skinwidgetdim]</colordiffuse>
					<texture background="true" fallback="FallbackRadio.png">$INFO[ListItem.Icon]</texture>
				</control>
				<control type="image">
					<left>5</left>
					<top>110</top>
					<width>150</width>
					<height>50</height>
					<texture background="true">Shadow.png</texture>
					<visible>IsEmpty(ListItem.Icon)+!Control.HasFocus(291)</visible>
				</control>
				<control type="label">
					<left>7</left>
					<top>124</top>
					<width>145</width>
					<height>40</height>
					<font>ubuntu-r13b</font>
					<align>center</align>
					<label>$INFO[ListItem.Label]</label>
					<visible>IsEmpty(ListItem.Icon)</visible>
				</control>
				<control type="image">
					<description>background</description>
					<left>0</left>
					<top>0</top>
					<width>160</width>
					<height>160</height>
					<aspectratio>stretch</aspectratio>
					<texture background="true" border="1">masks/Default_sharp.png</texture>
				</control>
			</control>
			<control type="group">
				<visible>Skin.HasSetting(SkinWidget_Cases)</visible>
				<control type="image">
					<left>17</left>
					<top>2</top>
					<width>141</width>
					<height>157</height>
					<aspectratio>stretch</aspectratio>
					<colordiffuse>$VAR[skinwidgetdim]</colordiffuse>
					<texture background="true" fallback="FallbackRadio.png">$INFO[ListItem.Icon]</texture>
				</control>
				<control type="image">
					<left>17</left>
					<top>108</top>
					<width>141</width>
					<height>50</height>
					<aspectratio>stretch</aspectratio>
					<texture background="true" diffuse="masks/mask.png">Shadow.png</texture>
					<visible>IsEmpty(ListItem.Icon)</visible>
				</control>
				<control type="label">
					<left>17</left>
					<top>124</top>
					<width>141</width>
					<height>40</height>
					<font>ubuntu-r13b</font>
					<align>center</align>
					<label>$INFO[ListItem.Label]</label>
					<visible>IsEmpty(ListItem.Icon)</visible>
				</control>
				<control type="image">
					<description>background</description>
					<left>0</left>
					<top>0</top>
					<width>160</width>
					<height>160</height>
					<aspectratio>stretch</aspectratio>
					<texture background="true">clear-cases/fallback.png</texture>
				</control>
			</control>
		</itemlayout>
		<focusedlayout height="160" width="162" >
			<control type="group">
				<include>focuseffect</include>
				<control type="group">
					<visible>!Skin.HasSetting(SkinWidget_Cases)</visible>
					<control type="image">
						<left>0</left>
						<top>0</top>
						<width>160</width>
						<height>160</height>
						<aspectratio>stretch</aspectratio>
						<colordiffuse>reddiffuse</colordiffuse>
						<texture background="true">White.png</texture>
						<visible>Control.HasFocus(291)</visible>
					</control>
					<control type="group">
						<control type="image">
							<left>5</left>
							<top>5</top>
							<width>150</width>
							<height>150</height>
							<aspectratio>stretch</aspectratio>
							<colordiffuse>$VAR[skinwidgetdim]</colordiffuse>
							<texture background="true" fallback="FallbackRadio.png">$INFO[ListItem.Icon]</texture>
							<visible>!Control.HasFocus(291)</visible>
						</control>
						<control type="image">
							<left>5</left>
							<top>5</top>
							<width>150</width>
							<height>150</height>
							<aspectratio>stretch</aspectratio>
							<texture background="true" fallback="FallbackRadio.png">$INFO[ListItem.Icon]</texture>
							<visible>Control.HasFocus(291)</visible>
						</control>
					</control>
					<control type="image">
						<left>5</left>
						<top>110</top>
						<width>150</width>
						<height>50</height>
						<aspectratio>stretch</aspectratio>
						<texture background="true">Shadow.png</texture>
						<visible>IsEmpty(ListItem.Icon)</visible>
					</control>
					<control type="label">
						<left>7</left>
						<top>124</top>
						<width>145</width>
						<height>40</height>
						<font>ubuntu-r13b</font>
						<align>center</align>
						<label>$INFO[ListItem.Label]</label>
						<visible>IsEmpty(ListItem.Icon)</visible>
					</control>
					<control type="image">
						<description>background</description>
						<left>0</left>
						<top>0</top>
						<width>160</width>
						<height>160</height>
						<aspectratio>stretch</aspectratio>
						<texture background="true" border="1">masks/Default_sharp.png</texture>
					</control>
				</control>
				<control type="group">
					<visible>Skin.HasSetting(SkinWidget_Cases)</visible>
					<control type="group">
						<control type="image">
							<left>17</left>
							<top>2</top>
							<width>141</width>
							<height>157</height>
							<aspectratio>stretch</aspectratio>
							<colordiffuse>$VAR[skinwidgetdim]</colordiffuse>
							<texture background="true" fallback="FallbackRadio.png">$INFO[ListItem.Icon]</texture>
							<visible>!Control.HasFocus(291)</visible>
						</control>
						<control type="image">
							<left>17</left>
							<top>2</top>
							<width>141</width>
							<height>157</height>
							<aspectratio>stretch</aspectratio>
							<texture background="true" fallback="FallbackRadio.png">$INFO[ListItem.Icon]</texture>
							<visible>Control.HasFocus(291)</visible>
						</control>
					</control>
					<control type="image">
						<left>17</left>
						<top>108</top>
						<width>141</width>
						<height>50</height>
						<aspectratio>stretch</aspectratio>
						<texture background="true" diffuse="masks/mask.png">Shadow.png</texture>
						<visible>IsEmpty(ListItem.Icon)</visible>
					</control>
					<control type="label">
						<left>17</left>
						<top>124</top>
						<width>141</width>
						<height>40</height>
						<font>ubuntu-r13b</font>
						<align>center</align>
						<label>$INFO[ListItem.Label]</label>
						<visible>IsEmpty(ListItem.Icon)</visible>
					</control>
					<control type="image">
						<description>background</description>
						<left>0</left>
						<top>0</top>
						<width>160</width>
						<height>160</height>
						<aspectratio>stretch</aspectratio>
						<texture background="true">clear-cases/fallback.png</texture>
						<visible>!Control.HasFocus(291)</visible>
					</control>
					<control type="image">
						<description>background</description>
						<left>0</left>
						<top>0</top>
						<width>160</width>
						<height>160</height>
						<aspectratio>stretch</aspectratio>
						<texture background="true" fallback="clear-cases/fallback_blue.png">$VAR[clearcase]</texture>
						<visible>Control.HasFocus(291)</visible>
					</control>
				</control>
			</control>
		</focusedlayout>
	</include>
</includes>