<?xml version="1.0" encoding="UTF-8"?>
<includes>
	<include name="TVHighlightsSplitmode">
		<control type="group" id="290">
			<visible>!Window.IsVisible(favourites)</visible>
			<include>openclosefanart</include>
			<include>openclosevisible</include>
			<animation effect="slide" start="0,0" end="240,0" time="0" condition="Skin.HasSetting(HomeMenuVertical)">Conditional</animation>
			<visible>Window.IsVisible(home)+Skin.HasSetting(SkinWidget_LiveTVHighlights)+SubString(Window.Property(TVHighlightsToday.Mode),splitmode)+Container(9000).HasFocus(12)</visible>
			<!-- <visible>Window.IsVisible(home)+Skin.HasSetting(SkinWidget_LiveTVHighlights)+Container(9000).HasFocus(12)</visible> -->
			<control type="panel" id="12020">
				<include>openclosevisible</include>
				<visible></visible>
				<left>40</left>
				<top>70</top>
				<width>1200</width>
				<height>360</height>
				<onleft>12020</onleft>
				<onright>12020</onright>
				<onup>noop</onup>
				<ondown>9000</ondown>
				<ondown>Action(FirstPage)</ondown>
				<viewtype label="panel">panel</viewtype>
				<pagecontrol>-</pagecontrol>
				<scrolltime tween="circle" easing="out">800</scrolltime>
				<orientation>horizontal</orientation>
				<itemlayout height="120" width="200">
					<control type="image">
						<description>background</description>
						<left>5</left>
						<top>5</top>
						<width>185</width>
						<height>105</height>
						<aspectratio>scale</aspectratio>
						<colordiffuse>grey</colordiffuse>
						<texture>BlackBack.png</texture>
						<visible>!IsEmpty(ListItem.Icon)</visible>
					</control>
					<control type="image">
						<description>background</description>
						<left>5</left>
						<top>5</top>
						<width>185</width>
						<height>105</height>
						<aspectratio>scale</aspectratio>
						<colordiffuse>$VAR[skinwidgetdim]</colordiffuse>
						<texture>$INFO[ListItem.Icon]</texture>
						<visible>!IsEmpty(ListItem.Icon)</visible>
					</control>
					<control type="image">
						<description>background</description>
						<left>8</left>
						<top>8</top>
						<width>30</width>
						<height>30</height>
						<aspectratio align="left" aligny="top">keep</aspectratio>
						<colordiffuse>$VAR[skinwidgetdim]</colordiffuse>
						<texture>$INFO[ListItem.ActualIcon]</texture>
						<visible>!IsEmpty(ListItem.ActualIcon)</visible>
					</control>
					<control type="image">
						<description>background</description>
						<left>0</left>
						<top>0</top>
						<width>195</width>
						<height>115</height>
						<colordiffuse>menudiffuse</colordiffuse>
						<texture border="1">masks/Default_sharp.png</texture>
					</control>
				</itemlayout>
				<focusedlayout height="120" width="200">
					<control type="image">
						<description>background</description>
						<left>5</left>
						<top>5</top>
						<width>185</width>
						<height>105</height>
						<texture>BlackBack.png</texture>
						<visible>IsEmpty(ListItem.Icon)</visible>
					</control>
					<control type="image">
						<description>background</description>
						<left>0</left>
						<top>0</top>
						<width>195</width>
						<height>115</height>
						<texture border="2">buttons/ButtonNF.png</texture>
					</control>
					<control type="image">
						<description>background</description>
						<left>5</left>
						<top>5</top>
						<width>185</width>
						<height>105</height>
						<aspectratio>scale</aspectratio>
						<texture>$INFO[ListItem.Icon]</texture>
						<visible>!IsEmpty(ListItem.Icon)</visible>
					</control>
					<control type="image">
						<description>background</description>
						<left>5</left>
						<top>5</top>
						<width>185</width>
						<height>105</height>
						<texture>BlackBack.png</texture>
						<visible>!IsEmpty(ListItem.Icon)</visible>
					</control>
					<control type="image">
						<description>background</description>
						<left>8</left>
						<top>8</top>
						<width>30</width>
						<height>30</height>
						<aspectratio align="left" aligny="top">keep</aspectratio>
						<texture>$INFO[ListItem.ActualIcon]</texture>
						<visible>!IsEmpty(ListItem.ActualIcon)</visible>
					</control>
					<control type="label">
						<description>background</description>
						<left>5</left>
						<top>44</top>
						<width>185</width>
						<height>25</height>
						<align>center</align>
						<font>ubuntu-r13b</font>
						<label>$INFO[ListItem.Label]</label>
						<textcolor>description</textcolor>
						<shadowcolor>black</shadowcolor>
						<visible>!IsEmpty(ListItem.Label)</visible>
					</control>
					<control type="label">
						<description>background</description>
						<left>5</left>
						<top>65</top>
						<width>185</width>
						<height>25</height>
						<align>center</align>
						<font>ubuntu-r13b</font>
						<label>$INFO[ListItem.Label2,, | ]$INFO[ListItem.Property(date)]</label>
						<textcolor>description</textcolor>
						<shadowcolor>black</shadowcolor>
					</control>
					<control type="label">
						<description>background</description>
						<left>5</left>
						<top>86</top>
						<width>185</width>
						<height>25</height>
						<align>center</align>
						<font>ubuntu-r13b</font>
						<label>$INFO[ListItem.Property(channel)]</label>
						<textcolor>description</textcolor>
						<shadowcolor>black</shadowcolor>
					</control>
				</focusedlayout>
					<include>TVHighlightsContentSplitmode</include>
			</control>
			<control type="group">
				<visible>Control.HasFocus(12020)+Container(12020).HasFocus(1)</visible>
				<control type="image">
					<description>background</description>
					<left>40</left>
					<top>430</top>
					<width>195</width>
					<height>40</height>
					<colordiffuse>menudiffuse</colordiffuse>
					<texture flipy="true">ShadowWhite.png</texture>
				</control>
				<control type="label">
					<description>background</description>
					<left>45</left>
					<top>430</top>
					<width>185</width>
					<height>25</height>
					<align>center</align>
					<font>ubuntu-r13b</font>
					<label>[UPPERCASE]$INFO[Container(12020).ListItem(0).Property(watchtype)][/UPPERCASE]</label>
					<textcolor>description</textcolor>
					<shadowcolor>black</shadowcolor>
				</control>
			</control>
			<control type="group">
				<visible>Control.HasFocus(12020)+Container(12020).HasFocus(2)</visible>
				<control type="image">
					<description>background</description>
					<left>240</left>
					<top>430</top>
					<width>195</width>
					<height>40</height>
					<colordiffuse>menudiffuse</colordiffuse>
					<texture flipy="true">ShadowWhite.png</texture>
				</control>
				<control type="label">
					<description>background</description>
					<left>245</left>
					<top>430</top>
					<width>185</width>
					<height>25</height>
					<align>center</align>
					<font>ubuntu-r13b</font>
					<label>[UPPERCASE]$INFO[Container(12020).ListItem(0).Property(watchtype)][/UPPERCASE]</label>
					<textcolor>description</textcolor>
					<shadowcolor>black</shadowcolor>
				</control>
			</control>
			<control type="group">
				<visible>Control.HasFocus(12020)+Container(12020).HasFocus(3)</visible>
				<control type="image">
					<description>background</description>
					<left>440</left>
					<top>430</top>
					<width>195</width>
					<height>40</height>
					<colordiffuse>menudiffuse</colordiffuse>
					<texture flipy="true">ShadowWhite.png</texture>
				</control>
				<control type="label">
					<description>background</description>
					<left>445</left>
					<top>430</top>
					<width>185</width>
					<height>25</height>
					<align>center</align>
					<font>ubuntu-r13b</font>
					<label>[UPPERCASE]$INFO[Container(12020).ListItem(0).Property(watchtype)][/UPPERCASE]</label>
					<textcolor>description</textcolor>
					<shadowcolor>black</shadowcolor>
				</control>
			</control>
			<control type="group">
				<visible>Control.HasFocus(12020)+Container(12020).HasFocus(4)</visible>
				<control type="image">
					<description>background</description>
					<left>640</left>
					<top>430</top>
					<width>195</width>
					<height>40</height>
					<colordiffuse>menudiffuse</colordiffuse>
					<texture flipy="true">ShadowWhite.png</texture>
				</control>
				<control type="label">
					<description>background</description>
					<left>645</left>
					<top>430</top>
					<width>185</width>
					<height>25</height>
					<align>center</align>
					<font>ubuntu-r13b</font>
					<label>[UPPERCASE]$INFO[Container(12020).ListItem(0).Property(watchtype)][/UPPERCASE]</label>
					<textcolor>description</textcolor>
					<shadowcolor>black</shadowcolor>
				</control>
			</control>
			<control type="group">
				<visible>Control.HasFocus(12020)+Container(12020).HasFocus(5)</visible>
				<control type="image">
					<description>background</description>
					<left>840</left>
					<top>430</top>
					<width>195</width>
					<height>40</height>
					<colordiffuse>menudiffuse</colordiffuse>
					<texture flipy="true">ShadowWhite.png</texture>
				</control>
				<control type="label">
					<description>background</description>
					<left>845</left>
					<top>430</top>
					<width>185</width>
					<height>25</height>
					<align>center</align>
					<font>ubuntu-r13b</font>
					<label>[UPPERCASE]$INFO[Container(12020).ListItem(0).Property(watchtype)][/UPPERCASE]</label>
					<textcolor>description</textcolor>
					<shadowcolor>black</shadowcolor>
				</control>
			</control>
			<control type="group">
				<visible>Control.HasFocus(12020)+Container(12020).HasFocus(6)</visible>
				<control type="image">
					<description>background</description>
					<left>1040</left>
					<top>430</top>
					<width>195</width>
					<height>40</height>
					<colordiffuse>menudiffuse</colordiffuse>
					<texture flipy="true">ShadowWhite.png</texture>
				</control>
				<control type="label">
					<description>background</description>
					<left>1045</left>
					<top>430</top>
					<width>185</width>
					<height>25</height>
					<align>center</align>
					<font>ubuntu-r13b</font>
					<label>[UPPERCASE]$INFO[Container(12020).ListItem(0).Property(watchtype)][/UPPERCASE]</label>
					<textcolor>description</textcolor>
					<shadowcolor>black</shadowcolor>
				</control>
			</control>
		</control>
	</include>
</includes>