<?xml version="1.0" encoding="UTF-8"?>
<includes>	
	<include name="HomepageSkinWidget"> <!-- Random, Recently Added, Recommended SkinWidget @ Homepage -->
		<control type="group">
			<include>opencloseslideleft</include>
			<visible>!Control.HasFocus(20)+!Window.IsVisible(favourites)+!Container(9000).HasFocus(8)</visible>
			<control type="group" id="9003">
				<onup>20</onup>
				<ondown>9000</ondown>
				<control type="group"> <!-- videos tvshows musicvideos music customs -->
					<include>openclosemedium</include>
					<include>HomepageSkinWidgetInfoPanel_fanart</include>
					<include>SkinWidgets_VisibleRules_all</include>
					<control type="list" id="298"> <!-- fakelist for 299 -->
						<include>SkinWidgets_VisibleRules_inProgress</include>
						<left>0</left>
						<top>0</top>
						<width>0</width>
						<height>0</height>
						<onleft>noop</onleft>
						<onright>noop</onright>
						<onup>noop</onup>
						<ondown>noop</ondown>
						<pagecontrol>-</pagecontrol>
						<scrolltime>-</scrolltime>
						<orientation>Horizontal</orientation>
						<itemlayout>
						</itemlayout>
						<focusedlayout>
						</focusedlayout>
							<content target="$VAR[SkinWidget_Target]">$VAR[SkinWidgets_Content_Recommended]</content>
					</control>
					<control type="list" id="297"> <!-- fakelist for 300 -->
						<include>SkinWidgets_VisibleRules</include>
						<left>0</left>
						<top>0</top>
						<width>0</width>
						<height>0</height>
						<onleft>noop</onleft>
						<onright>noop</onright>
						<onup>noop</onup>
						<ondown>noop</ondown>
						<pagecontrol>-</pagecontrol>
						<scrolltime>-</scrolltime>
						<orientation>Horizontal</orientation>
						<itemlayout>
						</itemlayout>
						<focusedlayout>
						</focusedlayout>
							<content target="$VAR[SkinWidget_Target]">$VAR[WidgetSwitch_Container]</content>
					</control>
					<control type="grouplist" id="290"> <!-- list 299 / list 300 -->
						<visible>!Control.HasFocus(303)</visible>
						<animation effect="slide" start="0" end="120" time="200" condition="![Control.HasFocus(299)|Control.HasFocus(300)|Control.HasFocus(303)]+IntegerGreaterThan(Container(300).NumItems,3)+Control.IsVisible(300)+Control.IsVisible(299)">Conditional</animation>
						<animation effect="slide" start="0,0" end="-360,0" time="100" condition="![Container(9000).HasFocus(2)|Container(9000).HasFocus(8215)|[Container(9000).HasFocus(12)+Skin.HasSetting(SkinWidgets_Recordings)]]+!Control.IsVisible(300)+Control.IsVisible(299)">Conditional</animation>
						<animation effect="slide" start="0,0" end="-120,0" time="100" condition="![Container(9000).HasFocus(2)|Container(9000).HasFocus(8215)|[Container(9000).HasFocus(12)+Skin.HasSetting(SkinWidgets_Recordings)]]+Control.IsVisible(300)+StringCompare(Container(300).NumItems,2)">Conditional</animation>
						<animation effect="slide" start="0,0" end="-240,0" time="100" condition="![Container(9000).HasFocus(2)|Container(9000).HasFocus(8215)|[Container(9000).HasFocus(12)+Skin.HasSetting(SkinWidgets_Recordings)]]+Control.IsVisible(300)+StringCompare(Container(300).NumItems,3)">Conditional</animation>
						<animation effect="slide" start="0,0" end="-360,0" time="100" condition="![Container(9000).HasFocus(2)|Container(9000).HasFocus(8215)|[Container(9000).HasFocus(12)+Skin.HasSetting(SkinWidgets_Recordings)]]+Control.IsVisible(300)+IntegerGreaterThan(Container(300).NumItems,3)">Conditional</animation>
						<animation effect="slide" start="0,0" end="-40,0" time="100" condition="[Container(9000).HasFocus(2)|Container(9000).HasFocus(8215)|[Container(9000).HasFocus(12)+Skin.HasSetting(SkinWidgets_Recordings)]]+Control.IsVisible(300)+StringCompare(Container(300).NumItems,1)">Conditional</animation>
						<animation effect="slide" start="0,0" end="-200,0" time="100" condition="[Container(9000).HasFocus(2)|Container(9000).HasFocus(8215)|[Container(9000).HasFocus(12)+Skin.HasSetting(SkinWidgets_Recordings)]]+Control.IsVisible(300)+StringCompare(Container(300).NumItems,2)">Conditional</animation>
						<animation effect="slide" start="0,0" end="-360,0" time="100" condition="[Container(9000).HasFocus(2)|Container(9000).HasFocus(8215)|[Container(9000).HasFocus(12)+Skin.HasSetting(SkinWidgets_Recordings)]]+Control.IsVisible(300)+IntegerGreaterThan(Container(300).NumItems,2)">Conditional</animation>
						<left>328</left>
						<top>315</top>
						<align>right</align>
						<width>1280</width>
						<height>220</height>
						<itemgap>0</itemgap>
						<orientation>horizontal</orientation>
						<include>HomepageSkinWidgetInfoPanel</include>
						<control type="list" id="299">
							<visible>!IsEmpty(Container(298).ListItem().Label)+Control.IsVisible(298)</visible>
							<left>0</left>
							<top>0</top>
							<width>120</width>
							<height>220</height>
							<onleft>noop</onleft>
							<onright>300</onright>
							<onup>SetFocus(303)</onup>
							<ondown>SetFocus(9000)</ondown>
							<viewtype label="535">list</viewtype>
							<pagecontrol>-</pagecontrol>
							<scrolltime>200</scrolltime>
							<orientation>Horizontal</orientation>
								<include>SkinWidget_Listlayout_inProgress</include>
								<content target="$VAR[SkinWidget_Target]" limit="1">$VAR[SkinWidgets_Content_Recommended]</content>
						</control>
						<control type="list" id="300">
							<visible>!IsEmpty(Container(297).ListItem().Label)+Control.IsVisible(297)</visible>
							<width max="480">auto</width>
							<height>220</height>
							<onleft>299</onleft>
							<onright>SetFocus(299)</onright>
							<onup>SetFocus(303)</onup>
							<ondown>action(FirstPage)</ondown>
							<ondown>SetFocus(9000)</ondown>
							<viewtype label="535">list</viewtype>
							<pagecontrol>-</pagecontrol>
							<scrolltime>200</scrolltime>
							<orientation>Horizontal</orientation>
								<include>SkinWidget_Listlayout</include>
								<content target="$VAR[SkinWidget_Target]" limit="10">$VAR[WidgetSwitch_Container]</content>
						</control>
					</control>
					<control type="image">
						<include>openclosevisible</include>
						<left>170r</left>
						<top>315</top>
						<width>180</width>
						<height>160</height>
						<texture background="true" flipx="true">SideFade.png</texture>
						<visible>![Control.HasFocus(299)|Control.HasFocus(300)]</visible>
						<visible>IntegerGreaterThan(Container(300).NumItems,3)+Control.IsVisible(299)+Control.IsVisible(300)</visible>
						<visible>!Control.HasFocus(303)</visible>
					</control>
					<include>HomepageSkinWidgetInfoPanel_Behindimage</include>
					<control type="grouplist"> <!-- list 303 -->
						<include>SkinWidgets_VisibleRules_inProgress</include>
						<left>328</left>
						<top>315</top>
						<width>1280</width>
						<height>220</height>
						<align>right</align>
						<itemgap>0</itemgap>
						<orientation>horizontal</orientation>
						<animation effect="slide" start="0,0" end="1600,0" time="600" condition="!Control.HasFocus(303)">Conditional</animation>
						<animation effect="slide" start="0,0" end="-360,0" time="0" condition="IntegerGreaterThan(Container(303).NumItems,3)">Conditional</animation>
						<animation effect="slide" start="0,0" end="-240,0" time="0" condition="StringCompare(Container(303).NumItems,3)">Conditional</animation>
						<animation effect="slide" start="0,0" end="-120,0" time="0" condition="StringCompare(Container(303).NumItems,2)">Conditional</animation>
						<include>HomepageSkinWidgetInfoPanel</include>
						<control type="list" id="303">
							<width max="480">auto</width>
							<height>220</height>
							<onleft>303</onleft>
							<onright>303</onright>
							<ondown>Action(FirstPage)</ondown>
							<ondown>299</ondown>
							<onup>noop</onup>
							<viewtype label="535">list</viewtype>
							<pagecontrol>-</pagecontrol>
							<scrolltime>200</scrolltime>
							<visible>!IsEmpty(Container(298).ListItem().Label)</visible>
							<orientation>Horizontal</orientation>
								<include>SkinWidget_Listlayout_inProgress</include>
								<content target="$VAR[SkinWidget_Target]">$VAR[SkinWidgets_Content_Recommended_10]</content>
						</control>
					</control>
				</control>
				<control type="group"> <!-- Systeminfos -->
					<visible>Skin.HasSetting(SkinWidget_Systeminfo)+Container(9000).HasFocus(13)</visible>
					<include>opencloseslideleft</include>
					<control type="group">
						<include>HomepageSkinWidgetBackground</include>
						<control type="grouplist">
							<left>765</left>
							<top>305</top>
							<width>480</width>
							<height>175</height>
							<itemgap>0</itemgap>
							<align>center</align>
							<control type="label">
								<description>Screen</description>
								<width>480</width>
								<height>22</height>
								<align>right</align>
								<textcolor>grey</textcolor>
								<font>font12</font>
								<label>$INFO[System.ScreenMode]</label>
							</control>
							<control type="label">
								<description>Network</description>
								<width>480</width>
								<height>22</height>
								<align>right</align>
								<textcolor>grey</textcolor>
								<font>font12</font>
								<label>$INFO[Network.IPAddress,IP: ,]$INFO[Network.MacAddress, | MAC: ,]</label>
								<visible>!IsEmpty(Network.IPAddress)</visible>
							</control>
							<control type="label">
								<description>FPS</description>
								<width>480</width>
								<height>22</height>
								<align>right</align>
								<textcolor>grey</textcolor>
								<font>font12</font>
								<label>FPS: $INFO[System.FPS]</label>
							</control>
							<control type="label">
								<description>CpuFrequency</description>
								<width>480</width>
								<height>22</height>
								<align>right</align>
								<textcolor>grey</textcolor>
								<font>font12</font>
								<label>$LOCALIZE[13284] $INFO[System.CpuFrequency]</label>
							</control>
							<control type="label">
								<description>CPU Text</description>
								<width>480</width>
								<height>22</height>
								<align>right</align>
								<textcolor>grey</textcolor>
								<font>font12</font>
								<label>$LOCALIZE[13271] $INFO[System.CPUUsage]</label>
							</control>
							<control type="progress">
								<description>CPU BAR</description>
								<width>490</width>
								<height>10</height>
								<info>System.CPUUsage</info>
								<animation effect="rotatey" end="180" center="auto" condition="true">Conditional</animation>
							</control>
							<control type="label">
								<description>Memory Text</description>
								<width>480</width>
								<height>22</height>
								<align>right</align>
								<textcolor>grey</textcolor>
								<font>font12</font>
								<label>$LOCALIZE[31309] $INFO[system.memory(used.percent)]</label>
							</control>
							<control type="progress">
								<description>Memory BAR</description>
								<width>490</width>
								<height>10</height>
								<info>system.memory(used)</info>
								<animation effect="rotatey" end="180" center="auto" condition="true">Conditional</animation>
							</control>
						</control>
					</control>
				</control>
				<control type="group"> <!-- Diashow -->
					<visible>Skin.HasSetting(SkinWidget_Diashow)+Container(9000).Hasfocus(3)</visible>
					<include>HomepageSkinWidgetBackground</include>
					<include>opencloseslideleft</include>
					<control type="multiimage">
						<description>Radio Diashow</description>
						<left>714</left>
						<top>306</top>
						<width>550</width>
						<height>173</height>
						<imagepath background="true" flipx="true" diffuse="SideFadeWhite.png">$INFO[Skin.String(widget_diashow_folder)]</imagepath>
						<info>Diashow</info>
						<timeperimage>5000</timeperimage>
						<fadetime>500</fadetime>
						<pauseatend>2000</pauseatend>
						<randomize>true</randomize>
						<loop>yes</loop>
						<aspectratio align="right" aligny="center">keep</aspectratio>
					</control>
				</control>
				<control type="group"> <!-- DVD Label -->
					<visible>Skin.HasSetting(SkinWidget_DVDLabel)+Container(9000).Hasfocus(7)+System.HasMediadvd</visible>
					<include>HomepageSkinWidgetBackground</include>
					<include>opencloseslideleft</include>
					<control type="image">
						<left>1140</left>
						<top>345</top>					
						<height>95</height>
						<width>95</width>
						<texture background="true">cdart/default.png</texture>
					</control>
					<control type="image">
						<left>1128</left>
						<top>313</top>					
						<height>160</height>
						<width>130</width>
						<aspectratio>keep</aspectratio>
						<texture flipx="true" background="true">clear-cases/fallback.png</texture>
					</control>
					<control type="label">
						<left>770</left>
						<top>405</top>					
						<height>50</height>
						<width>350</width>
						<label>$LOCALIZE[165]</label>
						<align>right</align>
						<textcolor>selected</textcolor>
					</control>
					<control type="label">
						<left>770</left>
						<top>430</top>					
						<height>50</height>
						<width>350</width>
						<label>$INFO[System.DVDLabel]</label>
						<align>right</align>
						<textcolor>white</textcolor>
					</control>
				</control>
			</control>
		</control>
	</include>
	<include name="HomepageSkinWidgetInfoPanel_Behindimage">
		<control type="group">
			<left>1247</left>
			<top>315</top>
			<width>40</width>
			<height>158</height>
			<visible>!Skin.HasSetting(HomeMenuVertical)|[Control.HasFocus(299)|Control.HasFocus(300)|Control.HasFocus(303)]</visible>
			<visible>!Container(9000).HasFocus(8)</visible>
			<visible>!Player.HasMedia
			|[Control.HasFocus(299)|Control.HasFocus(300)|Control.HasFocus(303)]
			|[Player.HasMedia+!Control.IsVisible(300)]
			|[!IntegerGreaterThan(Container(300).NumItems,1)+Control.IsVisible(299)+Control.IsVisible(300)]
			|[!IntegerGreaterThan(Container(300).NumItems,2)+!Control.IsVisible(299)+Control.IsVisible(300)]</visible>
			<visible>Control.IsVisible(299)|Control.IsVisible(300)|Control.IsVisible(303)</visible>
			<animation effect="slide" start="0" end="5" time="100" condition="Container(9000).HasFocus(2)|Container(9000).HasFocus(8215)|[Container(9000).HasFocus(12)+Skin.HasSetting(SkinWidgets_Recordings)]">Conditional</animation>
			<control type="group">
				<visible>!Skin.HasSetting(SkinWidget_Cases)</visible>
				<control type="image">
					<description>background</description>
					<left>0</left>
					<top>1</top>
					<width>40</width>
					<height>158</height>
					<texture background="true">SideFade.png</texture>
				</control>
				<control type="image">
					<description>background</description>
					<left>0</left>
					<top>0</top>
					<width>50</width>
					<height>160</height>
					<colordiffuse>fanartdiffuse</colordiffuse>
					<texture border="15" flipx="true">buttons\ButtonNFhalf.png</texture>
				</control>
			</control>
			<control type="group">
				<visible>Skin.HasSetting(SkinWidget_Cases)</visible>
				<control type="image">
					<description>background</description>
					<left>0</left>
					<top>1</top>
					<width>40</width>
					<height>158</height>
					<colordiffuse>black</colordiffuse>
					<texture background="true">SideFadeWhite_round.png</texture>
				</control>
				<control type="image">
					<description>background</description>
					<left>0</left>
					<top>0</top>
					<width>50</width>
					<height>160</height>
					<colordiffuse>fanartdiffuse</colordiffuse>
					<texture border="15" flipx="true">buttons\ButtonNFhalf_round.png</texture>
				</control>
			</control>
		</control>
	</include>
	<include name="HomepageSkinWidgetInfoPanel_fanart">
		<control type="group">
			<left>0</left>
			<top>315</top>
			<visible>!Skin.HasSetting(HomeMenuVertical)|[Control.HasFocus(299)|Control.HasFocus(300)|Control.HasFocus(303)]</visible>
			<visible>Skin.HasSetting(fanart)</visible>
			<visible>Control.IsVisible(299)|Control.IsVisible(300)|Container(303).HasFocus()</visible>
			<control type="group">
				<left>0</left>
				<control type="image" id="2000">
					<description>background</description>
					<include>openclosevisibledelay</include>
					<fadetime>FadeTime</fadetime>
					<left>-10</left>
					<top>1</top>
					<width>400</width>
					<height>158</height>
					<aspectratio align="left" aligny="center">scale</aspectratio>
					<texture background="true" diffuse="SideFadeWhiteHalf.png">$INFO[Container(299).ListItem().Art(fanart)]$INFO[Container(299).ListItem().Property(fanart)]</texture>
					<visible>Control.HasFocus(299)+Skin.HasSetting(fanart)</visible>
				</control>
				<control type="image" id="2000">
					<description>background</description>
					<include>openclosevisibledelay</include>
					<fadetime>FadeTime</fadetime>
					<left>-10</left>
					<top>1</top>
					<width>400</width>
					<height>158</height>
					<aspectratio align="left" aligny="top">scale</aspectratio>
					<texture background="true" diffuse="SideFadeWhiteHalf.png">$INFO[Container(300).ListItem().Art(fanart)]</texture>
					<visible>Control.HasFocus(300)+Skin.HasSetting(fanart)</visible>
				</control>
				<control type="image" id="2000">
					<description>background</description>
					<include>openclosevisibledelay</include>
					<fadetime>FadeTime</fadetime>
					<left>-10</left>
					<top>1</top>
					<width>400</width>
					<height>158</height>
					<aspectratio align="left" aligny="top">scale</aspectratio>
					<texture background="true" diffuse="SideFadeWhiteHalf.png">$INFO[Container(303).ListItem().Art(fanart)]</texture>
					<visible>Control.HasFocus(303)+Skin.HasSetting(fanart)</visible>
				</control>
				<control type="image">
					<description>background</description>
					<left>-130</left>
					<top>0</top>
					<width>750</width>
					<height>160</height>
					<texture border="15" flipx="true">buttons\ButtonNFhalf.png</texture>
					<visible>[Control.HasFocus(299)+!IsEmpty(Container(299).ListItem.Art(fanart))]
					|[Control.HasFocus(300)+!IsEmpty(Container(300).ListItem.Art(fanart))]
					|[Control.HasFocus(303)+!IsEmpty(Container(303).ListItem.Art(fanart))]
					</visible>
				</control>
			</control>
			<control type="group"> <!-- Clear Logo -->
				<left>30</left>
				<top>40</top>
				<control type="image">
					<include>openclosevisibledelay</include>
					<left>8</left>
					<top>51</top>
					<width>201</width>
					<height>107</height>
					<aspectratio align="left" aligny="bottom">keep</aspectratio>
					<fadetime>FadeTime</fadetime>
					<texture background="true">$INFO[Container(299).ListItem().Art(clearlogo)]$INFO[Container(299).ListItem().Art(tvshow.clearlogo)]</texture>
					<visible>[Container(9000).HasFocus(4)+Skin.HasSetting(video_art)]|[Container(9000).HasFocus(5)+Skin.HasSetting(tvshow_art)]</visible>
					<visible>Control.Hasfocus(299)</visible>
				</control>
				<control type="image">
					<include>openclosevisibledelay</include>
					<left>8</left>
					<top>51</top>
					<width>201</width>
					<height>107</height>
					<aspectratio align="left" aligny="bottom">keep</aspectratio>
					<fadetime>FadeTime</fadetime>
					<texture background="true">$INFO[Container(300).ListItem().Art(clearlogo)]$INFO[Container(300).ListItem().Art(tvshow.clearlogo)]</texture>
					<visible>[Container(9000).HasFocus(4)+Skin.HasSetting(video_art)]|[Container(9000).HasFocus(5)+Skin.HasSetting(tvshow_art)]</visible>
					<visible>Control.Hasfocus(300)+!Container(9000).HasFocus(2)</visible>
				</control>
				<control type="image">
					<include>openclosevisibledelay</include>
					<left>8</left>
					<top>51</top>
					<width>201</width>
					<height>107</height>
					<aspectratio align="left" aligny="bottom">keep</aspectratio>
					<fadetime>FadeTime</fadetime>
					<texture background="true">$INFO[Skin.String(Music_Folder_Path)]$INFO[Container(300).ListItem.Artist,,/logo.png]</texture>
					<visible>Skin.HasSetting(music_art)</visible>
					<visible>Control.Hasfocus(300)+Container(9000).HasFocus(2)</visible>
				</control>
				<control type="image">
					<include>openclosevisibledelay</include>
					<left>8</left>
					<top>51</top>
					<width>201</width>
					<height>107</height>
					<aspectratio align="left" aligny="bottom">keep</aspectratio>
					<fadetime>FadeTime</fadetime>
					<texture background="true">$INFO[Container(303).ListItem().Art(clearlogo)]</texture>
					<visible>Skin.HasSetting(video_art)</visible>
					<visible>Control.Hasfocus(303)</visible>
				</control>
			</control>
		</control>
	</include>
	<include name="HomepageSkinWidgetInfoPanel">
		<control type="group">
			<width>417</width>
			<height>160</height>
			<visible>!Skin.HasSetting(HomeMenuVertical)|[Control.HasFocus(299)|Control.HasFocus(300)|Control.HasFocus(303)]</visible>
			<visible>!Container(9000).HasFocus(8)</visible>
			<visible>!Player.HasMedia
			|[Control.HasFocus(299)|Control.HasFocus(300)|Control.HasFocus(303)]
			|[Player.HasMedia+!Control.IsVisible(300)]
			|[!IntegerGreaterThan(Container(300).NumItems,1)+Control.IsVisible(299)+Control.IsVisible(300)]
			|[!IntegerGreaterThan(Container(300).NumItems,2)+!Control.IsVisible(299)+Control.IsVisible(300)]</visible>
			<visible>Control.IsVisible(299)|Control.IsVisible(300)|Control.IsVisible(303)</visible>
			<control type="group"> <!-- SideFade InfoPanel -->
				<control type="group">
					<visible>!Skin.HasSetting(SkinWidget_Cases)</visible>
					<control type="image">
						<description>background</description>
						<left>-138</left>
						<top>1</top>
						<width>550</width>
						<height>158</height>
						<colordiffuse>black</colordiffuse>
						<texture background="true" flipx="true">SideFadeWhite.png</texture>
					</control>
					<control type="image">
						<description>background</description>
						<left>-111</left>
						<top>0</top>
						<width>523</width>
						<height>160</height>
						<texture border="15">buttons\ButtonNFhalf.png</texture>
					</control>
				</control>
				<control type="group">
					<visible>Skin.HasSetting(SkinWidget_Cases)</visible>
					<control type="image">
						<description>background</description>
						<left>0</left>
						<top>1</top>
						<width>412</width>
						<height>159</height>
						<colordiffuse>black</colordiffuse>
						<texture background="true" border="4">SideFadeWhite_round.png</texture>
					</control>
					<control type="image">
						<description>background</description>
						<left>112</left>
						<top>0</top>
						<width>300</width>
						<height>160</height>
						<texture border="15">buttons\ButtonNFhalf_round.png</texture>
					</control>
				</control>
			</control>
			<control type="grouplist"> <!-- Data for id 300 -->
				<visible>Control.HasFocus(300)</visible>
				<include>openclosemedium</include>
				<left>50</left>
				<top>8</top>
				<width>350</width>
				<height>158</height>
				<itemgap>0</itemgap>
				<orientation>vertical</orientation>
				<control type="label">
					<width>350</width>
					<height>20</height>
					<font>font12</font>
					<textcolor>selected</textcolor>
					<align>right</align>
					<aligny>center</aligny>
					<label>$VAR[SkinWidgets_Label]</label>
					<scroll>true</scroll>
				</control>
				<control type="label">
					<width>350</width>
					<height>45</height>
					<font>impacted21</font>
					<align>right</align>
					<aligny>center</aligny>
					<label>$INFO[Container(300).ListItem().Title]</label>
					<visible>![Container(9000).HasFocus(2)|Container(9000).HasFocus(12)|Container(9000).HasFocus(8215)]</visible>
				</control>
				<control type="label">
					<width>350</width>
					<height>45</height>
					<font>impacted21</font>
					<align>right</align>
					<aligny>center</aligny>
					<label>$INFO[Container(300).ListItem().Label]</label>
					<visible>Container(9000).HasFocus(12)</visible>
				</control>
				<control type="label">
					<width>350</width>
					<height>45</height>
					<font>impacted21</font>
					<align>right</align>
					<aligny>center</aligny>
					<label>$INFO[Container(300).ListItem().Artist]$INFO[Container(300).ListItem().Title, - ,]</label>
					<visible>Container(9000).HasFocus(2)</visible>
				</control>
				<control type="label">
					<width>350</width>
					<height>45</height>
					<font>impacted21</font>
					<align>right</align>
					<aligny>center</aligny>
					<label>$INFO[Container(300).ListItem().Label]</label>
					<visible>Container(9000).HasFocus(8215)</visible>
				</control>
				<control type="label">
					<width>350</width>
					<height>20</height>
					<font>font12</font>
					<align>right</align>
					<label>$INFO[Container(300).ListItem().Comment]</label>
					<visible>Container(9000).HasFocus(8215)+!IsEmpty(Container(300).ListItem().Comment)</visible>
				</control>
				<control type="label">
					<width>350</width>
					<height>20</height>
					<font>font12</font>
					<align>right</align>
					<label>$INFO[Container(300).ListItem().TVShowTitle]</label>
					<visible>Container(9000).HasFocus(5)+!IsEmpty(Container(300).ListItem().TVShowTitle)</visible>
				</control>
				<control type="label">
					<width>350</width>
					<height>20</height>
					<font>font12</font>
					<align>right</align>
					<label>$INFO[Container(300).ListItem().ChannelName]</label>
					<visible>Container(9000).HasFocus(12)+!IsEmpty(Container(300).ListItem().ChannelName)</visible>
				</control>
				<control type="label">
					<width>350</width>
					<height>20</height>
					<font>font12</font>
					<align>right</align>
					<textcolor>grey</textcolor>
					<label>$INFO[Container(300).ListItem().Season,$LOCALIZE[20373] , ]$INFO[Container(300).ListItem().Episode,$LOCALIZE[20359] ,]</label>
					<visible>!IsEmpty(Container(300).ListItem().Season)+!IsEmpty(Container(300).ListItem().Episode)</visible>
					<visible>!Container(9000).HasFocus(12)</visible>
				</control>
				<control type="label">
					<width>350</width>
					<height>20</height>
					<font>font12</font>
					<align>right</align>
					<textcolor>grey</textcolor>
					<label>$INFO[Container(300).ListItem().DateAdded,$LOCALIZE[570]: ,]</label>
					<visible>![Container(9000).HasFocus(5)|Container(9000).HasFocus(2)|Container(9000).HasFocus(12)|Container(9000).HasFocus(8215)]+!IsEmpty(Container(300).ListItem().DateAdded)</visible>
				</control>
				<control type="label">
					<width>350</width>
					<height>20</height>
					<font>font12</font>
					<align>right</align>
					<textcolor>grey</textcolor>
					<label>$INFO[Container(300).ListItem().Genre]</label>
					<visible>!Container(9000).HasFocus(5)+!IsEmpty(Container(300).ListItem().Genre)</visible>
				</control>
				<control type="label">
					<width>350</width>
					<height>20</height>
					<font>font12</font>
					<align>right</align>
					<textcolor>grey</textcolor>
					<label>$INFO[Container(300).ListItem().Year,,]$INFO[Container(300).ListItem().Duration, / , $LOCALIZE[12391]]$INFO[Container(300).ListItem().Rating, / $LOCALIZE[563]: ,]$INFO[Container(300).ListItem().Studio, / ,]</label>
					<visible>![Container(9000).HasFocus(2)|Container(9000).HasFocus(12)|Container(9000).HasFocus(8215)]</visible>
				</control>
				<control type="label">
					<width>350</width>
					<height>20</height>
					<font>font12</font>
					<align>right</align>
					<textcolor>grey</textcolor>
					<label>$INFO[Container(300).ListItem().Duration]</label>
					<visible>Container(9000).HasFocus(12)+!IsEmpty(Container(300).ListItem().Duration)</visible>
				</control>
				<control type="label">
					<width>350</width>
					<height>20</height>
					<font>font12</font>
					<align>right</align>
					<textcolor>grey</textcolor>
					<label>$INFO[Container(300).ListItem().Label2]</label>
					<visible>Container(9000).HasFocus(12)+!IsEmpty(Container(300).ListItem().Label2)</visible>
				</control>
				<control type="label">
					<width>350</width>
					<height>28</height>
					<font>font12</font>
					<align>right</align>
					<textcolor>grey</textcolor>
					<label>$INFO[Container(300).ListItem().Year,,]$INFO[Container(300).ListItem().Property(Album_Label), / ,]</label>
					<visible>Container(9000).HasFocus(2)</visible>
				</control>
				<control type="label">
					<width>350</width>
					<height>20</height>
					<font>font12</font>
					<align>right</align>
					<textcolor>grey</textcolor>
					<label>$INFO[Container(300).ListItem().AudioLanguage,,]$INFO[Container(300).ListItem().SubtitleLanguage, / sub:  , ]$INFO[Container(300).ListItem().VideoResolution, / ,]$INFO[Container(300).ListItem().VideoCodec, / ,]$INFO[Container(300).ListItem().VideoAspect, / ,]$INFO[Container(300).ListItem().AudioCodec, / ,]$INFO[Container(300).ListItem().AudioChannels, / , $LOCALIZE[19019]]</label>
					<visible>![Container(9000).HasFocus(2)|Container(9000).HasFocus(12)|Container(9000).HasFocus(8215)]</visible>
				</control>
				<control type="label">
					<width>350</width>
					<height>16</height>
					<font>font12</font>
					<align>right</align>
					<textcolor>grey</textcolor>
					<label>$INFO[Container(300).ListItem().Property(Album_Description)]</label>
					<visible>Container(9000).HasFocus(2)</visible>
					<scroll>true</scroll>
				</control>
			</control>
			<control type="grouplist"> <!-- Data for id 299-->
				<visible>Control.HasFocus(299)</visible>
				<include>SkinWidgets_VisibleRules_inProgress</include>
				<include>openclosemedium</include>
				<description>Control Area</description>
				<left>50</left>
				<top>8</top>
				<width>350</width>
				<height>158</height>
				<itemgap>0</itemgap>
				<orientation>vertical</orientation>
				<control type="label">
					<width>350</width>
					<height>20</height>
					<font>font12</font>
					<textcolor>selected</textcolor>
					<align>right</align>
					<aligny>center</aligny>
					<label>$LOCALIZE[575]</label>
					<visible>!Container(9000).HasFocus(5)</visible>
				</control>
				<control type="label">
					<width>350</width>
					<height>20</height>
					<font>font12</font>
					<textcolor>selected</textcolor>
					<align>right</align>
					<aligny>center</aligny>
					<label>$LOCALIZE[626]</label>
					<visible>Container(9000).HasFocus(5)</visible>
				</control>
				<control type="label">
					<width>350</width>
					<height>45</height>
					<font>impacted21</font>
					<align>right</align>
					<aligny>center</aligny>
					<label>$INFO[Container(299).ListItem().Title]</label>
					<visible>![Container(9000).HasFocus(2)|Container(9000).HasFocus(8215)]</visible>
				</control>
				<control type="label">
					<width>350</width>
					<height>45</height>
					<font>impacted21</font>
					<align>right</align>
					<aligny>center</aligny>
					<label>$INFO[Container(299).ListItem().Artist]$INFO[Container(299).ListItem().Title, - ,]</label>
					<visible>Container(9000).HasFocus(2)</visible>
				</control>
				<control type="label">
					<width>350</width>
					<height>45</height>
					<font>impacted21</font>
					<align>right</align>
					<aligny>center</aligny>
					<label>$INFO[Container(299).ListItem().Label]</label>
					<visible>Container(9000).HasFocus(8215)</visible>
				</control>
				<control type="label">
					<width>350</width>
					<height>20</height>
					<font>font12</font>
					<align>right</align>
					<label>$INFO[Container(299).ListItem().TVShowTitle]</label>
					<visible>Container(9000).HasFocus(5)</visible>
				</control>
				<control type="label">
					<width>350</width>
					<height>20</height>
					<font>font12</font>
					<align>right</align>
					<textcolor>grey</textcolor>
					<label>$INFO[Container(299).ListItem().Season,$LOCALIZE[20373] , ]$INFO[Container(299).ListItem().Episode,$LOCALIZE[20359] ,]</label>
					<visible>!IsEmpty(Container(299).ListItem().Season)+!IsEmpty(Container(299).ListItem().Episode)</visible>
				</control>
				<control type="label">
					<width>350</width>
					<height>20</height>
					<font>font12</font>
					<align>right</align>
					<textcolor>grey</textcolor>
					<label>$INFO[Container(299).ListItem().PercentPlayed,,% $LOCALIZE[576]]$INFO[Container(299).ListItem().LastPlayed, - $LOCALIZE[568] ,]</label>
					<visible>!Container(9000).HasFocus(5)+!Container(9000).HasFocus(2)</visible>
				</control>
				<control type="label">
					<width>350</width>
					<height>20</height>
					<font>font12</font>
					<align>right</align>
					<textcolor>grey</textcolor>
					<label>$INFO[Container(299).ListItem().Genre]</label>
					<visible>!Container(9000).HasFocus(5)</visible>
				</control>
				<control type="label">
					<width>350</width>
					<height>20</height>
					<font>font12</font>
					<align>right</align>
					<textcolor>grey</textcolor>
					<label>$INFO[Container(299).ListItem().Year,, / ]$INFO[Container(299).ListItem().Duration,, $LOCALIZE[12391]]$INFO[Container(299).ListItem().Rating, / $LOCALIZE[563]: ,]$INFO[Container(299).ListItem().Studio, / ,]</label>
					<visible>![Container(9000).HasFocus(2)|Container(9000).HasFocus(8215)]</visible>
				</control>
				<control type="label">
					<width>350</width>
					<height>28</height>
					<font>font12</font>
					<align>right</align>
					<textcolor>grey</textcolor>
					<label>$INFO[Container(299).ListItem().Year,,]$INFO[Container(299).ListItem().Property(Album_Label), / ,]</label>
					<visible>Container(9000).HasFocus(2)</visible>
				</control>
				<control type="label">
					<width>350</width>
					<height>20</height>
					<font>font12</font>
					<align>right</align>
					<textcolor>grey</textcolor>
					<label>$INFO[Container(299).ListItem().AudioLanguage,,]$INFO[Container(299).ListItem().SubtitleLanguage, / sub:  , ]$INFO[Container(299).ListItem().VideoResolution, / ,]$INFO[Container(299).ListItem().VideoCodec, / ,]$INFO[Container(299).ListItem().VideoAspect, / ,]$INFO[Container(299).ListItem().AudioCodec, / ,]$INFO[Container(299).ListItem().AudioChannels, / , $LOCALIZE[19019]]</label>
					<visible>![Container(9000).HasFocus(2)|Container(9000).HasFocus(8215)]</visible>
				</control>
				<control type="label">
					<width>350</width>
					<height>16</height>
					<font>font12</font>
					<align>right</align>
					<textcolor>grey</textcolor>
					<label>$INFO[Container(299).ListItem().Property(Album_Description)]</label>
					<visible>Container(9000).HasFocus(2)</visible>
					<scroll>true</scroll>
				</control>
			</control>
			<control type="grouplist"> <!-- Data for id 303-->
				<visible>Control.HasFocus(303)</visible>
				<include>openclosemedium</include>
				<description>Control Area</description>
				<left>50</left>
				<top>8</top>
				<width>350</width>
				<height>158</height>
				<itemgap>0</itemgap>
				<orientation>vertical</orientation>
				<control type="label">
					<width>350</width>
					<height>20</height>
					<font>font12</font>
					<textcolor>selected</textcolor>
					<align>right</align>
					<aligny>center</aligny>
					<label>$LOCALIZE[575]</label>
					<visible>!Container(9000).HasFocus(5)</visible>
				</control>
				<control type="label">
					<width>350</width>
					<height>20</height>
					<font>font12</font>
					<textcolor>selected</textcolor>
					<align>right</align>
					<aligny>center</aligny>
					<label>$LOCALIZE[626]</label>
					<visible>Container(9000).HasFocus(5)</visible>
				</control>
				<control type="label">
					<width>350</width>
					<height>45</height>
					<font>impacted21</font>
					<align>right</align>
					<aligny>center</aligny>
					<label>$INFO[Container(303).ListItem().Title]</label>
					<visible>![Container(9000).HasFocus(2)|Container(9000).HasFocus(8215)]</visible>
				</control>
				<control type="label">
					<width>350</width>
					<height>45</height>
					<font>impacted21</font>
					<align>right</align>
					<aligny>center</aligny>
					<label>$INFO[Container(303).ListItem().Artist]$INFO[Container(303).ListItem().Title, - ,]</label>
					<visible>Container(9000).HasFocus(2)</visible>
				</control>
				<control type="label">
					<width>350</width>
					<height>45</height>
					<font>impacted21</font>
					<align>right</align>
					<aligny>center</aligny>
					<label>$INFO[Container(303).ListItem().Label]</label>
					<visible>Container(9000).HasFocus(8215)</visible>
				</control>
				<control type="label">
					<width>350</width>
					<height>20</height>
					<font>font12</font>
					<align>right</align>
					<label>$INFO[Container(303).ListItem().TVShowTitle]</label>
					<visible>Container(9000).HasFocus(5)</visible>
				</control>
				<control type="label">
					<width>350</width>
					<height>20</height>
					<font>font12</font>
					<align>right</align>
					<textcolor>grey</textcolor>
					<label>$INFO[Container(303).ListItem().Season,$LOCALIZE[20373] , ]$INFO[Container(303).ListItem().Episode,$LOCALIZE[20359] ,]</label>
					<visible>!IsEmpty(Container(303).ListItem().Season)+!IsEmpty(Container(303).ListItem().Episode)</visible>
				</control>
				<control type="label">
					<width>350</width>
					<height>20</height>
					<font>font12</font>
					<align>right</align>
					<textcolor>grey</textcolor>
					<label>$INFO[Container(303).ListItem().PercentPlayed,,% $LOCALIZE[576]]$INFO[Container(303).ListItem().LastPlayed, - $LOCALIZE[51423] ,]</label>
					<visible>!Container(9000).HasFocus(5)+!Container(9000).HasFocus(2)</visible>
				</control>
				<control type="label">
					<width>350</width>
					<height>20</height>
					<font>font12</font>
					<align>right</align>
					<textcolor>grey</textcolor>
					<label>$INFO[Container(303).ListItem().Genre]</label>
					<visible>!Container(9000).HasFocus(5)</visible>
				</control>
				<control type="label">
					<width>350</width>
					<height>20</height>
					<font>font12</font>
					<align>right</align>
					<textcolor>grey</textcolor>
					<label>$INFO[Container(303).ListItem().Year,, / ]$INFO[Container(303).ListItem().Duration,, $LOCALIZE[12391]]$INFO[Container(303).ListItem().Rating, / $LOCALIZE[563]: ,]$INFO[Container(303).ListItem().Studio, / ,]</label>
					<visible>![Container(9000).HasFocus(2)|Container(9000).HasFocus(8215)]</visible>
				</control>
				<control type="label">
					<width>350</width>
					<height>28</height>
					<font>font12</font>
					<align>right</align>
					<textcolor>grey</textcolor>
					<label>$INFO[Container(303).ListItem().Year,,]$INFO[Container(303).ListItem().Property(Album_Label), / ,]</label>
					<visible>Container(9000).HasFocus(2)</visible>
				</control>
				<control type="label">
					<width>350</width>
					<height>20</height>
					<font>font12</font>
					<align>right</align>
					<textcolor>grey</textcolor>
					<label>$INFO[Container(303).ListItem().AudioLanguage,,]$INFO[Container(303).ListItem().SubtitleLanguage, / sub:  , ]$INFO[Container(303).ListItem().VideoResolution, / ,]$INFO[Container(303).ListItem().VideoCodec, / ,]$INFO[Container(303).ListItem().VideoAspect, / ,]$INFO[Container(303).ListItem().AudioCodec, / ,]$INFO[Container(303).ListItem().AudioChannels, / , $LOCALIZE[19019]]</label>
					<visible>![Container(9000).HasFocus(2)|Container(9000).HasFocus(8215)]</visible>
				</control>
				<control type="label">
					<width>350</width>
					<height>16</height>
					<font>font12</font>
					<align>right</align>
					<textcolor>grey</textcolor>
					<label>$INFO[Container(303).ListItem().Property(Album_Description)]</label>
					<visible>Container(9000).HasFocus(2)</visible>
					<scroll>true</scroll>
				</control>
			</control>
		</control>
	</include>
	<include name="HomepageSkinWidgetBackground">
		<control type="group">
			<left>715</left>
			<top>305</top>
			<control type="image">
				<left>0</left>
				<top>0</top>
				<width>550</width>
				<height>175</height>
				<texture background="true" flipx="true">SideFade.png</texture>
			</control>
			<control type="image">
				<left>0</left>
				<top>0</top>
				<width>550</width>
				<height>175</height>
				<texture background="true" border="2">buttons\ButtonNFhalf.png</texture>
			</control>
		</control>
	</include>
	<include name="SkinWidget_Listlayout">
		<itemlayout height="160" width="120">
			<control type="group">
				<visible>!Skin.HasSetting(SkinWidget_Cases)</visible>
				<control type="image">
					<left>5</left>
					<top>5</top>
					<width>105</width>
					<height>150</height>
					<aspectratio>stretch</aspectratio>
					<colordiffuse>$VAR[skinwidgetdim]</colordiffuse>
					<texture background="true" fallback="FallbackCover.png">$INFO[ListItem.Art(poster)]$INFO[ListItem.Art(tvshow.poster)]</texture>
				</control>
				<control type="image">
					<left>0</left>
					<top>110</top>
					<width>115</width>
					<height>50</height>
					<texture background="true">Shadow.png</texture>
					<visible>IsEmpty(ListItem.Icon)</visible>
				</control>
				<control type="label">
					<left>12</left>
					<top>124</top>
					<width>100</width>
					<height>40</height>
					<font>ubuntu-r13b</font>
					<align>center</align>
					<label>$INFO[ListItem.Label]</label>
					<visible>IsEmpty(ListItem.Icon)</visible>
				</control>
				<control type="group">
					<visible>Container(9000).HasFocus(5)</visible>
					<control type="image">
						<left>0</left>
						<top>110</top>
						<width>115</width>
						<height>50</height>
						<texture background="true">Shadow.png</texture>
					</control>
					<control type="label">
						<left>5</left>
						<top>120</top>
						<width>105</width>
						<height>50</height>
						<font>font12</font>
						<textcolor>white</textcolor>
						<shadowcolor>black</shadowcolor>
						<align>center</align>
						<aligny>center</aligny>
						<label>[UPPERCASE]$INFO[ListItem.Season,S,]$INFO[ListItem.Episode, E,][/UPPERCASE]</label>
					</control>
				</control>
				<control type="image">
					<description>background</description>
					<left>0</left>
					<top>0</top>
					<width>115</width>
					<height>160</height>
					<texture background="true" border="1">masks/Default_sharp.png</texture>
				</control>
				<control type="image">
					<left>5</left>
					<top>5</top>
					<width>57</width>
					<height>57</height>
					<colordiffuse>$VAR[skinwidgetdim]</colordiffuse>
					<aspectratio>stretch</aspectratio>
					<texture>$VAR[StreamFlag]</texture>
					<visible>SubString(ListItem.Path,prime_instant)|SubString(ListItem.FileExtension,strm)</visible>
				</control>
			</control>
			<control type="group">
				<visible>Skin.HasSetting(SkinWidget_Cases)</visible>
				<control type="image">
					<left>12</left>
					<top>2</top>
					<width>102</width>
					<height>157</height>
					<aspectratio>stretch</aspectratio>
					<colordiffuse>$VAR[skinwidgetdim]</colordiffuse>
					<texture background="true" fallback="FallbackCover.png">$INFO[ListItem.Art(poster)]$INFO[ListItem.Art(tvshow.poster)]</texture>
				</control>
				<control type="image">
					<left>12</left>
					<top>108</top>
					<width>102</width>
					<height>50</height>
					<texture background="true" diffuse="masks/mask.png">Shadow.png</texture>
					<visible>IsEmpty(ListItem.Icon)</visible>
				</control>
				<control type="label">
					<left>12</left>
					<top>124</top>
					<width>100</width>
					<height>40</height>
					<font>ubuntu-r13b</font>
					<align>center</align>
					<label>$INFO[ListItem.Label]</label>
					<visible>IsEmpty(ListItem.Icon)</visible>
				</control>
				<control type="group">
					<visible>Container(9000).HasFocus(5)</visible>
					<control type="image">
						<left>12</left>
						<top>108</top>
						<width>102</width>
						<height>50</height>
						<texture background="true" diffuse="masks/mask.png">Shadow.png</texture>
					</control>
					<control type="label">
						<left>12</left>
						<top>120</top>
						<width>102</width>
						<height>50</height>
						<font>font12</font>
						<textcolor>white</textcolor>
						<shadowcolor>black</shadowcolor>
						<align>center</align>
						<aligny>center</aligny>
						<label>[UPPERCASE]$INFO[ListItem.Season,S,] $INFO[ListItem.Episode,E,][/UPPERCASE]</label>
					</control>
				</control>
				<control type="image">
					<description>background</description>
					<left>0</left>
					<top>0</top>
					<width>115</width>
					<height>160</height>
					<texture background="true">clear-cases/fallback.png</texture>
				</control>
				<control type="image">
					<left>12</left>
					<top>2</top>
					<width>57</width>
					<height>57</height>
					<colordiffuse>$VAR[skinwidgetdim]</colordiffuse>
					<aspectratio>stretch</aspectratio>
					<texture>$VAR[StreamFlag]</texture>
					<visible>SubString(ListItem.Path,prime_instant)|SubString(ListItem.FileExtension,strm)</visible>
				</control>
			</control>
		</itemlayout>
		<focusedlayout height="160" width="120">
			<control type="group">
				<include>focuseffect</include>
				<control type="group">
					<visible>!Skin.HasSetting(SkinWidget_Cases)</visible>
					<control type="image">
						<left>0</left>
						<top>0</top>
						<width>115</width>
						<height>160</height>
						<aspectratio>stretch</aspectratio>
						<colordiffuse>reddiffuse</colordiffuse>
						<texture background="true">White.png</texture>
						<visible>Control.HasFocus(300)</visible>
					</control>
					<control type="group">
						<control type="image">
							<left>5</left>
							<top>5</top>
							<width>105</width>
							<height>150</height>
							<aspectratio>stretch</aspectratio>
							<fadetime>FadeTime</fadetime>
							<colordiffuse>$VAR[skinwidgetdim]</colordiffuse>
							<texture background="true" fallback="FallbackCover.png">$INFO[ListItem.Art(poster)]$INFO[ListItem.Art(tvshow.poster)]</texture>
							<visible>!Control.HasFocus(300)</visible>
						</control>
						<control type="image">
							<left>5</left>
							<top>5</top>
							<width>105</width>
							<height>150</height>
							<aspectratio>stretch</aspectratio>
							<texture background="true" fallback="FallbackCover.png">$INFO[ListItem.Art(poster)]$INFO[ListItem.Art(tvshow.poster)]</texture>
							<visible>Control.HasFocus(300)</visible>
						</control>
					</control>
					<control type="image">
						<left>0</left>
						<top>110</top>
						<width>115</width>
						<height>50</height>
						<texture background="true">Shadow.png</texture>
						<visible>IsEmpty(ListItem.Icon)</visible>
					</control>
					<control type="label">
						<left>12</left>
						<top>124</top>
						<width>100</width>
						<height>40</height>
						<font>ubuntu-r13b</font>
						<align>center</align>
						<label>$INFO[ListItem.Label]</label>
						<visible>IsEmpty(ListItem.Icon)</visible>
					</control>
					<control type="group">
						<visible>Container(9000).HasFocus(5)</visible>
						<control type="image">
							<left>0</left>
							<top>110</top>
							<width>115</width>
							<height>50</height>
							<texture background="true">Shadow.png</texture>
						</control>
						<control type="label">
							<left>5</left>
							<top>120</top>
							<width>105</width>
							<height>50</height>
							<font>font12</font>
							<textcolor>white</textcolor>
							<shadowcolor>black</shadowcolor>
							<align>center</align>
							<aligny>center</aligny>
							<label>[UPPERCASE]$INFO[ListItem.Season,S,] $INFO[ListItem.Episode,E,][/UPPERCASE]</label>
						</control>
					</control>
					<control type="image">
						<description>background</description>
						<left>0</left>
						<top>0</top>
						<width>115</width>
						<height>160</height>
						<texture background="true" border="1">masks/Default_sharp.png</texture>
					</control>
					<control type="image">
						<left>5</left>
						<top>5</top>
						<width>57</width>
						<height>57</height>
						<colordiffuse>$VAR[skinwidgetdim]</colordiffuse>
						<aspectratio>stretch</aspectratio>
						<texture>$VAR[StreamFlag]</texture>
						<visible>SubString(ListItem.Path,prime_instant)|SubString(ListItem.FileExtension,strm)</visible>
						<visible>!Control.HasFocus(300)</visible>
					</control>
					<control type="image">
						<left>5</left>
						<top>5</top>
						<width>57</width>
						<height>57</height>
						<aspectratio>stretch</aspectratio>
						<texture>$VAR[StreamFlag]</texture>
						<visible>SubString(ListItem.Path,prime_instant)|SubString(ListItem.FileExtension,strm)</visible>
						<visible>Control.HasFocus(300)</visible>
					</control>
				</control>
				<control type="group">
					<visible>Skin.HasSetting(SkinWidget_Cases)</visible>
					<control type="group">
						<control type="image">
							<left>12</left>
							<top>2</top>
							<width>102</width>
							<height>157</height>
							<aspectratio>stretch</aspectratio>
							<colordiffuse>$VAR[skinwidgetdim]</colordiffuse>
							<texture background="true" fallback="FallbackCover.png">$INFO[ListItem.Art(poster)]$INFO[ListItem.Art(tvshow.poster)]</texture>
							<visible>!Control.HasFocus(300)</visible>
						</control>
						<control type="image">
							<left>12</left>
							<top>2</top>
							<width>102</width>
							<height>157</height>
							<aspectratio>stretch</aspectratio>
							<texture background="true" fallback="FallbackCover.png">$INFO[ListItem.Art(poster)]$INFO[ListItem.Art(tvshow.poster)]</texture>
							<visible>Control.HasFocus(300)</visible>
						</control>
					</control>
					<control type="image">
						<left>12</left>
						<top>108</top>
						<width>102</width>
						<height>50</height>
						<texture background="true" diffuse="masks/mask.png">Shadow.png</texture>
						<visible>IsEmpty(ListItem.Icon)</visible>
					</control>
					<control type="label">
						<left>12</left>
						<top>124</top>
						<width>100</width>
						<height>40</height>
						<font>ubuntu-r13b</font>
						<align>center</align>
						<label>$INFO[ListItem.Label]</label>
						<visible>IsEmpty(ListItem.Icon)</visible>
					</control>
					<control type="group">
						<visible>Container(9000).HasFocus(5)</visible>
						<control type="image">
							<left>12</left>
							<top>108</top>
							<width>102</width>
							<height>50</height>
							<texture background="true" diffuse="masks/mask.png">Shadow.png</texture>
						</control>
						<control type="label">
							<left>12</left>
							<top>120</top>
							<width>102</width>
							<height>50</height>
							<font>font12</font>
							<textcolor>white</textcolor>
							<shadowcolor>black</shadowcolor>
							<align>center</align>
							<aligny>center</aligny>
							<label>[UPPERCASE]$INFO[ListItem.Season,S,] $INFO[ListItem.Episode,E,][/UPPERCASE]</label>
						</control>
					</control>
					<control type="image">
						<description>background</description>
						<left>0</left>
						<top>0</top>
						<width>115</width>
						<height>160</height>
						<aspectratio>stretch</aspectratio>
						<texture background="true">clear-cases/fallback.png</texture>
						<visible>!Control.HasFocus(300)</visible>
					</control>
					<control type="image">
						<description>background</description>
						<left>0</left>
						<top>0</top>
						<width>115</width>
						<height>160</height>
						<aspectratio>stretch</aspectratio>
						<texture background="true" fallback="clear-cases/fallback_blue.png">$VAR[clearcase]</texture>
						<visible>Control.HasFocus(300)</visible>
					</control>
					<control type="image">
						<left>12</left>
						<top>1</top>
						<width>57</width>
						<height>57</height>
						<colordiffuse>$VAR[skinwidgetdim]</colordiffuse>
						<aspectratio>stretch</aspectratio>
						<texture>$VAR[StreamFlag]</texture>
						<visible>SubString(ListItem.Path,prime_instant)|SubString(ListItem.FileExtension,strm)</visible>
						<visible>!Control.HasFocus(300)</visible>
					</control>
					<control type="image">
						<left>12</left>
						<top>1</top>
						<width>57</width>
						<height>57</height>
						<aspectratio>stretch</aspectratio>
						<texture>$VAR[StreamFlag]</texture>
						<visible>SubString(ListItem.Path,prime_instant)|SubString(ListItem.FileExtension,strm)</visible>
						<visible>Control.HasFocus(300)</visible>
					</control>
				</control>
			</control>
		</focusedlayout>
	</include>
	<include name="SkinWidget_Listlayout_inProgress">
		<itemlayout height="160" width="120">
			<control type="group">
				<visible>!Skin.HasSetting(SkinWidget_Cases)</visible>
				<control type="image">
					<left>5</left>
					<top>5</top>
					<width>105</width>
					<height>150</height>
					<aspectratio>stretch</aspectratio>
					<colordiffuse>$VAR[skinwidgetdim]</colordiffuse>
					<texture background="true" fallback="FallbackCover.png">$INFO[ListItem.Art(poster)]$INFO[ListItem.Art(tvshow.poster)]</texture>
				</control>
				<control type="label">
					<left>12</left>
					<top>125</top>
					<width>110</width>
					<height>40</height>
					<font>font12</font>
					<align>center</align>
					<label>$INFO[ListItem.Label]</label>
					<visible>IsEmpty(ListItem.Icon)</visible>
				</control>
				<control type="image">
					<description>background</description>
					<left>0</left>
					<top>0</top>
					<width>60</width>
					<height>60</height>
					<texture background="true" border="1">watched/OverlayProgress.png</texture>
				</control>
				<control type="image">
					<description>background</description>
					<left>0</left>
					<top>0</top>
					<width>115</width>
					<height>160</height>
					<texture background="true" border="1">masks/Default_sharp.png</texture>
				</control>
				<control type="image">
					<left>1</left>
					<top>1</top>
					<width>57</width>
					<height>57</height>
					<aspectratio>stretch</aspectratio>
					<texture>$VAR[StreamFlag]</texture>
					<visible>SubString(ListItem.Path,prime_instant)|SubString(ListItem.FileExtension,strm)</visible>
				</control>
			</control>
			<control type="group">
				<visible>Skin.HasSetting(SkinWidget_Cases)</visible>
				<control type="image">
					<left>12</left>
					<top>2</top>
					<width>102</width>
					<height>157</height>
					<aspectratio>stretch</aspectratio>
					<colordiffuse>$VAR[skinwidgetdim]</colordiffuse>
					<texture background="true" fallback="FallbackCover.png">$INFO[ListItem.Art(poster)]$INFO[ListItem.Art(tvshow.poster)]</texture>
				</control>
				<control type="label">
					<left>12</left>
					<top>120</top>
					<width>100</width>
					<height>40</height>
					<font>font12</font>
					<align>center</align>
					<label>$INFO[ListItem.Label]</label>
					<visible>IsEmpty(ListItem.Icon)</visible>
				</control>
				<control type="image">
					<description>background</description>
					<left>11</left>
					<top>1</top>
					<width>60</width>
					<height>60</height>
					<texture background="true" border="1">watched/OverlayProgress.png</texture>
				</control>
				<control type="image">
					<description>background</description>
					<left>0</left>
					<top>0</top>
					<width>115</width>
					<height>160</height>
					<texture background="true">clear-cases/fallback.png</texture>
				</control>
				<control type="image">
					<left>12</left>
					<top>1</top>
					<width>57</width>
					<height>57</height>
					<colordiffuse>$VAR[skinwidgetdim]</colordiffuse>
					<aspectratio>stretch</aspectratio>
					<texture>$VAR[StreamFlag]</texture>
					<visible>SubString(ListItem.Path,prime_instant)|SubString(ListItem.FileExtension,strm)</visible>
				</control>
			</control>
		</itemlayout>
		<focusedlayout height="160" width="120">
			<control type="group">
				<include>focuseffect</include>
				<control type="group">
					<visible>!Skin.HasSetting(SkinWidget_Cases)</visible>
					<control type="image">
						<left>0</left>
						<top>0</top>
						<width>115</width>
						<height>160</height>
						<aspectratio>stretch</aspectratio>
						<colordiffuse>green2</colordiffuse>
						<texture background="true">White.png</texture>
						<visible>Control.HasFocus(299)|Control.HasFocus(303)</visible>
					</control>
					<control type="group">
						<visible>![IsEmpty(ListItem.Art(poster))+IsEmpty(ListItem.Art(tvshow.poster))]</visible>
						<control type="image">
							<left>5</left>
							<top>5</top>
							<width>105</width>
							<height>150</height>
							<aspectratio>stretch</aspectratio>
							<fadetime>FadeTime</fadetime>
							<colordiffuse>$VAR[skinwidgetdim]</colordiffuse>
							<texture background="true" fallback="FallbackCover.png">$INFO[ListItem.Art(poster)]$INFO[ListItem.Art(tvshow.poster)]</texture>
							<visible>![Control.HasFocus(299)|Control.HasFocus(303)]</visible>
						</control>
						<control type="image">
							<left>5</left>
							<top>5</top>
							<width>105</width>
							<height>150</height>
							<aspectratio>stretch</aspectratio>
							<texture background="true" fallback="FallbackCover.png">$INFO[ListItem.Art(poster)]$INFO[ListItem.Art(tvshow.poster)]</texture>
							<visible>Control.HasFocus(299)|Control.HasFocus(303)</visible>
						</control>
					</control>
					<control type="group">
						<visible>IsEmpty(ListItem.Art(poster))+IsEmpty(ListItem.Art(tvshow.poster))</visible>
						<control type="image">
							<left>5</left>
							<top>5</top>
							<width>105</width>
							<height>150</height>
							<aspectratio>stretch</aspectratio>
							<fadetime>FadeTime</fadetime>
							<colordiffuse>$VAR[skinwidgetdim]</colordiffuse>
							<texture background="true" fallback="FallbackCover.png">$INFO[ListItem.Icon]</texture>
							<visible>![Control.HasFocus(299)|Control.HasFocus(303)]</visible>
						</control>
						<control type="image">
							<left>5</left>
							<top>5</top>
							<width>105</width>
							<height>150</height>
							<aspectratio>stretch</aspectratio>
							<texture background="true" fallback="FallbackCover.png">$INFO[ListItem.Icon]</texture>
							<visible>Control.HasFocus(299)|Control.HasFocus(303)</visible>
						</control>
					</control>
					<control type="label">
						<left>6</left>
						<top>125</top>
						<width>102</width>
						<height>40</height>
						<font>font12</font>
						<align>center</align>
						<label>$INFO[ListItem.Label]</label>
						<visible>IsEmpty(ListItem.Icon)</visible>
					</control>
					<control type="image">
						<description>background</description>
						<left>0</left>
						<top>0</top>
						<width>60</width>
						<height>60</height>
						<texture background="true" border="1">watched/OverlayProgress.png</texture>
					</control>
					<control type="image">
						<description>background</description>
						<left>0</left>
						<top>0</top>
						<width>115</width>
						<height>160</height>
						<texture background="true" border="1">masks/Default_sharp.png</texture>
					</control>
					<control type="image">
						<left>1</left>
						<top>1</top>
						<width>57</width>
						<height>57</height>
						<colordiffuse>$VAR[skinwidgetdim]</colordiffuse>
						<aspectratio>stretch</aspectratio>
						<texture>$VAR[StreamFlag]</texture>
						<visible>SubString(ListItem.Path,prime_instant)|SubString(ListItem.FileExtension,strm)</visible>
						<visible>!Control.HasFocus(299)</visible>
					</control>
					<control type="image">
						<left>1</left>
						<top>1</top>
						<width>57</width>
						<height>57</height>
						<aspectratio>stretch</aspectratio>
						<texture>$VAR[StreamFlag]</texture>
						<visible>SubString(ListItem.Path,prime_instant)|SubString(ListItem.FileExtension,strm)</visible>
						<visible>Control.HasFocus(299)|Control.HasFocus(303)</visible>
					</control>
				</control>
				<control type="group">
					<visible>Skin.HasSetting(SkinWidget_Cases)</visible>
					<control type="group">
						<control type="image">
							<left>12</left>
							<top>2</top>
							<width>102</width>
							<height>157</height>
							<aspectratio>stretch</aspectratio>
							<colordiffuse>$VAR[skinwidgetdim]</colordiffuse>
							<texture background="true" fallback="FallbackCover.png">$INFO[ListItem.Art(poster)]$INFO[ListItem.Art(tvshow.poster)]</texture>
							<visible>![Control.HasFocus(299)|Control.HasFocus(303)]</visible>
						</control>
						<control type="image">
							<left>12</left>
							<top>2</top>
							<width>102</width>
							<height>157</height>
							<aspectratio>stretch</aspectratio>
							<texture background="true" fallback="FallbackCover.png">$INFO[ListItem.Art(poster)]$INFO[ListItem.Art(tvshow.poster)]</texture>
							<visible>Control.HasFocus(299)|Control.HasFocus(303)</visible>
						</control>
					</control>
					<control type="label">
						<left>13</left>
						<top>120</top>
						<width>100</width>
						<height>40</height>
						<font>font12</font>
						<align>center</align>
						<label>$INFO[ListItem.Label]</label>
						<visible>IsEmpty(ListItem.Icon)</visible>
					</control>
					<control type="image">
						<description>background</description>
						<left>11</left>
						<top>1</top>
						<width>60</width>
						<height>60</height>
						<texture background="true" border="1">watched/OverlayProgress.png</texture>
					</control>
					<control type="image">
						<description>background</description>
						<left>0</left>
						<top>0</top>
						<width>115</width>
						<height>160</height>
						<aspectratio>stretch</aspectratio>
						<texture background="true">clear-cases/fallback.png</texture>
						<visible>![Control.HasFocus(299)|Control.HasFocus(303)]</visible>
					</control>
					<control type="image">
						<description>background</description>
						<left>0</left>
						<top>0</top>
						<width>115</width>
						<height>160</height>
						<aspectratio>stretch</aspectratio>
						<texture background="true" fallback="clear-cases/fallback_blue.png">$VAR[clearcase]</texture>
						<visible>Control.HasFocus(299)|Control.HasFocus(303)</visible>
					</control>
					<control type="image">
						<left>12</left>
						<top>1</top>
						<width>57</width>
						<height>57</height>
						<colordiffuse>$VAR[skinwidgetdim]</colordiffuse>
						<aspectratio>stretch</aspectratio>
						<texture>$VAR[StreamFlag]</texture>
						<visible>SubString(ListItem.Path,prime_instant)|SubString(ListItem.FileExtension,strm)</visible>
						<visible>!Control.HasFocus(299)</visible>
					</control>
					<control type="image">
						<left>12</left>
						<top>1</top>
						<width>57</width>
						<height>57</height>
						<aspectratio>stretch</aspectratio>
						<texture>$VAR[StreamFlag]</texture>
						<visible>SubString(ListItem.Path,prime_instant)|SubString(ListItem.FileExtension,strm)</visible>
						<visible>Control.HasFocus(299)</visible>
					</control>
				</control>
				<control type="image">
					<description>arrow</description>
					<include>openclosevisibledelay</include>
					<left>90</left>
					<top>130</top>
					<width>16</width>
					<height>20</height>
					<animation effect="slide" start="0" end="0,5" time="1000" delay="0" loop="true" condition="true">Conditional</animation>
					<animation effect="rotate" start="0" end="90" center="auto" time="0" condition="true">Conditional</animation>
					<texture>ArrowBig.png</texture>
					<visible>Control.HasFocus(303)</visible>
				</control>
				<control type="image">
					<description>arrow</description>
					<include>openclosevisibledelay</include>
					<left>90</left>
					<top>10</top>
					<width>16</width>
					<height>20</height>
					<animation effect="slide" start="0" end="0,-5" time="1000" delay="0" loop="true" condition="true">Conditional</animation>
					<animation effect="rotate" start="0" end="-90" center="auto" time="0" condition="true">Conditional</animation>
					<texture>ArrowBig.png</texture>
					<visible>Control.HasFocus(299)</visible>
				</control>
			</control>
		</focusedlayout>
	</include>
</includes>