<?xml version="1.0" encoding="UTF-8"?>
<includes>
	<include name="DesignSettingsHorizonzv">
		<control type="group"> <!-- horizonzv style -->
			<visible>!Skin.HasSetting(hide_horizonzvsettings)</visible>
			<control type="group">
				<left></left>
				<top>-170</top>
				<control type="group">
					<include>opencloseslidedown</include>
					<control type="group">
						<control type="image">
							<left>-10</left>
							<top>320</top>
							<width>1300</width>
							<height>50</height>
							<colordiffuse>red</colordiffuse>
							<texture background="true">WhiteBack.png</texture>
						</control>
						<control type="image">
							<left>-10</left>
							<top>320</top>
							<width>1300</width>
							<height>50</height>
							<colordiffuse>menudiffuse</colordiffuse>
							<texture background="true">BlackBack.png</texture>
						</control>
						<control type="image">
							<left>-10</left>
							<top>262</top>
							<width>1300</width>
							<height>64</height>
							<texture background="true">MenuStripe.png</texture>
						</control>
						<control type="group">
							<control type="image">
								<description>Arrow</description>
								<left>12</left>
								<top>285</top>
								<width>16</width>
								<height>18</height>
								<texture background="true">ArrowBig.png</texture>
							</control>
							<control type="label">
								<left>34</left>
								<top>279</top>
								<height>30</height>
								<width>350</width>
								<align>left</align>
								<textcolor>black</textcolor>
								<shadowcolor>white</shadowcolor>
								<font>impacted21</font>
								<label>SP</label>
							</control>
							<control type="label">
								<left>100</left>
								<top>279</top>
								<height>30</height>
								<width>450</width>
								<align>right</align>
								<textcolor>black</textcolor>
								<shadowcolor>grey</shadowcolor>
								<font>impacted21</font>
								<label>Level: $INFO[Control.GetLabel(20)]</label>
							</control>
							<control type="button">
								<left>350</left>
								<top>279</top>
								<height>30</height>
								<width>200</width>
								<label>-</label>
								<texturenofocus>-</texturenofocus>
								<texturefocus>-</texturefocus>
								<onclick>SettingsLevelChange</onclick>
								<onup>3</onup>
								<ondown>3</ondown>
								<onleft>3</onleft>
								<onright>3</onright>
							</control>
						</control>
					</control>
					<control type="group">
						<left>570</left>
						<top>200</top>
						<control type="image">
							<left>0</left>
							<top>38</top>
							<width>355</width>
							<height>94</height>
							<colordiffuse>EFFFFFFF</colordiffuse>
							<texture background="true">buttons/MenuButton.png</texture>
						</control>
						<control type="label">
							<left>0</left>
							<top>18</top>
							<height>68</height>
							<width>350</width>
							<align>center</align>
							<aligny>center</aligny>
							<textcolor>white</textcolor>
							<font>impacted18</font>
							<label>$LOCALIZE[31112]</label>
						</control>
						<control type="label">
							<left>0</left>
							<top>58</top>
							<height>68</height>
							<width>350</width>
							<align>center</align>
							<aligny>center</aligny>
							<textcolor>selectedhome</textcolor>
							<font>impacted44</font>
							<label>1</label>
							<visible>Window.IsActive(12)</visible>
						</control>
						<control type="label">
							<left>0</left>
							<top>58</top>
							<height>68</height>
							<width>350</width>
							<align>center</align>
							<aligny>center</aligny>
							<textcolor>selectedhome</textcolor>
							<font>impacted44</font>
							<label>24001</label>
							<visible>Window.IsActive(13)</visible>
						</control>
						<control type="label">
							<left>0</left>
							<top>58</top>
							<height>68</height>
							<width>350</width>
							<align>center</align>
							<aligny>center</aligny>
							<textcolor>selectedhome</textcolor>
							<font>impacted44</font>
							<label>8</label>
							<visible>Window.IsActive(14)</visible>
						</control>
						<control type="label">
							<left>0</left>
							<top>58</top>
							<height>68</height>
							<width>350</width>
							<align>center</align>
							<aligny>center</aligny>
							<textcolor>selectedhome</textcolor>
							<font>impacted44</font>
							<label>2</label>
							<visible>Window.IsActive(15)</visible>
						</control>
						<control type="label">
							<left>0</left>
							<top>58</top>
							<height>68</height>
							<width>350</width>
							<align>center</align>
							<aligny>center</aligny>
							<textcolor>selectedhome</textcolor>
							<font>impacted44</font>
							<label>13000</label>
							<visible>Window.IsActive(16)</visible>
						</control>
						<control type="label">
							<left>0</left>
							<top>58</top>
							<height>68</height>
							<width>350</width>
							<align>center</align>
							<aligny>center</aligny>
							<textcolor>selectedhome</textcolor>
							<font>impacted44</font>
							<label>157</label>
							<visible>Window.IsActive(17)</visible>
						</control>
						<control type="label">
							<left>0</left>
							<top>58</top>
							<height>68</height>
							<width>350</width>
							<align>center</align>
							<aligny>center</aligny>
							<textcolor>selectedhome</textcolor>
							<font>impacted44</font>
							<label>14036</label>
							<visible>Window.IsActive(18)</visible>
						</control>
						<control type="label">
							<left>0</left>
							<top>58</top>
							<height>68</height>
							<width>350</width>
							<align>center</align>
							<aligny>center</aligny>
							<textcolor>selectedhome</textcolor>
							<font>impacted44</font>
							<label>480</label>
							<visible>Window.IsActive(19)</visible>
						</control>
						<control type="label">
							<left>0</left>
							<top>58</top>
							<height>68</height>
							<width>350</width>
							<align>center</align>
							<aligny>center</aligny>
							<textcolor>selectedhome</textcolor>
							<font>impacted44</font>
							<label>31502</label>
							<visible>Window.IsActive(21)</visible>
						</control>
					</control>
				</control>
				<control type="group">
					<include>openclosemedium</include>
					<control type="group">
						<left>-7</left>
						<top>337</top>
						<include>openclosevisible</include>
						<visible>ControlGroup(3).HasFocus()</visible>
						<control type="image">
							<include>openclosevisible</include>
							<description>Arrow for List 50</description>
							<left>13</left>
							<top>0</top>
							<width>12</width>
							<height>18</height>
							<texture background="true">ArrowBig.png</texture>
							<visible>Container(3).HasPrevious</visible>
						</control>
						<control type="image">
							<include>openclosevisible</include>
							<description>Arrow</description>
							<left>1268</left>
							<top>0</top>
							<width>12</width>
							<height>18</height>
							<texture background="true" flipx="true">ArrowBig.png</texture>
							<visible>Container(3).HasNext</visible>
						</control>
					</control>
					<control type="grouplist" id="3">
						<description>button area</description>
						<left>25</left>
						<top>331</top>
						<width>1230</width>
						<height>40</height>
						<orientation>horizontal</orientation>
						<onleft>9000</onleft>
						<onright>3</onright>
						<onup>5</onup>
						<ondown>5</ondown>
						<align>center</align>
					</control>
					<control type="grouplist" id="5">
						<description>control area</description>
						<left>90</left>
						<top>390</top>
						<width>1100</width>
						<height>390</height>
						<onup>5</onup>
						<ondown>5</ondown>
						<onleft>3</onleft>
						<onright>3</onright>
					</control>
					<control type="button" id="7">
						<description>Default Button</description>
						<left>0</left>
						<top>21</top>
						<width>1156</width>
						<height>30</height>
						<texturenofocus colordiffuse="menudiffuse" border="2">buttons/ButtonNFlight.png</texturenofocus>
						<pulseonselect>false</pulseonselect>
						<align>left</align>
						<aligny>center</aligny>
					</control>
					<control type="radiobutton" id="8">
						<description>Default RadioButton</description>
						<left>0</left>
						<top>21</top>
						<width>1156</width>
						<height>30</height>
						<texturenofocus colordiffuse="menudiffuse" border="2">buttons/ButtonNFlight.png</texturenofocus>
						<pulseonselect>false</pulseonselect>
						<align>left</align>
						<aligny>center</aligny>
					</control>
					<control type="spincontrolex" id="9">
						<description>Default SpinControlex</description>
						<left>0</left>
						<top>21</top>
						<width>1156</width>
						<height>30</height>
						<disabledcolor>60d0d0d0</disabledcolor>
						<texturenofocus colordiffuse="menudiffuse" border="2">buttons/ButtonNFlight.png</texturenofocus>
						<aligny>center</aligny>
						<reverse>yes</reverse>
					</control>
					<control type="sliderex" id="13">
						<description>Default Slider</description>
						<left>0</left>
						<top>0</top>
						<height>30</height>
						<aligny>center</aligny>
						<texturenofocus colordiffuse="menudiffuse" border="2">buttons/ButtonNFlight.png</texturenofocus>
					</control>
					<control type="image">
						<left>0</left>
						<top>-65r</top>
						<width>1280</width>
						<height>2</height>
						<colordiffuse>fanartdiffuse</colordiffuse>
						<texture background="true" border="1">Separator1.png</texture>
					</control>
					<control type="textbox" id="6">
						<description>description area</description>
						<left>32</left>
						<top>790</top>
						<width>1240</width>
						<height>105</height>
						<align>left</align>
						<font>font13</font>
						<textcolor>description</textcolor>
						<shadowcolor>black</shadowcolor>
					</control>
					<control type="button" id="10">
						<description>Default Category Button</description>
						<left>0</left>
						<top>0</top>
						<height>30</height>
						<width>200</width>
						<font>impacted21</font>
						<label>224</label>
						<texturenofocus border="4">buttons/ButtonNF.png</texturenofocus>
					</control>
				</control>
			</control>
		</control>
	</include>
	<include name="DesignSettingsClassic">
		<control type="group"> <!-- classic menu -->
			<visible>Skin.HasSetting(hide_horizonzvsettings)</visible>
			<include>openclosebox</include>
			<control type="group">
				<left>90</left>
				<top>60</top>
				<control type="image">
					<left>5</left>
					<top>5</top>
					<width>1090</width>
					<height>630</height>
					<colordiffuse>selected</colordiffuse>
					<texture background="true" border="15">Underlay.png</texture>
				</control>
				<control type="image">
					<left>0</left>
					<top>632</top>
					<width>1100</width>
					<height>64</height>
					<texture border="15">ContentPanelMirror.png</texture>
				</control>
				<control type="image">
					<left>20</left>
					<top>5</top>
					<width>280</width>
					<height>630</height>
					<colordiffuse>menudiffuse</colordiffuse>
					<texture background="true">BlackBack.png</texture>
				</control>
				<control type="label">
					<description>header label</description>
					<left>5</left>
					<top>18</top>
					<width>1090</width>
					<height>30</height>
					<font>impacted26</font>
					<label>$INFO[Control.GetLabel(2)] - $LOCALIZE[5]</label>
					<align>center</align>
					<aligny>center</aligny>
					<textcolor>white</textcolor>
					<shadowcolor>black</shadowcolor>
				</control>
				<control type="image">
					<left>110</left>
					<top>58</top>
					<width>890</width>
					<height>1</height>
					<texture background="true">Separator2.png</texture>
				</control>
				<control type="image">
					<description>LOGO</description>
					<left>25</left>
					<top>0</top>
					<width>250</width>
					<height>70</height>
					<aspectratio>keep</aspectratio>
					<texture background="true">HorizonzV.png</texture>
				</control>
				<control type="grouplist" id="3">
					<description>button area</description>
					<left>30</left>
					<top>90</top>
					<width>260</width>
					<height>481</height>
					<itemgap>-1</itemgap>
					<onleft>9000</onleft>
					<onright>5</onright>
					<onup>3</onup>
					<ondown>20</ondown>
				</control>
				<control type="grouplist" id="5">
					<description>control area</description>
					<left>310</left>
					<top>90</top>
					<width>750</width>
					<height>435</height>
					<itemgap>-1</itemgap>
					<pagecontrol>60</pagecontrol>
					<onleft>3</onleft>
					<onright>60</onright>
					<onup>5</onup>
					<ondown>5</ondown>
				</control>
				<control type="scrollbar" id="60">
					<left>1070</left>
					<top>90</top>
					<height>435</height>
					<onleft>5</onleft>
					<onright>3</onright>
					<showonepage>false</showonepage>
					<orientation>vertical</orientation>
				</control>
				<control type="textbox" id="6">
					<description>description area</description>
					<left>325</left>
					<top>560</top>
					<width>750</width>
					<height>85</height>
					<font>font12</font>
					<align>justify</align>
					<textcolor>description</textcolor>
					<autoscroll time="3000" delay="4000" repeat="5000">true</autoscroll>
				</control>
			</control>
			<control type="button" id="10">
				<description>Default Category Button</description>
				<height>35</height>
				<width>260</width>
				<textoffsetx>20</textoffsetx>
				<align>right</align>
				<aligny>center</aligny>
				<texturenofocus>-</texturenofocus>
				<pulseonselect>false</pulseonselect>
			</control>
			<control type="button" id="7">
				<description>Default Button</description>
				<left>0</left>
				<top>0</top>
				<height>35</height>
				<align>left</align>
				<texturenofocus>-</texturenofocus>
				<invalidcolor>red</invalidcolor>
			</control>
			<control type="radiobutton" id="8">
				<description>Default RadioButton</description>
				<left>0</left>
				<top>0</top>
				<height>35</height>
				<align>left</align>
				<texturenofocus>-</texturenofocus>
			</control>
			<control type="spincontrolex" id="9">
				<description>Default SpinControlex</description>
				<left>0</left>
				<top>0</top>
				<height>35</height>
				<reverse>yes</reverse>
				<texturenofocus>-</texturenofocus>
			</control>
			<control type="sliderex" id="13">
				<description>Default Slider</description>
				<left>0</left>
				<top>0</top>
				<height>40</height>
				<texturenofocus>-</texturenofocus>
				<aligny>center</aligny>
			</control>
			<control type="image" id="11">
				<description>Separator image</description>
				<height>1</height>
				<texture background="true">Separator2.png</texture>
			</control>
			<control type="label" id="2">
				<description>Fake Label so we can pass it value down to the one below</description>
				<left>0</left>
				<top>0</top>
				<width>0</width>
				<height>0</height>
				<font>-</font>
				<visible>false</visible>
			</control>
			<control type="group">
				<description>systeminfos</description>
				<left>65</left>
				<top>150</top>
				<include>systeminfo_small</include>
			</control>
			<control type="group">
				<left>110</left>
				<top>520</top>
				<control type="button" id="20">
					<description>Setting level button</description>
					<left>10</left>
					<top>30</top>
					<height>28</height>
					<width>260</width>
					<label>10037</label>
					<textoffsetx>20</textoffsetx>
					<textoffsety>4</textoffsety>
					<align>right</align>
					<aligny>top</aligny>
					<textcolor>selected</textcolor>
					<focusedcolor>black</focusedcolor>
					<texturenofocus>-</texturenofocus>
					<pulseonselect>false</pulseonselect>
					<onleft>5</onleft>
					<onright>5</onright>
					<onup>3</onup>
					<ondown>3</ondown>
					<onclick>SettingsLevelChange</onclick>
				</control>
				<control type="label">
					<left>20</left>
					<top>0</top>
					<height>25</height>
					<width>230</width> 
					<label>31142</label> 
					<textcolor>white</textcolor> 
					<align>right</align> 
					<aligny>center</aligny>
				</control>
			</control>
		</control>
	</include>
</includes>
