<?xml version="1.0" encoding="UTF-8"?>
<includes>
	<variable name="NewsPreviewBundesligaTabelle">
		<value condition="Container(23010).Hasfocus(23101)">plugin://plugin.program.newscenter/?methode=get_buli_table_items&amp;buliliga=1</value>
		<value condition="Container(23010).Hasfocus(23103)">plugin://plugin.program.newscenter/?methode=get_buli_table_items&amp;buliliga=2</value>
	</variable>
	<variable name="NewsPreviewBundesligaSpiele">
		<value condition="Container(23010).Hasfocus(23102)">plugin://plugin.program.newscenter/?methode=get_buli_spielplan_items&amp;buliliga=1</value>
		<value condition="Container(23010).Hasfocus(23104)">plugin://plugin.program.newscenter/?methode=get_buli_spielplan_items&amp;buliliga=2</value>
	</variable>
	<include name="NewsCenterItem_Pollen">
		<item>
			<label>$INFO[Container(88434).ListItem.Property($PARAM[newscenter_pollen_id]_Name)]</label>
			<label2>$INFO[Container(88434).ListItem.Property($PARAM[newscenter_pollen_id]_Belastung),newscenter/,]-pollen.png</label2>
			<icon>$INFO[Container(88434).ListItem.Property($PARAM[newscenter_pollen_id]_Pic)]</icon>
			<onclick>-</onclick>
			<visible>!StringCompare(Container(88434).ListItem.Property($PARAM[newscenter_pollen_id]_Belastung),0)+!IsEmpty(Container(88434).ListItem.Property($PARAM[newscenter_pollen_id]_Belastung))</visible>
		</item>
	</include>
	<include name="NewsCenterItem">
		<item>
			<label>$INFO[Window(Home).Property(LatestNews.$PARAM[newscenter_id].Title)]</label>
			<thumb>$INFO[Window(Home).Property(LatestNews.$PARAM[newscenter_id].Logo)]</thumb>
			<label2>$INFO[Window(Home).Property(LatestNews.$PARAM[newscenter_id].Date)]</label2>
			<property name="comment">$INFO[Window(Home).Property(LatestNews.$PARAM[newscenter_id].Desc)]</property>
			<property name="headerpic">$INFO[Window(Home).Property(LatestNews.$PARAM[newscenter_id].HeaderPic)]</property>
			<icon>$INFO[Window(Home).Property(LatestNews.$PARAM[newscenter_id].Logo)]</icon>
			<visible>!IsEmpty(Window(Home).Property(LatestNews.$PARAM[newscenter_id].Title))</visible>
			<actualicon>$INFO[Window(Home).Property(LatestNews.$PARAM[newscenter_id].Logo)]</actualicon>
			<onclick>-</onclick>
		</item>
	</include>
	<include name="HomeNewsCenter">
		<control type="group">
			<visible>!IsEmpty(Container(77777).ListItem().Label)</visible>
			<control type="image">
				<description>Background Focused</description>
				<left>0</left>
				<top>110</top>
				<width>150</width>
				<height>350</height>
				<texture flipx="true">SideFade.png</texture>
				<visible>Control.HasFocus(77777)</visible>
				<include>openclosevisible</include>
			</control>
			<control type="image">
				<description>Background Focused</description>
				<left>1130</left>
				<top>110</top>
				<width>150</width>
				<height>350</height>
				<texture>SideFade.png</texture>
				<visible>Control.HasFocus(77777)</visible>
				<include>openclosevisible</include>
			</control>
		</control>
		<control type="group" id="290">
			<left>160</left>
			<top>120</top>
			<visible>Container(9000).Hasfocus(25)</visible>
			<include>openclosevisible</include>
			<control type="group">
				<visible>!IsEmpty(Container(77777).ListItem().Label)</visible>
				<control type="image">
					<description>Background</description>
					<left>-10</left>
					<top>-10</top>
					<width>980</width>
					<height>350</height>
					<texture>BlackBack.png</texture>
				</control>
				<control type="image">
					<description>Background</description>
					<left>-10</left>
					<top>-10</top>
					<width>980</width>
					<height>350</height>
					<texture border="2">buttons/ButtonNF.png</texture>
				</control>
				<control type="image">
					<description>Background Focused</description>
					<left>0</left>
					<top>0</top>
					<width>960</width>
					<height>330</height>
					<colordiffuse>grey</colordiffuse>
					<texture>WhiteBack.png</texture>
					<visible>Control.HasFocus(77777)</visible>
					<include>openclosevisible</include>
				</control>
			</control>
			<control type="list" id="77777">
				<left>0</left>
				<top>0</top>
				<width>960</width>
				<height>330</height>
				<onleft>77777</onleft>
				<onright>77777</onright>
				<onup>-</onup>
				<ondown>9000</ondown>
				<viewtype label="535">list</viewtype>
				<pagecontrol>-</pagecontrol>
				<scrolltime>200</scrolltime>
				<orientation>Horizontal</orientation>
				<autoscroll time="15000" delay="5000" repeat="5000">!Control.HasFocus(77777)</autoscroll>
				<itemlayout height="220" width="240">
				</itemlayout>
				<focusedlayout height="330" width="960">
					<control type="image">
						<left>20</left>
						<top>20</top>
						<width>383</width>
						<height>290</height>
						<aspectratio>scale</aspectratio>
						<texture background="true">$INFO[ListItem.Icon]</texture>
					</control>
					<control type="image">
						<left>30</left>
						<top>30</top>
						<width>450</width>
						<height>40</height>
						<aspectratio align="left" aligny="top">keep</aspectratio>
						<texture>$INFO[ListItem.Property(headerpic)]</texture>
						<bordersize>5</bordersize>
					</control>
					<control type="label">
						<left>430</left>
						<top>18</top>
						<width>510</width>
						<height>30</height>
						<textcolor>grey</textcolor>
						<selectedcolor>selected</selectedcolor>
						<label>$INFO[ListItem.Label2]</label>
						<visible>!Control.HasFocus(77777)</visible>
					</control>
					<control type="label">
						<left>430</left>
						<top>18</top>
						<width>510</width>
						<height>30</height>
						<textcolor>grey3</textcolor>
						<selectedcolor>selected</selectedcolor>
						<label>$INFO[ListItem.Label2]</label>
						<visible>Control.HasFocus(77777)</visible>
					</control>
					<control type="label">
						<left>430</left>
						<top>42</top>
						<width>510</width>
						<height>30</height>
						<font>ubuntu-r19b</font>
						<textcolor>white</textcolor>
						<label>$INFO[ListItem.Label]</label>
						<visible>!Control.HasFocus(77777)</visible>
					</control>
					<control type="label">
						<left>430</left>
						<top>42</top>
						<width>510</width>
						<height>30</height>
						<font>ubuntu-r19b</font>
						<textcolor>red</textcolor>
						<label>$INFO[ListItem.Label]</label>
						<visible>Control.HasFocus(77777)</visible>
					</control>
					<control type="textbox">
						<left>430</left>
						<top>80</top>
						<width>510</width>
						<height>230</height>
						<align>left</align>
						<textcolor>grey</textcolor>
						<label>$INFO[ListItem.Property(comment)]</label>
						<visible>!Control.HasFocus(77777)</visible>
					</control>
					<control type="textbox">
						<left>430</left>
						<top>80</top>
						<width>510</width>
						<height>230</height>
						<align>left</align>
						<textcolor>grey3</textcolor>
						<label>$INFO[ListItem.Property(comment)]</label>
						<visible>Control.HasFocus(77777)</visible>
					</control>
				</focusedlayout>
				<content>
					<include name="NewsCenterItem">
						<param name="newscenter_id" value="0" />
					</include>
					<include name="NewsCenterItem">
						<param name="newscenter_id" value="1" />
					</include>
					<include name="NewsCenterItem">
						<param name="newscenter_id" value="2" />
					</include>
					<include name="NewsCenterItem">
						<param name="newscenter_id" value="3" />
					</include>
					<include name="NewsCenterItem">
						<param name="newscenter_id" value="4" />
					</include>
					<include name="NewsCenterItem">
						<param name="newscenter_id" value="5" />
					</include>
					<include name="NewsCenterItem">
						<param name="newscenter_id" value="6" />
					</include>
					<include name="NewsCenterItem">
						<param name="newscenter_id" value="7" />
					</include>
					<include name="NewsCenterItem">
						<param name="newscenter_id" value="8" />
					</include>
					<include name="NewsCenterItem">
						<param name="newscenter_id" value="9" />
					</include>
					<include name="NewsCenterItem">
						<param name="newscenter_id" value="10" />
					</include>
					<include name="NewsCenterItem">
						<param name="newscenter_id" value="11" />
					</include>
					<include name="NewsCenterItem">
						<param name="newscenter_id" value="12" />
					</include>
					<include name="NewsCenterItem">
						<param name="newscenter_id" value="13" />
					</include>
					<include name="NewsCenterItem">
						<param name="newscenter_id" value="14" />
					</include>
					<include name="NewsCenterItem">
						<param name="newscenter_id" value="15" />
					</include>
					<include name="NewsCenterItem">
						<param name="newscenter_id" value="16" />
					</include>
					<include name="NewsCenterItem">
						<param name="newscenter_id" value="17" />
					</include>
					<include name="NewsCenterItem">
						<param name="newscenter_id" value="18" />
					</include>
					<include name="NewsCenterItem">
						<param name="newscenter_id" value="19" />
					</include>
					<include name="NewsCenterItem">
						<param name="newscenter_id" value="20" />
					</include>
				</content>
			</control>
			<control type="button">
				<description>left Arrow</description>
				<left>-50</left>
				<top>130</top>
				<width>30</width>
				<height>60</height>
				<texturefocus>ArrowBig.png</texturefocus>
				<texturenofocus>ArrowBig.png</texturenofocus>
				<onclick>Control.Move(77777,-1)</onclick>
				<visible>Control.HasFocus(77777) + Container(77777).HasPrevious</visible>
				<include>openclosevisible</include>
			</control>
			<control type="button">
				<description>right Arrow</description>
				<left>980</left>
				<top>130</top>
				<width>30</width>
				<height>60</height>
				<texturefocus>ArrowBig.png</texturefocus>
				<texturenofocus>ArrowBig.png</texturenofocus>
				<onclick>Control.Move(77777,1)</onclick>
				<visible>Control.HasFocus(77777) + Container(77777).HasNext</visible>
				<include>openclosevisible</include>
				<animation effect="rotate" end="180" time="0" center="auto" condition="true">Conditional</animation>
			</control>
		</control>
	</include>
</includes>

