<?xml version="1.0" encoding="UTF-8"?>
<window>
	<defaultcontrol>-</defaultcontrol>
	<onload condition="Skin.HasSetting(fanart)+Player.HasAudio">RunScript(script.artistslideshow, daemon=True)</onload>
	<include>openclose</include>
	<controls>
		<control type="group">
			<include>GlobalBackground</include>
			<control type="group">
				<visible>![Window.IsVisible(AddonSettings)|Window.IsVisible(SelectDialog)|Window.IsVisible(VisualisationPresetList)]</visible>
				<include>openclosevisibledelay</include>
				<control type="group">
					<control type="group" id="3000"> <!-- Info Panels -->
						<top>30</top>
						<visible>!Window.IsVisible(script-XBMC_Lyrics-main.xml)+!Window.IsVisible(script-cu-lrclyrics-main.xml)+!Window.IsVisible(musicosd)</visible>
						<visible>Skin.HasSetting(VizPanel)</visible>
						<visible>Control.IsVisible(999)|Control.IsVisible(997)</visible>
						<include>opencloseslidedown</include>
						<control type="group"> <!-- SysteminfoPanel -->
							<left>0</left>
							<top>30</top>
							<include>opencloseslidedown</include>
							<control type="image">
								<left>21</left>
								<top>21</top>
								<width>250</width>
								<height>230</height>
								<colordiffuse>menudiffuse</colordiffuse>
								<texture background="true">BlackBack.png</texture>
							</control>
							<control type="grouplist">
								<visible>Player.IsInternetStream|Pvr.IsPlayingRadio</visible>
								<left>35</left>
								<top>30</top>
								<width>235</width>
								<height>200</height>
								<itemgap>-5</itemgap>
								<control type="label">
									<description>XBMC XBE BUILD Version</description>
									<width>230</width>
									<align>left</align>
									<font>ubuntu-r13b</font>
									<textcolor>grey</textcolor>
									<shadowcolor>black</shadowcolor>
									<label>$INFO[System.BuildVersion]</label>
								</control>
								<control type="label">
									<description>Kernel</description>
									<width>230</width>
									<align>left</align>
									<font>ubuntu-r13b</font>
									<textcolor>grey</textcolor>
									<shadowcolor>black</shadowcolor>
									<label>$INFO[System.KernelVersion]</label>
								</control>
								<control type="label">
									<description>Screen</description>
									<width>230</width>
									<align>left</align>
									<font>ubuntu-r13b</font>
									<textcolor>grey</textcolor>
									<shadowcolor>black</shadowcolor>
									<label>$INFO[System.ScreenMode]</label>
								</control>
								<control type="label">
									<description>Network</description>
									<width>230</width>
									<align>left</align>
									<font>ubuntu-r13b</font>
									<textcolor>grey</textcolor>
									<shadowcolor>black</shadowcolor>
									<label>$INFO[Network.IPAddress]00$INFO[Network.MacAddress,|,]</label>
								</control>
								<control type="label">
									<description>FPS</description>
									<width>230</width>
									<font>ubuntu-r13b</font>
									<textcolor>grey</textcolor>
									<shadowcolor>black</shadowcolor>
									<label>FPS: $INFO[System.FPS]</label>
								</control>
								<control type="label">
									<description>CpuFrequency</description>
									<width>230</width>
									<font>ubuntu-r13b</font>
									<textcolor>grey</textcolor>
									<shadowcolor>black</shadowcolor>
									<label>CPU: $INFO[System.CpuFrequency]</label>
								</control>
								<control type="label">
									<description>CPU Text</description>
									<width>230</width>
									<font>ubuntu-r13b</font>
									<textcolor>grey</textcolor>
									<shadowcolor>black</shadowcolor>
									<label>$LOCALIZE[13271] $INFO[System.CPUUsage]</label>
								</control>
								<control type="label">
									<description>Memory Text</description>
									<width>230</width>
									<font>ubuntu-r13b</font>
									<textcolor>grey</textcolor>
									<shadowcolor>black</shadowcolor>
									<label>$LOCALIZE[31309] $INFO[system.memory(used.percent)]</label>
								</control>
							</control>
							<control type="image">
								<visible>!Player.IsInternetStream+!Pvr.IsPlayingRadio</visible>
								<left>25</left>
								<top>25</top>
								<width>242</width>
								<height>222</height>
								<aspectratio>keep</aspectratio>
								<texture fallback="center/Center_Fav.png">$INFO[Skin.String(Music_Folder_Path)]$INFO[MusicPlayer.Artist,,/logo.png]</texture>
							</control>
							<control type="image">
								<left>20</left>
								<top>20</top>
								<width>252</width>
								<height>232</height>
								<texture border="5" background="true">masks/Default.png</texture>
							</control>
						</control>
						<control type="group"> <!-- Nexttrackplaylist / Weather -->
							<left>282</left>
							<top>35</top>
							<include>opencloseslidedown</include>
							<control type="image">
								<left>41</left>
								<top>3</top>
								<width>638</width>
								<height>228</height>
								<colordiffuse>menudiffuse</colordiffuse>
								<texture background="true">BlackBack.png</texture>
							</control>
							<control type="group">
								<visible>Player.IsInternetStream|Pvr.IsPlayingRadio</visible>
								<control type="grouplist">
									<description>Control Area</description>
									<left>40</left>
									<top>0</top>
									<width>638</width>
									<height>230</height>
									<itemgap>1</itemgap>
									<orientation>vertical</orientation>
									<control type="multiimage">
										<description>current weather icon</description>
										<width>280</width>
										<height>230</height>
										<imagepath>$VAR[WeatherIconVar]$INFO[Window(Weather).Property(Day0.Fanartcode)]$VAR[WeatherIconAnimatedVar]</imagepath>
										<timeperimage>100</timeperimage>
										<randomize>false</randomize>
										<fadetime>10</fadetime>
										<aspectratio>keep</aspectratio>
									</control>
								</control>
								<control type="image">
									<left>50</left>
									<top>164</top>
									<width>100</width>
									<height>60</height>
									<aspectratio align="left" aligny="bottom">keep</aspectratio>
									<texture background="true">$INFO[Window(Weather).Property(WeatherProviderLogo)]</texture>
								</control>
								<control type="grouplist">
									<description>Control Area</description>
									<left>50</left>
									<top>40</top>
									<width>600</width>
									<height>230</height>
									<itemgap>2</itemgap>
									<orientation>vertical</orientation>
									<control type="label">
										<width>600</width>
										<height>20</height>
										<font>ubuntu-r16b</font>
										<textcolor>selected</textcolor>
										<shadowcolor>black</shadowcolor>
										<align>right</align>
										<aligny>center</aligny>
										<label>[COLOR=grey]$LOCALIZE[35500]: [/COLOR]$INFO[Window(Weather).Property(Location)]</label>
									</control>
									<control type="label">
										<width>600</width>
										<height>20</height>
										<font>ubuntu-r16b</font>
										<textcolor>selected</textcolor>
										<shadowcolor>black</shadowcolor>
										<align>right</align>
										<aligny>center</aligny>
										<label>[COLOR=grey]$LOCALIZE[33020]: [/COLOR]$INFO[Window(Weather).Property(Current.Condition)]</label>
									</control>
									<control type="label">
										<width>600</width>
										<height>20</height>
										<font>ubuntu-r16b</font>
										<textcolor>selected</textcolor>
										<shadowcolor>black</shadowcolor>
										<align>right</align>
										<aligny>center</aligny>
										<label>[COLOR=grey]$LOCALIZE[143] [/COLOR]$INFO[Window(Weather).Property(Current.Temperature),,°]</label>
									</control>
									<control type="label">
										<width>600</width>
										<height>20</height>
										<font>ubuntu-r16b</font>
										<textcolor>selected</textcolor>
										<shadowcolor>black</shadowcolor>
										<align>right</align>
										<aligny>center</aligny>
										<label>[COLOR=grey]$LOCALIZE[376]: [/COLOR]$INFO[Window(Weather).Property(Daily.1.Precipitation),,]</label>
									</control>
									<control type="label">
										<width>600</width>
										<height>20</height>
										<font>ubuntu-r16b</font>
										<textcolor>selected</textcolor>
										<shadowcolor>black</shadowcolor>
										<align>right</align>
										<aligny>center</aligny>
										<label>[COLOR=grey]$LOCALIZE[33027]: [/COLOR]$INFO[Window(Weather).Property(Today.Sunrise),,]</label>
									</control>
									<control type="label">
										<width>600</width>
										<height>20</height>
										<font>ubuntu-r16b</font>
										<textcolor>selected</textcolor>
										<shadowcolor>black</shadowcolor>
										<align>right</align>
										<aligny>center</aligny>
										<label>[COLOR=grey]$LOCALIZE[33028]: [/COLOR]$INFO[Window(Weather).Property(Today.Sunset),,]</label>
									</control>
									<control type="label">
										<description>update label</description>
										<width>600</width>
										<height>20</height>
										<font>ubuntu-r16b</font>
										<textcolor>selected</textcolor>
										<shadowcolor>black</shadowcolor>
										<align>right</align>
										<aligny>center</aligny>
										<label>[COLOR=grey]$LOCALIZE[31301]: [/COLOR]$INFO[Window(Weather).Property(Updated),,]</label>
									</control>
								</control>
							</control>
							<control type="group">
								<visible>!Player.IsInternetStream+!Pvr.IsPlayingRadio</visible>
								<control type="grouplist" id="555">
									<left>50</left>
									<top>10</top>
									<width>500</width>
									<height>720</height>
									<align>left</align>
									<itemgap>0</itemgap>
									<orientation>vertical</orientation>
										<include>NextTracksPlaylist_Content</include>
								</control>
								<control type="label">
									<description>Partymode Header label</description>
									<animation effect="rotate" start="0" end="90" center="auto" time="0" condition="true">Conditional</animation>
									<left>550</left>
									<top>100</top>
									<width>230</width>
									<height>30</height>
									<font>font16</font>
									<align>center</align>
									<textcolor>grey</textcolor>
									<shadowcolor>black</shadowcolor>
									<label>($LOCALIZE[589] [COLOR=selected]$LOCALIZE[16041][/COLOR])</label>
									<visible>MusicPartyMode.Enabled</visible>
								</control>
							</control>
							<control type="image">
								<left>40</left>
								<top>2</top>
								<width>640</width>
								<height>230</height>
								<texture border="5" background="true">masks/Default.png</texture>
							</control>
						</control>
						<control type="group"> <!-- Artistinfos / extrafanarts -->
							<control type="group">
								<left>270r</left>
								<top>30</top>
								<include>opencloseslidedown</include>
								<control type="image">
									<left>1</left>
									<top>21</top>
									<width>250</width>
									<height>230</height>
									<colordiffuse>menudiffuse</colordiffuse>
									<texture background="true">BlackBack.png</texture>
								</control>
								<control type="grouplist">
									<description>Control Area</description>
									<left>10</left>
									<top>30</top>
									<width>230</width>
									<height>230</height>
									<itemgap>1</itemgap>
									<aligny>center</aligny>
									<orientation>vertical</orientation>
									<visible>!Player.IsInternetStream+!Pvr.IsPlayingRadio</visible>
									<control type="label">
										<width>230</width>
										<height>20</height>
										<font>font16</font>
										<textcolor>selected</textcolor>
										<shadowcolor>black</shadowcolor>
										<align>right</align>
										<aligny>center</aligny>
										<label>[COLOR=grey]$LOCALIZE[35500]: [/COLOR]$INFO[Window(Weather).Property(Location)]</label>
									</control>
									<control type="label">
										<width>230</width>
										<height>20</height>
										<font>font16</font>
										<textcolor>selected</textcolor>
										<shadowcolor>black</shadowcolor>
										<align>right</align>
										<aligny>center</aligny>
										<label>[COLOR=grey]$LOCALIZE[33020]: [/COLOR]$INFO[Window(Weather).Property(Current.Condition)]</label>
									</control>
									<control type="label">
										<width>230</width>
										<height>20</height>
										<font>font16</font>
										<textcolor>selected</textcolor>
										<shadowcolor>black</shadowcolor>
										<align>right</align>
										<aligny>center</aligny>
										<label>[COLOR=grey]$LOCALIZE[143] [/COLOR]$INFO[Window(Weather).Property(Current.Temperature),,°]</label>
									</control>
									<control type="label">
										<width>230</width>
										<height>20</height>
										<font>font16</font>
										<textcolor>selected</textcolor>
										<shadowcolor>black</shadowcolor>
										<align>right</align>
										<aligny>center</aligny>
										<label>[COLOR=grey]$LOCALIZE[376]: [/COLOR]$INFO[Window(Weather).Property(Daily.1.Precipitation),,]</label>
									</control>
									<control type="label">
										<width>230</width>
										<height>20</height>
										<font>font16</font>
										<textcolor>selected</textcolor>
										<shadowcolor>black</shadowcolor>
										<align>right</align>
										<aligny>center</aligny>
										<label>[COLOR=grey]$LOCALIZE[33027]: [/COLOR]$INFO[Window(Weather).Property(Today.Sunrise),,]</label>
									</control>
									<control type="label">
										<width>230</width>
										<height>20</height>
										<font>font16</font>
										<textcolor>selected</textcolor>
										<shadowcolor>black</shadowcolor>
										<align>right</align>
										<aligny>center</aligny>
										<label>[COLOR=grey]$LOCALIZE[33028]: [/COLOR]$INFO[Window(Weather).Property(Today.Sunset),,]</label>
									</control>
									<control type="label">
										<description>update label</description>
										<width>230</width>
										<height>20</height>
										<font>font16</font>
										<textcolor>selected</textcolor>
										<shadowcolor>black</shadowcolor>
										<align>right</align>
										<aligny>center</aligny>
										<label>[COLOR=grey]$LOCALIZE[31301]: [/COLOR]$INFO[Window(Weather).Property(Updated),,]</label>
									</control>
								</control>
								<control type="multiimage">
									<left>0</left>
									<top>20</top>
									<width>252</width>
									<height>232</height>
									<aspectratio>scale</aspectratio>
									<timeperimage>4000</timeperimage>
									<fadetime>800</fadetime>
									<randomize>true</randomize>
									<visible>Skin.HasSetting(music_art)</visible>
									<imagepath background="true" border="4" diffuse="masks/mask.png">$INFO[Skin.String(Music_Folder_Path)]$INFO[MusicPlayer.Artist,,/extrafanart]</imagepath>
									<visible>!Player.IsInternetStream+!Pvr.IsPlayingRadio</visible>
								</control>
								<control type="image">
									<left>5</left>
									<top>25</top>
									<width>242</width>
									<height>222</height>
									<aspectratio>scale</aspectratio>
									<texture background="true" fallback="center/Center_Fav.png">$INFO[MusicPlayer.Cover]</texture>
									<visible>Pvr.IsPlayingRadio</visible>
								</control>
								<control type="image">
									<visible>Player.IsInternetStream</visible>
									<left>0</left>
									<top>20</top>
									<width>252</width>
									<height>232</height>
									<aspectratio>keep</aspectratio>
									<texture background="true">DefaultStream.png</texture>
								</control>
								<control type="image">
									<left>0</left>
									<top>20</top>
									<width>252</width>
									<height>232</height>
									<texture border="5" background="true">masks/Default.png</texture>
								</control>
							</control>
						</control>
					</control>
					<control type="group">
						<visible>!Control.IsVisible(997)+!Control.IsVisible(3000)</visible>
						<visible>Skin.HasSetting(playlist)</visible>
						<include>opencloseslideup</include>
						<include>NextTracksPlaylist</include>
					</control>
					<control type="group">
						<visible>!Window.IsVisible(script-XBMC_Lyrics-main.xml)+!Window.IsVisible(script-cu-lrclyrics-main.xml)</visible>
						<include>NavInfo</include>
						<control type="group">
							<animation effect="slide" end="0,20" condition="system.getbool(lookandfeel.enablerssfeeds)">Conditional</animation>
							<visible>!Skin.HasSetting(VizPanel)</visible>
							<include>BandLogo</include>
						</control>
						<control type="group">
							<animation effect="fade" time="200">VisibleChange</animation>
							<visible>![Window.IsVisible(AddonSettings) | Window.IsVisible(SelectDialog) | Window.IsVisible(VisualisationPresetList)]</visible>
							<include>openclosevisible</include>
							<control type="group" id="999"> <!-- standart Nowplaying @ Fullscreen -->
								<visible>!Skin.HasSetting(onlyradioviz)+!Skin.HasSetting(altnowplaying)+[!Player.IsInternetStream|Skin.HasSetting(noradioviz)]</visible>
								<visible>Player.ShowInfo | Window.IsActive(MusicOSD)|Player.Paused|Player.Forwarding|Player.Rewinding</visible>
								<include>opencloseslideup</include>
								<control type="group">
									<control type="image">
										<left>-10</left>
										<top>550</top>
										<width>1300</width>
										<height>180</height>
										<texture background="true">Shadow.png</texture>
										<visible>!Skin.HasSetting(playlist)|IsEmpty(MusicPlayer.Offset(1).Title)</visible>
										<include>opencloseslideup</include>
									</control>
									<control type="group"> <!-- cdart @ standart NowPlaying -->
										<animation effect="slide" start="-100" end="0" time="900" tween="cubic" easing="out" delay="1500">WindowOpen</animation>
										<animation effect="slide" start="-100" end="0" time="900" tween="cubic" easing="out" delay="1500">Visible</animation>
										<animation type="WindowClose">
											<effect type="slide" start="0" end="-1000" time="100" tween="cubic" easing="in" delay="0"/>
											<effect type="fade" start="100" end="0" time="50"/>
											<condition type="!Player.Playing"/>
										</animation>
										<left>194</left>
										<top>410</top>
										<include>cdart_player</include>
										<visible>Skin.HasSetting(music_art)</visible>
										<visible>!Player.IsInternetStream</visible>
										<animation effect="fade" time="200">VisibleChange</animation>
									</control>
									<control type="group">
										<description>NowPlaying</description>
										<left>5</left>
										<top>310</top>
										<animation effect="fade" time="200">VisibleChange</animation>
										<control type="image">
											<left>83</left>
											<top>96</top>
											<width>185</width>
											<height>185</height>
											<aspectratio scalediffuse="false">scale</aspectratio>
											<fadetime>400</fadetime>
											<texture background="true" diffuse="masks/CdCoverMask.png" fallback="DefaultAlbumCover.png">$INFO[MusicPlayer.Cover]</texture>
										</control>
										<control type="image">
											<left>0</left>
											<top>0</top>
											<height>360</height>
											<width>600</width>
											<texture background="true">masks/NowPlayingHome.png</texture>
										</control>
										<control type="image">
											<left>8</left>
											<top>271</top>
											<width>80</width>
											<height>80</height>
											<texture background="true">$VAR[OSDTexture]</texture>
										</control>
										<control type="label">
											<left>125</left>
											<top>313</top>
											<width>400</width>
											<height>20</height>
											<font>impacted21</font>
											<shadowcolor>-</shadowcolor>
											<label>$VAR[HomeOSDTitle]</label>
										</control>
										<control type="label">
											<left>125</left>
											<top>336</top>
											<width>420</width>
											<height>20</height>
											<font>impacted21</font>
											<shadowcolor>-</shadowcolor>
											<label>$VAR[HomeOSDLabel]</label>
										</control>
										<control type="progress">
											<description>Progressbar</description>
											<left>124</left>
											<top>292</top>
											<width>322</width>
											<height>10</height>
											<info>Player.Progress</info>
										</control>
										<control type="label">
											<left>-1</left>
											<top>160</top>
											<width>150</width>
											<height>30</height>
											<align>left</align>
											<aligny>bottom</aligny>
											<font>impacted18</font>
											<shadowcolor>-</shadowcolor>
											<textcolor>white</textcolor>
											<label>$INFO[MusicPlayer.Album]</label>
											<animation effect="rotate" center="auto" end="90" time="0" condition="true">Conditional</animation> 
										</control>
										<control type="image">
											<left>-100</left>
											<top>359</top>
											<width>820</width>
											<height>1</height>
											<texture background="true">Separator2.png</texture>
										</control>
									</control>
									<control type="group">
										<left>0</left>
										<top>440</top>
										<animation effect="fade" time="200">VisibleChange</animation>
										<control type="group">
											<left>10</left>
											<top>240</top>
											<control type="image">
												<description>Audio Codec Image</description>
												<left>0</left>
												<top>0</top>
												<width>80</width>
												<height>35</height>
												<aspectratio align="right">keep</aspectratio>
												<texture background="true">$INFO[MusicPlayer.Channels,flagging/audio/,.png]</texture>
											</control>
											<control type="image">
												<description>Audio Codec Image</description>
												<left>90</left>
												<top>0</top>
												<width>80</width>
												<height>35</height>
												<aspectratio align="right">keep</aspectratio>
												<texture background="true">$INFO[MusicPlayer.Codec,flagging/audio/,.png]</texture>
											</control>
											<control type="label">
												<description>Audio Codec Image</description>
												<left>180</left>
												<top>0</top>
												<width>90</width>
												<height>35</height>
												<label>$INFO[MusicPlayer.BitRate,, kbit/s]</label>
												<visible>!IsEmpty(MusicPlayer.BitRate)</visible>
											</control>
											<control type="label">
												<description>Audio Codec Image</description>
												<left>280</left>
												<top>0</top>
												<width>80</width>
												<height>35</height>
												<label>$INFO[MusicPlayer.SampleRate,,kHz]</label>
												<visible>!IsEmpty(MusicPlayer.SampleRate)</visible>
											</control>
											<control type="image">
												<description>Rating</description>
												<left>360</left>
												<top>0</top>
												<width>110</width>
												<height>35</height>
												<aspectratio align="center">keep</aspectratio>
												<texture fallback="LeftRating/rating0.png">$INFO[Player.StarRating,LeftRating/]</texture>
												<visible>!Player.IsInternetStream</visible>
											</control>
										</control>
										<control type="label">
											<left>500r</left>
											<top>234</top>
											<width>480</width>
											<height>20</height>
											<align>right</align>
											<font>impacted54</font>
											<textcolor>white</textcolor>
											<shadowcolor>-</shadowcolor>
											<label>$INFO[MusicPlayer.Time]$INFO[MusicPlayer.Duration,/,]</label>
											<visible>!IsEmpty(Player.TimeRemaining)</visible>
										</control>
									</control>
								</control>
							</control>
							<control type="group" id="998"> <!-- alternative Nowplaying @ Fullscreen -->
								<visible>!Skin.HasSetting(onlyradioviz)+Skin.HasSetting(altnowplaying)+[!Player.IsInternetStream|Skin.HasSetting(noradioviz)]</visible>
								<visible>Player.ShowInfo|Window.IsActive(MusicOSD)|Player.Paused|Player.Forwarding|Player.Rewinding</visible>
								<include>openclosevisible</include>
								<control type="group">
									<include>openclosebox</include>
									<control type="image">
										<left>0</left>
										<top>0</top>
										<width>1280</width>
										<height>720</height>
										<colordiffuse>fanartdiffuse</colordiffuse>
										<texture background="true">extras/backgrounds/03.jpg</texture>
										<visible>!Skin.HasSetting(playlist)|IsEmpty(MusicPlayer.Offset(1).Title)</visible>
									</control>
									<control type="image">
										<left>-10</left>
										<top>530</top>
										<width>1300</width>
										<height>200</height>
										<texture background="true">Shadow.png</texture>
										<include>opencloseslideup</include>
									</control>
									<control type="group">
										<animation effect="slide" end="-200" time="200" condition="Skin.HasSetting(playlist)+!IsEmpty(MusicPlayer.Offset(1).Title)">Conditional</animation>
										<control type="group">
											<left>540</left>
											<top>360</top>
											<control type="group">
												<visible>!IsEmpty(Player.TimeRemaining)</visible>
												<control type="image">
													<left>310</left>
													<top>110</top>
													<width>108</width>
													<height>108</height>
													<texture background="true">cdart/circledisplay.png</texture>
												</control>
												<control type="label">
													<left>291</left>
													<top>148</top>
													<width>70</width>
													<height>30</height>
													<align>right</align>
													<font>impacted26</font>
													<textcolor>grey3</textcolor>
													<shadowcolor>-</shadowcolor>
													<label>$INFO[Player.TimeRemaining(mm)]</label>
												</control>
												<control type="label">
													<left>361</left>
													<top>148</top>
													<width>70</width>
													<height>30</height>
													<align>left</align>
													<font>impacted26</font>
													<textcolor>grey3</textcolor>
													<shadowcolor>-</shadowcolor>
													<label>:$INFO[Player.TimeRemaining(ss)]</label>
												</control>
												<control type="group">
													<include>openclosevisible</include>
													<visible>Player.Forwarding|Player.Rewinding</visible>
													<control type="label">
														<left>350</left>
														<top>120</top>
														<width>30</width>
														<height>30</height>
														<align>center</align>
														<font>impacted18</font>
														<textcolor>grey3</textcolor>
														<shadowcolor>-</shadowcolor>
														<label>$VAR[OSDText]</label>
													</control>
													<control type="label">
														<visible>Player.Forwarding</visible>
														<visible>![Player.Forwarding16x|Player.Forwarding32x]</visible>
														<left>360</left>
														<top>175</top>
														<width>70</width>
														<height>30</height>
														<align>left</align>
														<font>impacted21</font>
														<textcolor>grey3</textcolor>
														<shadowcolor>-</shadowcolor>
														<label>></label>
													</control>
													<control type="label">
														<visible>Player.Forwarding16x|Player.Forwarding32x</visible>
														<left>355</left>
														<top>175</top>
														<width>70</width>
														<height>30</height>
														<align>left</align>
														<font>impacted21</font>
														<textcolor>grey3</textcolor>
														<shadowcolor>-</shadowcolor>
														<label>>></label>
													</control>
													<control type="label">
														<visible>Player.Rewinding</visible>
														<visible>![Player.Rewinding16x|Player.Rewinding32x]</visible>
														<left>358</left>
														<top>175</top>
														<width>70</width>
														<height>30</height>
														<align>left</align>
														<font>impacted21</font>
														<textcolor>grey3</textcolor>
														<shadowcolor>-</shadowcolor>
														<label>$LOCALIZE[51459]</label>
													</control>
													<control type="label">
														<visible>Player.Rewinding16x|Player.Rewinding32x</visible>
														<left>352</left>
														<top>175</top>
														<width>70</width>
														<height>30</height>
														<align>left</align>
														<font>impacted21</font>
														<textcolor>grey3</textcolor>
														<shadowcolor>-</shadowcolor>
														<label>$LOCALIZE[51461]</label>
													</control>
												</control>
												<control type="label">
													<include>openclosevisible</include>
													<visible>Player.Paused</visible>
													<left>358</left>
													<top>175</top>
													<width>70</width>
													<height>30</height>
													<align>left</align>
													<font>impacted21</font>
													<textcolor>grey3</textcolor>
													<shadowcolor>-</shadowcolor>
													<label>II</label>
												</control>
											</control>
										</control>
										<control type="image">
											<left>396</left>
											<top>116</top>
											<width>488</width>
											<height>488</height>
											<texture background="true">cdart/circle.png</texture>
										</control>
										<control type="image">
											<description>Cd Disc</description>
											<left>555</left>
											<top>275</top>
											<width>170</width>
											<height>170</height>
											<fadetime>FadeTime</fadetime>
											<texture colordiffuse="grey1" diffuse="masks/cdart_mask.png">White.png</texture>
											<visible>SubString(Control.GetLabel(80),Empty.png)|Player.IsInternetStream</visible>
										</control>
										<control type="group">
											<visible>Control.IsVisible(998)</visible>
											<control type="group">
												<visible>Player.HasAudio</visible>
												<left>405</left>
												<top>125</top>
												<width>472</width>
												<height>472</height>
												<animation effect="rotate" end="-360" center="auto" time="8000" loop="true" reversible="true" condition="!Player.Paused">Conditional</animation>
												<control type="image">
													<description>Cd Disc</description>
													<left>150</left>
													<top>150</top>
													<width>170</width>
													<height>170</height>
													<texture>Black.png</texture>
												</control>
												<control type="image" id="80">
													<description>Cd Disc</description>
													<left>150</left>
													<top>150</top>
													<width>170</width>
													<height>170</height>
													<fadetime>FadeTime</fadetime>
													<texture fallback="Empty.png" background="true" diffuse="masks/cdart_mask.png">$INFO[Player.FolderPath,,cdart.png]</texture>
													<visible>Skin.HasSetting(music_art)</visible>
												</control>
												<control type="image">
													<left>0</left>
													<top>0</top>
													<width>472</width>
													<height>472</height>
													<texture background="true">cdart/default_vinyl.png</texture>
												</control>
												<control type="image" id="80">
													<description>Cd Disc</description>
													<left>150</left>
													<top>150</top>
													<width>170</width>
													<height>170</height>
													<fadetime>FadeTime</fadetime>
													<texture background="true" diffuse="masks/cdart_mask.png">$INFO[MusicPlayer.Cover]</texture>
													<visible>SubString(Control.GetLabel(80),Empty.png)|!Skin.HasSetting(music_art)</visible>
												</control>
												<control type="group">
													<visible>!Player.IsInternetStream</visible>
													<control type="label">
														<left>180</left>
														<top>170</top>
														<width>124</width>
														<height>124</height>
														<font>aaaiight14</font>
														<textcolor>white</textcolor>
														<shadowcolor>-</shadowcolor>
														<align>center</align>
														<aligny>top</aligny>
														<wrapmultiline>true</wrapmultiline>
														<label>$INFO[MusicPlayer.Artist]</label>
														<visible>SubString(Control.GetLabel(80),black.png)|!Skin.HasSetting(music_art)</visible>
													</control>
													<control type="label">
														<left>170</left>
														<top>172</top>
														<animation effect="rotate" end="-180" center="auto" time="0" condition="true">Conditional</animation>
														<width>124</width>
														<height>124</height>
														<font>aaaiight14</font>
														<textcolor>white</textcolor>
														<shadowcolor>-</shadowcolor>
														<align>center</align>
														<aligny>top</aligny>
														<wrapmultiline>true</wrapmultiline>
														<label>$INFO[MusicPlayer.Album]</label>
														<visible>SubString(Control.GetLabel(80),black.png)|!Skin.HasSetting(music_art)</visible>
													</control>
												</control>
											</control>
										</control>
										<control type="image">
											<left>255</left>
											<top>190</top>
											<width>238</width>
											<height>440</height>
											<texture background="true" flipy="true" flipx="true">cdart/arm.png</texture>
											<animation effect="rotate" end="-6" center="auto" time="0" condition="true">Conditional</animation>
										</control>
										<control type="image">
											<left>240</left>
											<top>670</top>
											<width>800</width>
											<height>1</height>
											<colordiffuse>menudiffuse</colordiffuse>
											<texture background="true">Separator2.png</texture>
											<include>opencloseslideup</include>
										</control>
										<control type="label">
											<left>240</left>
											<top>635</top>
											<width>800</width>
											<height>30</height>
											<align>center</align>
											<font>ubuntu-r26b</font>
											<label>$INFO[MusicPlayer.Title]</label>
											<include>opencloseslideup</include>
										</control>
										<control type="label">
											<left>240</left>
											<top>670</top>
											<width>800</width>
											<height>30</height>
											<align>center</align>
											<font>ubuntu-r19b</font>
											<textcolor>grey</textcolor>
											<label>$VAR[HomeOSDTitle]</label>
											<include>opencloseslideup</include>
										</control>
									</control>
								</control>
								<control type="grouplist">
									<include>openclosemedium</include>
									<left>400</left>
									<top>70</top>
									<width>500</width>
									<height>200</height>
									<itemgap>2</itemgap>
									<align>center</align>
									<orientation>horizontal</orientation>
									<control type="image">
										<description>Rating</description>
										<left>360</left>
										<top>0</top>
										<width>110</width>
										<height>35</height>
										<aspectratio align="center">keep</aspectratio>
										<texture fallback="LeftRating/rating0.png">$INFO[Player.StarRating,LeftRating/]</texture>
										<visible>!Player.IsInternetStream</visible>
									</control>
									<control type="image">
										<description>Audio Channels Image</description>
										<left>0</left>
										<top>0</top>
										<width>80</width>
										<height>35</height>
										<aspectratio align="right">keep</aspectratio>
										<texture background="true">$INFO[MusicPlayer.Channels,flagging/audio/,.png]</texture>
									</control>
									<control type="image">
										<description>Audio Codec Image</description>
										<left>90</left>
										<top>0</top>
										<width>80</width>
										<height>35</height>
										<aspectratio align="right">keep</aspectratio>
										<texture background="true">$INFO[MusicPlayer.Codec,flagging/audio/,.png]</texture>
									</control>
									<control type="label">
										<description>Audio BitRate Image</description>
										<left>180</left>
										<top>0</top>
										<width>90</width>
										<height>35</height>
										<label>$INFO[MusicPlayer.BitRate,, kbit/s]</label>
										<visible>!IsEmpty(MusicPlayer.BitRate)</visible>
									</control>
									<control type="label">
										<description>Audio SampleRate Image</description>
										<left>270</left>
										<top>0</top>
										<width>80</width>
										<height>35</height>
										<label>$INFO[MusicPlayer.SampleRate,,kHz]</label>
										<visible>!IsEmpty(MusicPlayer.SampleRate)</visible>
									</control>
								</control>
							</control>
							<control type="group" id="997"> <!-- Onlinestream / Radioview @ Fullscreen -->
								<visible>[Player.IsInternetStream|Skin.HasSetting(onlyradioviz)]+[Player.ShowInfo|Window.IsActive(MusicOSD)|Player.Paused|Player.Forwarding|Player.Rewinding]</visible>
								<visible>!Skin.HasSetting(noradioviz)</visible>
								<left>0</left>
								<top>0</top>
								<control type="group">
									<include>openclose</include>
									<include>opencloseslideup</include>
									<animation effect="fade" start="100" end="50" time="200" condition="ControlGroup(9000).HasFocus()|ControlGroup(90000).HasFocus()|Control.HasFocus(9001)">Conditional</animation>
									<animation effect="fade" start="100" end="95" time="200" condition="Window.IsVisible(visualisation)">Conditional</animation>
									<control type="image">
										<left>-10</left>
										<top>585</top>
										<width>1300</width>
										<height>10</height>
										<colordiffuse>fanartdiffuse</colordiffuse>
										<texture background="true">Shadow.png</texture>
									</control>
									<control type="image">
										<left>-10</left>
										<top>594</top>
										<width>1300</width>
										<height>190</height>
										<colordiffuse>selectedhome</colordiffuse>
										<texture background="true">BackSilver.png</texture>
									</control>
									<control type="image">
										<left>-10</left>
										<top>594</top>
										<width>1500</width>
										<height>190</height>
										<texture background="true">Shadow.png</texture>
									</control>
								</control>
								<include>openclose</include>
								<include>opencloseslideup</include>
								<control type="group"> <!-- Speaker -->
									<left>-110</left>
									<top>340</top>
									<control type="image">
										<include>opencloseslideright</include>
										<left>0</left>
										<top>0</top>
										<width>200</width>
										<height>300</height>
										<aspectratio align="left">keep</aspectratio>
										<fadetime>FadeTime</fadetime>
										<texture border="8" background="true">masks/Speaker.png</texture>
									</control>
									<control type="image">
										<include>opencloseslideright</include>
										<left>5</left>
										<top>280</top>
										<width>200</width>
										<height>70</height>
										<colordiffuse>fanartdiffuse</colordiffuse>
										<fadetime>FadeTime</fadetime>
										<texture border="8">ContentPanelMirror.png</texture>
									</control>
									<control type="image">
										<include>opencloseslideleft</include>
										<left>90r</left>
										<top>0</top>
										<width>200</width>
										<height>300</height>
										<aspectratio align="left">keep</aspectratio>
										<fadetime>FadeTime</fadetime>
										<texture background="true" border="8" flipx="true">masks/Speaker.png</texture>
									</control>
									<control type="image">
										<include>opencloseslideleft</include>
										<left>95r</left>
										<top>280</top>
										<width>200</width>
										<height>70</height>
										<colordiffuse>fanartdiffuse</colordiffuse>
										<fadetime>FadeTime</fadetime>
										<texture border="8">ContentPanelMirror.png</texture>
									</control>
								</control>
								<control type="group">
									<description>NowPlaying</description>
									<include>opencloseslideup</include>
									<left>261</left>
									<top>440</top>
									<control type="group">
										<left>40</left>
										<control type="image">
											<left>20</left>
											<top>204</top>
											<width>638</width>
											<height>80</height>
											<fadetime>FadeTime</fadetime>
											<texture flipy="true" border="8" background="true">Shadow.png</texture>
										</control>
										<control type="image">
											<left>10</left>
											<top>234</top>
											<width>659</width>
											<height>176</height>
											<colordiffuse>fanartdiffuse</colordiffuse>
											<fadetime>FadeTime</fadetime>
											<aspectratio>stretch</aspectratio>
											<texture flipy="true" border="15" background="true" diffuse="ContentPanelMirror3.png">masks/Radio.png</texture>
										</control>
										<control type="image">
											<left>10</left>
											<top>60</top>
											<width>658</width>
											<height>176</height>
											<aspectratio>stretch</aspectratio>
											<fadetime>FadeTime</fadetime>
											<texture border="10" background="true">masks/Radio.png</texture>
										</control>
									</control>
									<control type="group">
										<left>10</left>
										<animation effect="slide" start="0" end="40" time="0" reversible="true" condition="!Skin.HasSetting(animation)">Conditional</animation>
										<control type="image">
											<left>0</left>
											<top>60</top>
											<width>658</width>
											<height>176</height>
											<aspectratio>stretch</aspectratio>
											<colordiffuse>description</colordiffuse>
											<texture border="5" background="true">masks/Radiodisplay.png</texture>
										</control>
										<control type="image">
											<left>364</left>
											<top>108</top>
											<width>2</width>
											<height>68</height>
											<colordiffuse>menudiffuse</colordiffuse>
											<texture border="1" background="true">Separator4.png</texture>
										</control>
										<control type="image">
											<left>482</left>
											<top>108</top>
											<width>2</width>
											<height>68</height>
											<colordiffuse>menudiffuse</colordiffuse>
											<texture border="1" background="true">Separator4.png</texture>
										</control>
										<control type="image">
											<left>489</left>
											<top>106</top>
											<width>70</width>
											<height>70</height>
											<aspectratio>keep</aspectratio>
											<fadetime>FadeTime</fadetime>
											<texture diffuse="masks/mask.png" background="true">$INFO[MusicPlayer.Cover]</texture>
										</control>
										<control type="image">
											<left>91</left>
											<top>100</top>
											<width>474</width>
											<height>81</height>
											<texture border="1" background="true">GlassOverlay.png</texture>
										</control>
										<control type="group">
											<visible>!player.passthrough+Skin.HasSetting(animation)</visible>
											<left>576</left>
											<top>90</top>
											<control type="image">
												<description>Lite Volume Logo</description>
												<left>0</left>
												<top>0</top>
												<width>100</width>
												<height>100</height>
												<aspectratio>stretch</aspectratio>
												<texture background="true">VolumeButtonScala.png</texture>
											</control>
											<control type="image">
												<description>Lite Volume Logo</description>
												<include>PlayerVolume</include>
												<left>0</left>
												<top>0</top>
												<width>100</width>
												<height>100</height>
												<aspectratio>stretch</aspectratio>
												<texture background="true">VolumeButton.png</texture>
											</control>
										</control>
										<control type="group"> <!-- StreamInfos OnlineStream -->
											<visible>Player.IsInternetStream</visible>
											<left>30</left>
											<top>104</top>
											<control type="group">
												<control type="label">
													<left>344</left>
													<top>2</top>
													<width>100</width>
													<height>20</height>
													<align>right</align>
													<font>lcd14</font>
													<textcolor>grey3</textcolor>
													<label>$INFO[MusicPlayer.PlaylistPosition]$INFO[MusicPlayer.PlaylistLength,[COLOR=grey2]/[/COLOR],]</label>
												</control>
												<control type="label">
													<description>QualiInfo</description>
													<left>344</left>
													<top>18</top>
													<width>100</width>
													<height>20</height>
													<align>right</align>
													<label>$INFO[MusicPlayer.Codec]</label>
													<font>lcd14</font>
													<textcolor>grey3</textcolor>
													<textoffsetx>0</textoffsetx>
												</control>
												<control type="label" >
													<description>QualiInfo</description>
													<left>344</left>
													<top>36</top>
													<width>100</width>
													<height>20</height>
													<align>right</align>
													<label>$INFO[MusicPlayer.BitRate, , kbit/s]</label>
													<font>lcd14</font>
													<textcolor>grey3</textcolor>
													<textoffsetx>0</textoffsetx>
												</control>
												<control type="label">
													<description>QualiInfo</description>
													<left>344</left>
													<top>54</top>
													<width>100</width>
													<height>20</height>
													<align>right</align>
													<label>$INFO[MusicPlayer.SampleRate,, KHz]$INFO[MusicPlayer.Channels, , CH]</label>
													<font>lcd14</font>
													<textcolor>grey3</textcolor>
													<textoffsetx>0</textoffsetx>
												</control>
											</control>
											<control type="label">
												<description>Artist</description>
												<left>64</left>
												<top>0</top>
												<width>266</width>
												<height>30</height>
												<scroll>true</scroll>
												<align>center</align>
												<font>lcd21</font>
												<label>$VAR[HomeOSDTitle]</label>
											</control>
											<control type="label">
												<description>Artist</description>
												<left>64</left>
												<top>26</top>
												<width>266</width>
												<height>30</height>
												<scroll>true</scroll>
												<align>center</align>
												<font>lcd21</font>
												<label>$VAR[HomeOSDLabel]</label>
											</control>
											<control type="fadelabel">
												<description>GenreInfo</description>
												<left>64</left>
												<top>54</top>
												<width>266</width>
												<height>20</height>
												<align>center</align>
												<scroll>true</scroll>
												<scrollout>true</scrollout>
												<pauseatend>2000</pauseatend>
												<label></label>
												<info>MusicPlayer.Genre</info>
												<font>lcd14</font>
												<textcolor>grey3</textcolor>
												<textoffsetx>0</textoffsetx>
											</control>
										</control>
										<control type="group"> <!-- StreamInfos non OnlineStream -->
											<visible>!Player.IsInternetStream</visible>
											<left>30</left>
											<top>104</top>
											<control type="group">
												<control type="label">
													<left>344</left>
													<top>2</top>
													<width>100</width>
													<height>20</height>
													<align>right</align>
													<font>lcd14</font>
													<textcolor>grey3</textcolor>
													<label>$INFO[MusicPlayer.PlaylistPosition]$INFO[MusicPlayer.PlaylistLength,[COLOR=grey2]/[/COLOR],]</label>
												</control>
												<control type="label" id="5">
													<description>QualiInfo</description>
													<left>344</left>
													<top>18</top>
													<width>100</width>
													<height>20</height>
													<align>right</align>
													<label>$INFO[MusicPlayer.Codec]</label>
													<font>lcd14</font>
													<textcolor>grey3</textcolor>
													<textoffsetx>0</textoffsetx>
												</control>
												<control type="label" id="7">
													<description>QualiInfo</description>
													<left>344</left>
													<top>36</top>
													<width>100</width>
													<height>20</height>
													<align>right</align>
													<label>$INFO[MusicPlayer.BitRate, , kbit/s]</label>
													<font>lcd14</font>
													<textcolor>grey3</textcolor>
													<textoffsetx>0</textoffsetx>
												</control>
												<control type="label" id="8">
													<description>QualiInfo</description>
													<left>344</left>
													<top>54</top>
													<width>100</width>
													<height>20</height>
													<align>right</align>
													<label>$INFO[MusicPlayer.SampleRate,, KHz]$INFO[MusicPlayer.Channels, , CH]</label>
													<font>lcd14</font>
													<textcolor>grey3</textcolor>
													<textoffsetx>0</textoffsetx>
												</control>
											</control>
											<control type="fadelabel" id="4">
												<description>GenreInfo</description>
												<left>64</left>
												<top>54</top>
												<width>266</width>
												<height>20</height>
												<align>center</align>
												<scroll>true</scroll>
												<scrollout>true</scrollout>
												<pauseatend>2000</pauseatend>
												<info>MusicPlayer.Genre</info>
												<font>lcd14</font>
												<textcolor>grey3</textcolor>
												<textoffsetx>0</textoffsetx>
											</control>
											<control type="label" id="3">
												<description>Artist</description>
												<left>64</left>
												<top>-2</top>
												<width>266</width>
												<height>30</height>
												<scroll>true</scroll>
												<align>center</align>
												<font>lcd21</font>
												<label>$VAR[HomeOSDTitle]</label>
												<visible>!Player.IsInternetStream</visible>
											</control>
											<control type="label" id="2">
												<description>Titel</description>
												<left>64</left>
												<top>22</top>
												<width>266</width>
												<height>30</height>
												<scroll>true</scroll>
												<align>center</align>
												<font>lcd21</font>
												<label>$VAR[HomeOSDLabel]</label>
											</control>
										</control>
									</control>
									<control type="label">
										<left>260</left>
										<top>240</top>
										<width>225</width>
										<height>30</height>
										<align>center</align>
										<font>lcd28</font>
										<textcolor>grey</textcolor>
										<label>$INFO[MusicPlayer.Time,,]$INFO[MusicPlayer.Duration, / ,]</label>
										<visible>!IsEmpty(Player.TimeRemaining)</visible>
									</control>
								</control>
							</control>
						</control>
					</control>
					<control type="group"> <!-- musicoverlay -->
						<visible>Skin.HasSetting(musicoverlay_stream)</visible>
						<visible>![Player.ShowInfo|Window.IsActive(MusicOSD)|Player.Paused|Player.Forwarding|Player.Rewinding]</visible>
						<visible>!Window.IsVisible(script-XBMC_Lyrics-main.xml)+!Window.IsVisible(script-cu-lrclyrics-main.xml)</visible>
						<include>opencloseslideup</include>
						<control type="group">
							<left>0</left>
							<top>-15r</top>
							<control type="group">
								<control type="image">
									<left>20</left>
									<top>160r</top>
									<width>130</width>
									<height>130</height>
									<aspectratio>stretch</aspectratio>
									<texture background="true" diffuse="masks/Mask.png">$INFO[MusicPlayer.Cover]</texture>
								</control>
								<control type="image">
									<left>20</left>
									<top>160r</top>
									<width>130</width>
									<height>130</height>
									<aspectratio>stretch</aspectratio>
									<colordiffuse>menudiffuse</colordiffuse>
									<texture background="true" border="4">masks/Default.png</texture>
								</control>
								<control type="group">
									<top>-120</top>
									<control type="label">
										<description>Duration</description>
										<left>160</left>
										<top>10</top>
										<width>300</width>
										<scroll>true</scroll>
										<align>left</align>
										<label>$INFO[Player.TimeRemaining]</label>
										<font>ubuntu-r21</font>
										<shadowcolor>grey3</shadowcolor>
										<visible>!IsEmpty(Player.TimeRemaining)</visible>
									</control>
									<control type="group">
										<left>140</left>
										<top>35</top>
										<control type="label">
											<description>Artist</description>
											<left>20</left>
											<top>0</top>
											<width>570</width>
											<scroll>true</scroll>
											<align>left</align>
											<label>$VAR[HomeOSDTitle]</label>
											<font>ubuntu-r21</font>
											<shadowcolor>grey3</shadowcolor>
										</control>
										<control type="label">
											<description>Titel</description>
											<left>20</left>
											<top>25</top>
											<width>570</width>
											<scroll>true</scroll>
											<align>left</align>
											<label>$VAR[HomeOSDLabel]</label>
											<font>ubuntu-r21</font>
											<shadowcolor>grey3</shadowcolor>
										</control>
									</control>
								</control>
							</control>
						</control>
					</control>
					<control type="group"> <!-- rss -->
						<left>-20</left>
						<top>30</top>
						<visible>!Window.IsActive(MusicOSD)</visible>
						<visible>!Window.IsVisible(script-XBMC_Lyrics-main.xml)+!Window.IsVisible(script-cu-lrclyrics-main.xml)</visible>
						<animation effect="slide" start="0" end="0,-30" time="200" condition="!Player.ShowInfo">Conditional</animation>
						<include>RSS</include>
					</control>
					<control type="group">
						<visible>!Window.IsVisible(script-XBMC_Lyrics-main.xml)+!Window.IsVisible(script-cu-lrclyrics-main.xml)</visible>
						<include>opencloseslidedown</include>
						<visible>Player.ShowInfo+!Window.IsActive(MusicOSD)</visible>
						<include>Clock</include>
					</control>
				</control>
			</control>
			<control type="group">
				<visible>!Control.IsVisible(999)+!Control.IsVisible(998)</visible>
				<include>OSDTexture</include>
			</control>
			<control type="image">
				<description>background</description>
				<include>openclosefanart</include>
				<include>openclosevisible</include>
				<left>-10</left>
				<top>-10</top>
				<width>1300</width>
				<height>560</height>
				<colordiffuse>grey2</colordiffuse>
				<texture background="true" flipy="true">ShadowWhite.png</texture>
				<visible>Window.IsVisible(musicosd)</visible>
			</control>
			<control type="grouplist">
				<visible>Skin.HasSetting(DebugInfo)</visible>
				<left>20</left>
				<top>150</top>
				<width>1200</width>
				<control type="label">
					<left>20</left>
					<top>150</top>
					<width>1200</width>
					<height>22</height>
					<textcolor>orange</textcolor>
					<shadowcolor>black</shadowcolor>
					<label>2011 sichtbar (Musik Visualisierung) [COLOR=red]$INFO[Control.GetLabel(2011)][/COLOR]</label>
					<visible>Control.IsVisible(2011)</visible>
				</control>
				<control type="label">
					<left>20</left>
					<top>150</top>
					<width>1200</width>
					<height>22</height>
					<textcolor>orange</textcolor>
					<shadowcolor>black</shadowcolor>
					<label>2012 sichtbar (Musik Extrafanart lokal) [COLOR=red]$INFO[Control.GetLabel(2012)][/COLOR]</label>
					<visible>Control.IsVisible(2012)</visible>
				</control>
				<control type="label">
					<left>20</left>
					<top>150</top>
					<width>1200</width>
					<height>22</height>
					<textcolor>orange</textcolor>
					<shadowcolor>black</shadowcolor>
					<label>2013 sichtbar (Musik Extrafanart global) [COLOR=red]$INFO[Control.GetLabel(2013)][/COLOR]</label>
					<visible>Control.IsVisible(2013)</visible>
				</control>
				<control type="label">
					<left>20</left>
					<top>150</top>
					<width>1200</width>
					<height>22</height>
					<textcolor>orange</textcolor>
					<shadowcolor>black</shadowcolor>
					<label>2014 sichtbar (Musik Extrafanart global) [COLOR=red]$INFO[Control.GetLabel(2014)][/COLOR]</label>
					<visible>Control.IsVisible(2014)</visible>
				</control>
				<control type="label">
					<left>20</left>
					<top>150</top>
					<width>1200</width>
					<height>22</height>
					<textcolor>orange</textcolor>
					<shadowcolor>black</shadowcolor>
					<label>2020 sichtbar (Musik Extrafanart global) [COLOR=red]$INFO[Control.GetLabel(2020)][/COLOR]</label>
					<visible>Control.IsVisible(2020)</visible>
				</control>
			</control>
		</control>
	</controls>
</window>