<window>
	<defaultcontrol always="true">10</defaultcontrol>
	<include>openclose</include>
	<controls>
		<control type="group">
			<include>BlackBack</include>
			<include>openclosevisible</include>
			<visible>!Window.IsVisible(Custom_4111_Switchtimer.xml)</visible>
			<control type="group" id="576757">
				<include>openclosebox</include>
				<left>235</left>
				<top>60</top>
				<width>810</width>
				<height>600</height>
				<control type="image">
					<description>background image</description>
					<left>0</left>
					<top>0</top>
					<width>810</width>
					<height>600</height>
					<colordiffuse>grey1</colordiffuse>
					<texture border="1">WhiteBack.png</texture>
				</control>
				<control type="image">
					<description>background image</description>
					<left>10</left>
					<top>10</top>
					<width>790</width>
					<height>580</height>
					<texture border="1">WhiteBack.png</texture>
				</control>
				<control type="label" id="1">
					<description>header label</description>
					<left>40</left>
					<top>15</top>
					<width>730</width>
					<height>30</height>
					<font>impacted21</font>
					<!-- <label>TV Highlights Filminformation</label>  -->
					<label>$ADDON[plugin.program.tvhighlights  30100]</label>
					<align>center</align>
					<aligny>center</aligny>
					<textcolor>grey2</textcolor>
				</control>
				<control type="image">
					<description>background image</description>
					<left>10</left>
					<top>48</top>
					<width>790</width>
					<height>60</height>
					<colordiffuse>grey2</colordiffuse>
					<texture border="1">WhiteBack.png</texture>
				</control>
				<control type="label">
					<left>20</left>
					<top>50</top>
					<width>770</width>
					<height>36</height>
					<align>center</align>
					<font>PlotTextBig</font>
					<label>$INFO[Window(Home).Property(TVHighlightsToday.Info.Title)]</label>
				</control>
				<control type="label">
					<left>20</left>
					<top>72</top>
					<width>770</width>
					<height>36</height>
					<font>font12</font>
					<textcolor>grey</textcolor>
					<label>$INFO[Window(Home).Property(TVHighlightsToday.Info.Subtitle)]</label>
					<align>center</align>
				</control>
				<control type="group">
					<top>50</top>
					<control type="image">
						<left>450</left>
						<top>70</top>
						<width>320</width>
						<height>180</height>
						<texture border="2">$INFO[Window(Home).Property(TVHighlightsToday.Info.Picture)]</texture>
						<aspectratio>scale</aspectratio>
					</control>
					<control type="image">
						<description>Channel Logo</description>
						<left>710</left>
						<top>75</top>
						<width>50</width>
						<height>50</height>
						<texture>$INFO[Window(Home).Property(TVHighlightsToday.Info.Logo)]</texture>
						<aspectratio align="right" aligny="top">keep</aspectratio>
					</control>
					<control type="image">
						<left>450</left>
						<top>70</top>
						<width>320</width>
						<height>180</height>
						<colordiffuse>menudiffuse</colordiffuse>
						<texture border="2">Shadow.png</texture>
					</control>
					<control type="label">
						<left>450</left>
						<top>230</top>
						<width>320</width>
						<height>10</height>
						<font>font12</font>
						<label>$INFO[Window(Home).Property(TVHighlightsToday.Info.Broadcastdetails)]</label>
						<align>center</align>
						<scroll>true</scroll>
					</control>
					<control type="label">
						<left>50</left>
						<top>70</top>
						<width>310</width>
						<height>15</height>
						<textcolor>grey2</textcolor>
						<label>$ADDON[plugin.program.tvhighlights  30102]</label>
						<!-- <label>Rating:</label> -->
						<align>left</align>
						<aligny>center</aligny>
					</control>
					<control type="group">
						<left>20</left>
						<control type="label">
							<left>60</left>
							<top>100</top>
							<width>300</width>
							<height>10</height>
							<font>font12</font>
							<textcolor>grey2</textcolor>
							<label>$INFO[Window(Home).Property(TVHighlightsToday.Info.RatingType.1)]</label>
							<align>left</align>
						</control>
						<control type="label">
							<left>60</left>
							<top>130</top>
							<width>300</width>
							<height>10</height>
							<font>font12</font>
							<textcolor>grey2</textcolor>
							<label>$INFO[Window(Home).Property(TVHighlightsToday.Info.RatingType.2)]</label>
							<align>left</align>
						</control>
						<control type="label">
							<left>60</left>
							<top>160</top>
							<width>300</width>
							<height>10</height>
							<font>font12</font>
							<textcolor>grey2</textcolor>
							<label>$INFO[Window(Home).Property(TVHighlightsToday.Info.RatingType.3)]</label>
							<align>left</align>
						</control>
						<control type="label">
							<left>60</left>
							<top>190</top>
							<width>300</width>
							<height>10</height>
							<font>font12</font>
							<textcolor>grey2</textcolor>
							<label>$INFO[Window(Home).Property(TVHighlightsToday.Info.RatingType.4)]</label>
							<align>left</align>
						</control>
						<control type="label">
							<left>60</left>
							<top>220</top>
							<width>300</width>
							<height>10</height>
							<font>font12</font>
							<textcolor>grey2</textcolor>
							<label>$INFO[Window(Home).Property(TVHighlightsToday.Info.RatingType.5)]</label>
							<align>left</align>
						</control>
						<control type="label">
							<left>260</left>
							<top>100</top>
							<width>300</width>
							<height>10</height>
							<font>font12</font>
							<textcolor>grey2</textcolor>
							<label>$INFO[Window(Home).Property(TVHighlightsToday.Info.Rating.1)] / 3</label>
							<align>left</align>
						</control>
						<control type="label">
							<left>260</left>
							<top>130</top>
							<width>300</width>
							<height>10</height>
							<font>font12</font>
							<textcolor>grey2</textcolor>
							<label>$INFO[Window(Home).Property(TVHighlightsToday.Info.Rating.2)] / 3</label>
							<align>left</align>
						</control>
						<control type="label">
							<left>260</left>
							<top>160</top>
							<width>300</width>
							<height>10</height>
							<font>font12</font>
							<textcolor>grey2</textcolor>
							<label>$INFO[Window(Home).Property(TVHighlightsToday.Info.Rating.3)] / 3</label>
							<align>left</align>
						</control>
						<control type="label">
							<left>260</left>
							<top>190</top>
							<width>300</width>
							<height>10</height>
							<font>font12</font>
							<textcolor>grey2</textcolor>
							<label>$INFO[Window(Home).Property(TVHighlightsToday.Info.Rating.4)] / 3</label>
							<align>left</align>
						</control>
						<control type="label">
							<left>260</left>
							<top>220</top>
							<width>300</width>
							<height>10</height>
							<font>font12</font>
							<textcolor>grey2</textcolor>
							<label>$INFO[Window(Home).Property(TVHighlightsToday.Info.Rating.5)] / 3</label>
							<align>left</align>
						</control>
					</control>
					<control type="label">
						<left>50</left>
						<top>250</top>
						<width>310</width>
						<height>15</height>
						<textcolor>grey2</textcolor>
						<!-- <label>Genre:</label>  -->
						<label>$ADDON[plugin.program.tvhighlights  30101]</label>
						<align>left</align>
						<aligny>center</aligny>
					</control>
					<control type="label">
						<left>80</left>
						<top>280</top>
						<width>650</width>
						<height>10</height>
						<font>font12</font>
						<textcolor>grey2</textcolor>
						<label>$INFO[Window(Home).Property(TVHighlightsToday.Info.Genre)]</label>
						<align>left</align>
						<scroll>true</scroll>
					</control>
					<control type="label">
						<left>50</left>
						<top>310</top>
						<width>310</width>
						<height>15</height>
						<textcolor>grey2</textcolor>
						<!-- <label>Beschreibung:</label> -->
						<label>$ADDON[plugin.program.tvhighlights  30103]</label>
						<align>left</align>
					</control>
					<control type="textbox">
						<left>80</left>
						<top>340</top>
						<width>670</width>
						<height>140</height>
						<include condition="!Skin.HasSetting(BigPlotText)">PlotText16Var</include>
						<include condition="Skin.HasSetting(BigPlotText)">PlotTextBigVar</include>
						<textcolor>grey2</textcolor>
						<align>left</align>
						<!-- <scrolltime>200</scrolltime>
						<autoscroll delay="5000" time="5000" repeat="10000">!IsEmpty(Window(Home).Property(TVHighlightsToday.Info.Description))</autoscroll> -->
						<label>$INFO[Window(Home).Property(TVHighlightsToday.Info.Description)]</label>
					</control>
				</control>
				<control type="button" id="10">
					<description>Yes button</description>
					<left>200</left>
					<top>548</top>
					<width>200</width>
					<label>$ADDON[plugin.program.tvhighlights  30107]</label>
					<texturenofocus>-</texturenofocus>
					<textcolor>black</textcolor>
					<align>center</align>
					<onleft>11</onleft>
					<onright>11</onright>
					<visible>System.HasAddon(service.kn.switchtimer)</visible>
					<onclick>RunScript(service.kn.switchtimer,action=add,channel=$INFO[Window(Home).Property(TVHighlightsToday.Info.Channel)],date=$INFO[Window(Home).Property(TVHighlightsToday.Info.Date)],title=$INFO[Window(Home).Property(TVHighlightsToday.Info.Title)])</onclick>
				</control>
				<control type="button" id="11">
					<description>Yes button</description>
					<left>400</left>
					<top>548</top>
					<width>200</width>
					<label>51485</label>
					<texturenofocus>-</texturenofocus>
					<textcolor>black</textcolor>
					<align>center</align>
					<onleft>10</onleft>
					<onright>10</onright>
					<visible>System.HasAddon(service.kn.switchtimer)</visible>
					<onclick>ActivateWindow(4111)</onclick>
				</control>
				<control type="label">
					<left>10</left>
					<top>555</top>
					<width>790</width>
					<height>15</height>
					<font>ubuntu-r13</font>
					<textcolor>grey1</textcolor>
					<label>51473</label>
					<align>center</align>
					<visible>!System.HasAddon(service.kn.switchtimer)</visible>
				</control>
			</control>
		</control>
	</controls>
</window>

<!-- plugin.program.tvhighlights - InfoWindow - END -->
