<?xml version="1.0" encoding="UTF-8"?>
<includes>
	<variable name="SkinWidget_Target">
		<value condition="Container(9000).HasFocus(4)|Container(9000).HasFocus(5)|Container(9000).HasFocus(9)
		|Container(9000).HasFocus(20)|Container(9000).HasFocus(21)|Container(9000).HasFocus(22)|Container(9000).HasFocus(23)
		|Container(9000).HasFocus(24)|Container(9000).HasFocus(8213)|Container(9000).HasFocus(8214)">video</value>
		<value condition="Container(9000).HasFocus(12)">video</value> <!-- PVR -->
		<value condition="Container(9000).HasFocus(2)+Skin.HasSetting(SkinWidgets_RecommendedSongs)"></value>
		<value>music</value>
	</variable>
	<variable name="SkinWidget_Sortby">
		<value condition="Container(9000).HasFocus(12)+Skin.HasSetting(SkinWidgets_Recordings)">date</value> <!-- PVR -->
	</variable>
	<variable name="SkinWidget_Sortorder">
		<value condition="Container(9000).HasFocus(12)+Skin.HasSetting(SkinWidgets_Recordings)">descending</value> <!-- PVR -->
	</variable>
	<variable name="inprogress_onoff">
		<value condition="Container(9000).HasFocus(2)+Skin.HasSetting(SkinWidgets_RecommendedSongs)">$LOCALIZE[51417]</value>
		<value condition="Container(9000).HasFocus(4)+Skin.HasSetting(SkinWidgets_RecommendedMovies)">$LOCALIZE[51417]</value>
		<value condition="Container(9000).HasFocus(5)+Skin.HasSetting(SkinWidgets_RecommendedTVShows)">$LOCALIZE[51417]</value>
		<value condition="Container(9000).HasFocus(9)+Skin.HasSetting(SkinWidgets_RecommendedMusicVideos)">$LOCALIZE[51417]</value>
		<value condition="Container(9000).HasFocus(20)+Skin.HasSetting(SkinWidgets_RecommendedMovies_3D)">$LOCALIZE[51417]</value>
		<value condition="Container(9000).HasFocus(21)+Skin.HasSetting(SkinWidgets_RecommendedMovies_HD)">$LOCALIZE[51417]</value>
		<value condition="Container(9000).HasFocus(22)+Skin.HasSetting(SkinWidgets_RecommendedMovies_FullHD)">$LOCALIZE[51417]</value>
		<value condition="Container(9000).HasFocus(23)+Skin.HasSetting(SkinWidgets_RecommendedMovies_Doku)">$LOCALIZE[51417]</value>
		<value condition="Container(9000).HasFocus(24)+Skin.HasSetting(SkinWidgets_RecommendedMovies_Kids)">$LOCALIZE[51417]</value>
		<value condition="Container(9000).HasFocus(8213)+Skin.HasSetting(SkinWidgets_RecommendedMovies_Fav1)">$LOCALIZE[51417]</value>
		<value condition="Container(9000).HasFocus(8214)+Skin.HasSetting(SkinWidgets_RecommendedMovies_Fav2)">$LOCALIZE[51417]</value>
		<value condition="Container(9000).HasFocus(8215)+Skin.HasSetting(SkinWidgets_UserPlaylist)">$LOCALIZE[51417]</value>
		<value>$LOCALIZE[51415]</value>
	</variable>
	<variable name="TVHighlightsSubmenuLabel">
		<value condition="SubString(Window(Home).Property(TVHighlightsToday.Mode),mastermode)">Mastermode</value>
		<value condition="SubString(Window(Home).Property(TVHighlightsToday.Mode),splitmode)">Splitmode</value>
	</variable>
	<variable name="WidgetPropertyLabel">
		<value condition="StringCompare(Window(Home).Property(HomeButton),video)|StringCompare(Window(skinsettings).Property(HomeButton),video)">$LOCALIZE[20342]</value>
		<value condition="StringCompare(Window(Home).Property(HomeButton),series)|StringCompare(Window(skinsettings).Property(HomeButton),series)">$LOCALIZE[20343]</value>
		<value condition="StringCompare(Window(Home).Property(HomeButton),musicvideos)|StringCompare(Window(skinsettings).Property(HomeButton),musicvideos)">$LOCALIZE[20389]</value>
		<value condition="StringCompare(Window(Home).Property(HomeButton),music)|StringCompare(Window(skinsettings).Property(HomeButton),music)">$LOCALIZE[2]</value>
		<value condition="StringCompare(Window(Home).Property(HomeButton),livetv)|StringCompare(Window(skinsettings).Property(HomeButton),livetv)">$LOCALIZE[31502]</value>
		<value condition="StringCompare(Window(Home).Property(HomeButton),weather)|StringCompare(Window(skinsettings).Property(HomeButton),weather)">$LOCALIZE[8]</value>
		<value condition="StringCompare(Window(Home).Property(HomeButton),3d)|StringCompare(Window(skinsettings).Property(HomeButton),3d)">3D $LOCALIZE[20342]</value>
		<value condition="StringCompare(Window(Home).Property(HomeButton),hd)|StringCompare(Window(skinsettings).Property(HomeButton),hd)">HD $LOCALIZE[20342]</value>
		<value condition="StringCompare(Window(Home).Property(HomeButton),fullhd)|StringCompare(Window(skinsettings).Property(HomeButton),fullhd)">FULL HD $LOCALIZE[20342]</value>
		<value condition="StringCompare(Window(Home).Property(HomeButton),doku)|StringCompare(Window(skinsettings).Property(HomeButton),doku)">$LOCALIZE[19519]</value>
		<value condition="StringCompare(Window(Home).Property(HomeButton),kids)|StringCompare(Window(skinsettings).Property(HomeButton),kids)">$LOCALIZE[51187]</value>
		<value condition="[StringCompare(Window(Home).Property(HomeButton),fav1)|StringCompare(Window(skinsettings).Property(HomeButton),fav1)]+!IsEmpty(Skin.String(Favourite1_Playlist_Label))">$INFO[Skin.String(Favourite1_Playlist_Label)]</value>
		<value condition="[StringCompare(Window(Home).Property(HomeButton),fav1)|StringCompare(Window(skinsettings).Property(HomeButton),fav1)]+IsEmpty(Skin.String(Favourite1_Playlist_Label))">FAV1</value>
		<value condition="[StringCompare(Window(Home).Property(HomeButton),fav2)|StringCompare(Window(skinsettings).Property(HomeButton),fav2)]+!IsEmpty(Skin.String(Favourite2_Playlist_Label))">$INFO[Skin.String(Favourite2_Playlist_Label)]</value>
		<value condition="[StringCompare(Window(Home).Property(HomeButton),fav2)|StringCompare(Window(skinsettings).Property(HomeButton),fav2)]+IsEmpty(Skin.String(Favourite2_Playlist_Label))">FAV2</value>
		<value condition="[StringCompare(Window(Home).Property(HomeButton),fav3)|StringCompare(Window(skinsettings).Property(HomeButton),fav3)]+!IsEmpty(Skin.String(Favourite3_Playlist_Label))">$INFO[Skin.String(Favourite3_Playlist_Label)]</value>
		<value condition="[StringCompare(Window(Home).Property(HomeButton),fav3)|StringCompare(Window(skinsettings).Property(HomeButton),fav3)]+IsEmpty(Skin.String(Favourite3_Playlist_Label))">FAV3</value>
	</variable>
	<include name="SkinWidgets_VisibleRules">
		<visible>
		[Container(9000).HasFocus(4)+[Skin.HasSetting(SkinWidgets_RecentMovies)|Skin.HasSetting(SkinWidgets_RandomMovies)]]
		|[Container(9000).HasFocus(5)+[Skin.HasSetting(SkinWidgets_RecentTVShows)|Skin.HasSetting(SkinWidgets_RandomTVShows)]]
		|[Container(9000).HasFocus(9)+[Skin.HasSetting(SkinWidgets_RecentMusicVideos)|Skin.HasSetting(SkinWidgets_RandomMusicVideos)]]
		|[Container(9000).HasFocus(12)+[Skin.HasSetting(SkinWidgets_Recordings)|[Skin.HasSetting(SkinWidget_LiveTVWidget)+Pvr.HasTimer]|Skin.HasSetting(SkinWidget_LiveTVWidgetChannels)|[Skin.HasSetting(SkinWidget_LiveTVHighlights)+SubString(Window.Property(TVHighlightsToday.Mode),mastermode)]]]
		|[Container(9000).HasFocus(14)+[Skin.HasSetting(SkinWidget_PVR_Radio_WidgetChannels)]]
		|[Container(9000).HasFocus(20)+[Skin.HasSetting(SkinWidgets_RecentMovies_3D)|Skin.HasSetting(SkinWidgets_RandomMovies_3D)]]
		|[Container(9000).HasFocus(21)+[Skin.HasSetting(SkinWidgets_RecentMovies_HD)|Skin.HasSetting(SkinWidgets_RandomMovies_HD)]]
		|[Container(9000).HasFocus(22)+[Skin.HasSetting(SkinWidgets_RecentMovies_FullHD)|Skin.HasSetting(SkinWidgets_RandomMovies_FullHD)]]
		|[Container(9000).HasFocus(23)+[Skin.HasSetting(SkinWidgets_RecentMovies_Doku)|Skin.HasSetting(SkinWidgets_RandomMovies_Doku)]]
		|[Container(9000).HasFocus(24)+[Skin.HasSetting(SkinWidgets_RecentMovies_Kids)|Skin.HasSetting(SkinWidgets_RandomMovies_Kids)]]
		|[Container(9000).HasFocus(8213)+[Skin.HasSetting(SkinWidgets_RecentMovies_Fav1)|Skin.HasSetting(SkinWidgets_RandomMovies_Fav1)]]
		|[Container(9000).HasFocus(8214)+[Skin.HasSetting(SkinWidgets_RecentMovies_Fav2)|Skin.HasSetting(SkinWidgets_RandomMovies_Fav2)]]
		</visible>
	</include>
	<include name="SkinWidgets_VisibleRules_inProgress">
		<visible>
		[Container(9000).HasFocus(4)+Skin.HasSetting(SkinWidgets_RecommendedMovies)]
		|[Container(9000).HasFocus(5)+Skin.HasSetting(SkinWidgets_RecommendedTVShows)]
		|[Container(9000).HasFocus(9)+Skin.HasSetting(SkinWidgets_RecommendedMusicVideos)]
		|[Container(9000).HasFocus(20)+Skin.HasSetting(SkinWidgets_RecommendedMovies_3D)]
		|[Container(9000).HasFocus(21)+Skin.HasSetting(SkinWidgets_RecommendedMovies_HD)]
		|[Container(9000).HasFocus(22)+Skin.HasSetting(SkinWidgets_RecommendedMovies_FullHD)]
		|[Container(9000).HasFocus(23)+Skin.HasSetting(SkinWidgets_RecommendedMovies_Doku)]
		|[Container(9000).HasFocus(24)+Skin.HasSetting(SkinWidgets_RecommendedMovies_Kids)]
		|[Container(9000).HasFocus(8213)+Skin.HasSetting(SkinWidgets_RecommendedMovies_Fav1)]
		|[Container(9000).HasFocus(8214)+Skin.HasSetting(SkinWidgets_RecommendedMovies_Fav2)]
		</visible>
	</include>
	<include name="SkinWidgets_VisibleRules_all">
		<visible>
		[Container(9000).HasFocus(4)+Library.HasContent(Movies)+[Skin.HasSetting(SkinWidgets_RecentMovies)|Skin.HasSetting(SkinWidgets_RandomMovies)|Skin.HasSetting(SkinWidgets_RecommendedMovies)]]
		|[Container(9000).HasFocus(5)+Library.HasContent(TVShows)+[Skin.HasSetting(SkinWidgets_RecentTVShows)|Skin.HasSetting(SkinWidgets_RandomTVShows)|Skin.HasSetting(SkinWidgets_RecommendedTVShows)]]
		|[Container(9000).HasFocus(9)+Library.HasContent(MusicVideos)+[Skin.HasSetting(SkinWidgets_RecentMusicVideos)|Skin.HasSetting(SkinWidgets_RandomMusicVideos)|Skin.HasSetting(SkinWidgets_RecommendedMusicVideos)]]
		|[Container(9000).HasFocus(20)+Library.HasContent(Movies)+[Skin.HasSetting(SkinWidgets_RecentMovies_3D)|Skin.HasSetting(SkinWidgets_RandomMovies_3D)|Skin.HasSetting(SkinWidgets_RecommendedMovies_3D)]]
		|[Container(9000).HasFocus(21)+Library.HasContent(Movies)+[Skin.HasSetting(SkinWidgets_RecentMovies_HD)|Skin.HasSetting(SkinWidgets_RandomMovies_HD)|Skin.HasSetting(SkinWidgets_RecommendedMovies_HD)]]
		|[Container(9000).HasFocus(22)+Library.HasContent(Movies)+[Skin.HasSetting(SkinWidgets_RecentMovies_FullHD)|Skin.HasSetting(SkinWidgets_RandomMovies_FullHD)|Skin.HasSetting(SkinWidgets_RecommendedMovies_FullHD)]]
		|[Container(9000).HasFocus(23)+Library.HasContent(Movies)+[Skin.HasSetting(SkinWidgets_RecentMovies_Doku)|Skin.HasSetting(SkinWidgets_RandomMovies_Doku)|Skin.HasSetting(SkinWidgets_RecommendedMovies_Doku)]]
		|[Container(9000).HasFocus(24)+Library.HasContent(Movies)+[Skin.HasSetting(SkinWidgets_RecentMovies_Kids)|Skin.HasSetting(SkinWidgets_RandomMovies_Kids)|Skin.HasSetting(SkinWidgets_RecommendedMovies_Kids)]]
		|[Container(9000).HasFocus(8213)+[Skin.HasSetting(SkinWidgets_RecentMovies_Fav1)|Skin.HasSetting(SkinWidgets_RandomMovies_Fav1)|Skin.HasSetting(SkinWidgets_RecommendedMovies_Fav1)]]
		|[Container(9000).HasFocus(8214)+[Skin.HasSetting(SkinWidgets_RecentMovies_Fav2)|Skin.HasSetting(SkinWidgets_RandomMovies_Fav2)|Skin.HasSetting(SkinWidgets_RecommendedMovies_Fav2)]]
		</visible>
	</include>
	<variable name="SkinWidgets_Label">
		<!-- random -->
		<value condition="Container(9000).HasFocus(2)+Skin.HasSetting(SkinWidgets_RandomAlbums)">$LOCALIZE[590]</value>
		<value condition="Container(9000).HasFocus(4)+Skin.HasSetting(SkinWidgets_RandomMovies)">$LOCALIZE[590]</value>
		<value condition="Container(9000).HasFocus(5)+Skin.HasSetting(SkinWidgets_RandomTVShows)">$LOCALIZE[590]</value>
		<value condition="Container(9000).HasFocus(9)+Skin.HasSetting(SkinWidgets_RandomMusicVideos)">$LOCALIZE[590]</value>
		<value condition="Container(9000).HasFocus(20)+Skin.HasSetting(SkinWidgets_RandomMovies_3D)">$LOCALIZE[590]</value>
		<value condition="Container(9000).HasFocus(21)+Skin.HasSetting(SkinWidgets_RandomMovies_HD)">$LOCALIZE[590]</value>
		<value condition="Container(9000).HasFocus(22)+Skin.HasSetting(SkinWidgets_RandomMovies_FullHD)">$LOCALIZE[590]</value>
		<value condition="Container(9000).HasFocus(23)+Skin.HasSetting(SkinWidgets_RandomMovies_Doku)">$LOCALIZE[590]</value>
		<value condition="Container(9000).HasFocus(24)+Skin.HasSetting(SkinWidgets_RandomMovies_Kids)">$LOCALIZE[590]</value>
		<value condition="Container(9000).HasFocus(8213)+Skin.HasSetting(SkinWidgets_RandomMovies_Fav1)">$LOCALIZE[590]</value>
		<value condition="Container(9000).HasFocus(8214)+Skin.HasSetting(SkinWidgets_RandomMovies_Fav2)">$LOCALIZE[590]</value>
		<!-- recent -->
		<value condition="Container(9000).HasFocus(2)+Skin.HasSetting(SkinWidgets_RecentAlbums)">$LOCALIZE[359]</value>
		<value condition="Container(9000).HasFocus(4)+Skin.HasSetting(SkinWidgets_RecentMovies)">$LOCALIZE[20386]</value>
		<value condition="Container(9000).HasFocus(5)+Skin.HasSetting(SkinWidgets_RecentTVShows)">$LOCALIZE[51425]</value>
		<value condition="Container(9000).HasFocus(9)+Skin.HasSetting(SkinWidgets_RecentMusicVideos)">$LOCALIZE[20390]</value>
		<value condition="Container(9000).HasFocus(20)+Skin.HasSetting(SkinWidgets_RecentMovies_3D)">$LOCALIZE[20386]</value>
		<value condition="Container(9000).HasFocus(21)+Skin.HasSetting(SkinWidgets_RecentMovies_HD)">$LOCALIZE[20386]</value>
		<value condition="Container(9000).HasFocus(22)+Skin.HasSetting(SkinWidgets_RecentMovies_FullHD)">$LOCALIZE[20386]</value>
		<value condition="Container(9000).HasFocus(23)+Skin.HasSetting(SkinWidgets_RecentMovies_Doku)">$LOCALIZE[20386]</value>
		<value condition="Container(9000).HasFocus(24)+Skin.HasSetting(SkinWidgets_RecentMovies_Kids)">$LOCALIZE[20386]</value>
		<value condition="Container(9000).HasFocus(8213)+Skin.HasSetting(SkinWidgets_RecentMovies_Fav1)">$LOCALIZE[20386]</value>
		<value condition="Container(9000).HasFocus(8214)+Skin.HasSetting(SkinWidgets_RecentMovies_Fav2)">$LOCALIZE[20386]</value>
		<!-- User Playlist-->
		<value condition="Container(9000).HasFocus(8215)+Skin.HasSetting(SkinWidgets_UserPlaylist_Radio)">$LOCALIZE[51427]</value>
		<value condition="Container(9000).HasFocus(8215)+Skin.HasSetting(SkinWidgets_UserPlaylist)">$INFO[Skin.String(UserPlaylistLabel)]</value>
		<!-- recommended for music -->
		<value condition="Container(9000).HasFocus(2)+Skin.HasSetting(SkinWidgets_RecommendedSongs)">$LOCALIZE[51421]</value>
		<value condition="Container(9000).HasFocus(2)+Skin.HasSetting(SkinWidgets_RecommendedAlbums)">$LOCALIZE[517]</value>
		<!-- recordings -->
		<value condition="Container(9000).HasFocus(12)+Skin.HasSetting(SkinWidgets_Recordings)">Widget ($LOCALIZE[20007])</value>
		<value condition="Container(9000).HasFocus(12)+Skin.HasSetting(SkinWidget_LiveTVWidget)">Widget ($LOCALIZE[19040])</value>
		<value condition="Container(9000).HasFocus(12)+Skin.HasSetting(SkinWidget_LiveTVWidgetChannels)">$INFO[Skin.String(SkinWidget_PVR_TV_WidgetChannels_Path)]</value>
		<value condition="Container(9000).HasFocus(14)+Skin.HasSetting(SkinWidget_PVR_Radio_WidgetChannels)">$INFO[Skin.String(SkinWidget_PVR_TV_WidgetChannels_Path)]</value>
		<value condition="Container(9000).HasFocus(12)+Skin.HasSetting(SkinWidget_LiveTVHighlights)">TV Digital Highlights</value>
		<value>$LOCALIZE[22080]</value>
	</variable>
	<variable name="SkinWidgets_Content_Video">
		<value condition="Container(9000).HasFocus(4)+Skin.HasSetting(SkinWidgets_RandomMovies)">special://skin/playlists/Videos_random.xsp</value>
		<value condition="Container(9000).HasFocus(4)+Skin.HasSetting(SkinWidgets_RecentMovies)">special://skin/playlists/Videos_recent.xsp</value>
	</variable>
	<variable name="SkinWidgets_Content_TVShows">
		<value condition="Container(9000).HasFocus(5)+Skin.HasSetting(SkinWidgets_RandomTVShows)">special://skin/playlists/TVShows_random.xsp</value>
		<value condition="Container(9000).HasFocus(5)+Skin.HasSetting(SkinWidgets_RecentTVShows)+!Skin.HasSetting(SkinWidgets_RecentTVShows_Episodes)">special://skin/playlists/TVShows_recent.xsp</value>
		<value condition="Container(9000).HasFocus(5)+Skin.HasSetting(SkinWidgets_RecentTVShows)+Skin.HasSetting(SkinWidgets_RecentTVShows_Episodes)">special://skin/playlists/TVShows_episodes_recent.xsp</value>
	</variable>
	<variable name="SkinWidgets_Content_Radio_de">
		<value condition="Container(9000).HasFocus(8215)+Skin.HasSetting(SkinWidgets_UserPlaylist_Radio)+IsEmpty(Skin.String(RadioPath))">plugin://plugin.audio.radio_de/stations/my/</value>
		<value condition="Container(9000).HasFocus(8215)+Skin.HasSetting(SkinWidgets_UserPlaylist_Radio)+!IsEmpty(Skin.String(RadioPath))">$INFO[Skin.String(RadioPath)]</value>
		<value condition="Container(9000).HasFocus(8215)+Skin.HasSetting(SkinWidgets_UserPlaylist)">$INFO[Skin.String(Favourite3_Playlist_Path)]</value>
	</variable>
	<variable name="SkinWidgets_Content_Custom">
		<!-- random -->
		<value condition="Container(9000).HasFocus(9)+Skin.HasSetting(SkinWidgets_RandomMusicVideos)">special://skin/playlists/MusicVideos_random.xsp</value>
		<value condition="Container(9000).HasFocus(20)+Skin.HasSetting(SkinWidgets_RandomMovies_3D)">special://skin/playlists/3DMovies_random.xsp</value>
		<value condition="Container(9000).HasFocus(21)+Skin.HasSetting(SkinWidgets_RandomMovies_HD)">special://skin/playlists/HDMovies_random.xsp</value>
		<value condition="Container(9000).HasFocus(22)+Skin.HasSetting(SkinWidgets_RandomMovies_FullHD)">special://skin/playlists/FULLHDMovies_random.xsp</value>
		<value condition="Container(9000).HasFocus(23)+Skin.HasSetting(SkinWidgets_RandomMovies_Doku)">special://skin/playlists/Doku_random.xsp</value>
		<value condition="Container(9000).HasFocus(24)+Skin.HasSetting(SkinWidgets_RandomMovies_Kids)+Skin.HasSetting(Rating_Age_Kids_0)">special://skin/playlists/Kids_0_random.xsp</value>
		<value condition="Container(9000).HasFocus(24)+Skin.HasSetting(SkinWidgets_RandomMovies_Kids)+Skin.HasSetting(Rating_Age_Kids_6)">special://skin/playlists/Kids_6_random.xsp</value>
		<value condition="Container(9000).HasFocus(24)+Skin.HasSetting(SkinWidgets_RandomMovies_Kids)+Skin.HasSetting(Rating_Age_Kids_12)">special://skin/playlists/Kids_12_random.xsp</value>
		<value condition="Container(9000).HasFocus(24)+Skin.HasSetting(SkinWidgets_RandomMovies_Kids)+Skin.HasSetting(Rating_Age_Kids_16)">special://skin/playlists/Kids_16_random.xsp</value>
		<value condition="Container(9000).HasFocus(8213)+Skin.HasSetting(SkinWidgets_RandomMovies_Fav1)">$INFO[Skin.String(Favourite1_PlaylistRandom_Path)]</value>
		<value condition="Container(9000).HasFocus(8214)+Skin.HasSetting(SkinWidgets_RandomMovies_Fav2)">$INFO[Skin.String(Favourite2_PlaylistRandom_Path)]</value>
		<!-- recent -->
		<value condition="Container(9000).HasFocus(9)+Skin.HasSetting(SkinWidgets_RecentMusicVideos)">special://skin/playlists/MusicVideos_recent.xsp</value>
		<value condition="Container(9000).HasFocus(20)+Skin.HasSetting(SkinWidgets_RecentMovies_3D)">special://skin/playlists/3DMovies_recent.xsp</value>
		<value condition="Container(9000).HasFocus(21)+Skin.HasSetting(SkinWidgets_RecentMovies_HD)">special://skin/playlists/HDMovies_recent.xsp</value>
		<value condition="Container(9000).HasFocus(22)+Skin.HasSetting(SkinWidgets_RecentMovies_FullHD)">special://skin/playlists/FULLHDMovies_recent.xsp</value>
		<value condition="Container(9000).HasFocus(23)+Skin.HasSetting(SkinWidgets_RecentMovies_Doku)">special://skin/playlists/Doku_recent.xsp</value>
		<value condition="Container(9000).HasFocus(24)+Skin.HasSetting(SkinWidgets_RecentMovies_Kids)+Skin.HasSetting(Rating_Age_Kids_0)">special://skin/playlists/Kids_0_recent.xsp</value>
		<value condition="Container(9000).HasFocus(24)+Skin.HasSetting(SkinWidgets_RecentMovies_Kids)+Skin.HasSetting(Rating_Age_Kids_6)">special://skin/playlists/Kids_6_recent.xsp</value>
		<value condition="Container(9000).HasFocus(24)+Skin.HasSetting(SkinWidgets_RecentMovies_Kids)+Skin.HasSetting(Rating_Age_Kids_12)">special://skin/playlists/Kids_12_recent.xsp</value>
		<value condition="Container(9000).HasFocus(24)+Skin.HasSetting(SkinWidgets_RecentMovies_Kids)+Skin.HasSetting(Rating_Age_Kids_16)">special://skin/playlists/Kids_16_recent.xsp</value>
		<value condition="Container(9000).HasFocus(8213)+Skin.HasSetting(SkinWidgets_RecentMovies_Fav1)">$INFO[Skin.String(Favourite1_PlaylistRecent_Path)]</value>
		<value condition="Container(9000).HasFocus(8214)+Skin.HasSetting(SkinWidgets_RecentMovies_Fav2)">$INFO[Skin.String(Favourite2_PlaylistRecent_Path)]</value>
	</variable>
	<variable name="SkinWidgets_Content_Music">
		<value condition="Container(9000).HasFocus(2)+Skin.HasSetting(SkinWidgets_RandomAlbums)">special://skin/playlists/Music_random.xsp</value>
		<value condition="Container(9000).HasFocus(2)+Skin.HasSetting(SkinWidgets_RecentAlbums)">musicdb://recentlyaddedalbums/</value>
		<value condition="Container(9000).HasFocus(2)+Skin.HasSetting(SkinWidgets_RecommendedSongs)">special://skin/playlists/Music_recent.xsp</value>
		<value condition="Container(9000).HasFocus(2)+Skin.HasSetting(SkinWidgets_RecommendedAlbums)">musicdb://recentlyplayedalbums</value>
	</variable>
	<variable name="SkinWidgets_Content_PVR">
		<value condition="Container(9000).HasFocus(12)+Skin.HasSetting(SkinWidgets_Recordings)">pvr://recordings/active/</value>
		<value condition="Container(9000).HasFocus(12)+Skin.HasSetting(SkinWidget_LiveTVWidget)+Pvr.HasTimer">pvr://timers/tv/grouped</value>
		<value condition="Container(9000).HasFocus(12)+Skin.HasSetting(SkinWidget_LiveTVWidgetChannels)">$INFO[Skin.String(SkinWidget_PVR_TV_WidgetChannels_Path)]</value>
		<value condition="Container(9000).HasFocus(12)+[Skin.HasSetting(SkinWidget_LiveTVHighlights)+SubString(Window.Property(TVHighlightsToday.Mode),mastermode)]"></value>
		<value condition="Container(9000).HasFocus(14)+Skin.HasSetting(SkinWidget_PVR_Radio_WidgetChannels)">$INFO[Skin.String(SkinWidget_PVR_Radio_WidgetChannels_Path)]</value>
	</variable>
	<!-- <variable name="SkinWidgets_Content_PVR_UserChannels">
		<value condition="Skin.HasSetting(SkinWidget_LiveTVWidgetChannels)+Skin.HasSetting(SkinWidgets_UserChannels)+!IsEmpty(Skin.String(SkinWidgets_UserChannels))">$INFO[Skin.String(SkinWidgets_UserChannels)]</value>
		<value condition="Skin.HasSetting(SkinWidget_LiveTVWidgetChannels)+[!Skin.HasSetting(SkinWidgets_UserChannels)|IsEmpty(Skin.String(SkinWidgets_UserChannels))]">All TV channels</value>
	</variable>
	<variable name="SkinWidgets_Content_PVR_UserChannels_Label">
		<value condition="Skin.HasSetting(SkinWidget_LiveTVWidgetChannels)+Skin.HasSetting(SkinWidgets_UserChannels)+!IsEmpty(Skin.String(SkinWidgets_UserChannels))">($INFO[Skin.String(SkinWidgets_UserChannels)])</value>
		<value condition="Skin.HasSetting(SkinWidget_LiveTVWidgetChannels)+[!Skin.HasSetting(SkinWidgets_UserChannels)|IsEmpty(Skin.String(SkinWidgets_UserChannels))]">($LOCALIZE[19217])</value>
	</variable> -->
	<variable name="SkinWidgets_Content_Recommended">
		<!-- recommended without music -->
		<value condition="Container(9000).HasFocus(4)+Skin.HasSetting(SkinWidgets_RecommendedMovies)">special://skin/playlists/Videos_inprogress.xsp</value>
		<value condition="Container(9000).HasFocus(5)+Skin.HasSetting(SkinWidgets_RecommendedTVShows)">plugin://service.library.data.provider?type=recommendedepisodes&amp;reload=$INFO[Window.Property(recommendedepisodes)]&amp;limit=1</value>
		<value condition="Container(9000).HasFocus(9)+Skin.HasSetting(SkinWidgets_RecommendedMusicVideos)">special://skin/playlists/MusicVideos_inprogress.xsp</value>
		<value condition="Container(9000).HasFocus(20)+Skin.HasSetting(SkinWidgets_RecommendedMovies_3D)">special://skin/playlists/3DMovies_inprogress.xsp</value>
		<value condition="Container(9000).HasFocus(21)+Skin.HasSetting(SkinWidgets_RecommendedMovies_HD)">special://skin/playlists/HDMovies_inprogress.xsp</value>
		<value condition="Container(9000).HasFocus(22)+Skin.HasSetting(SkinWidgets_RecommendedMovies_FullHD)">special://skin/playlists/FULLHDMovies_inprogress.xsp</value>
		<value condition="Container(9000).HasFocus(23)+Skin.HasSetting(SkinWidgets_RecommendedMovies_Doku)">special://skin/playlists/Doku_inprogress.xsp</value>
		<value condition="Container(9000).HasFocus(24)+Skin.HasSetting(SkinWidgets_RecommendedMovies_Kids)+Skin.HasSetting(Rating_Age_Kids_0)">special://skin/playlists/Kids_0_inprogress.xsp</value>
		<value condition="Container(9000).HasFocus(24)+Skin.HasSetting(SkinWidgets_RecommendedMovies_Kids)+Skin.HasSetting(Rating_Age_Kids_6)">special://skin/playlists/Kids_6_inprogress.xsp</value>
		<value condition="Container(9000).HasFocus(24)+Skin.HasSetting(SkinWidgets_RecommendedMovies_Kids)+Skin.HasSetting(Rating_Age_Kids_12)">special://skin/playlists/Kids_12_inprogress.xsp</value>
		<value condition="Container(9000).HasFocus(24)+Skin.HasSetting(SkinWidgets_RecommendedMovies_Kids)+Skin.HasSetting(Rating_Age_Kids_16)">special://skin/playlists/Kids_16_inprogress.xsp</value>
		<value condition="Container(9000).HasFocus(8213)+Skin.HasSetting(SkinWidgets_RecommendedMovies_Fav1)">$INFO[Skin.String(Favourite1_PlaylistRecommended_Path)]</value>
		<value condition="Container(9000).HasFocus(8214)+Skin.HasSetting(SkinWidgets_RecommendedMovies_Fav2)">$INFO[Skin.String(Favourite2_PlaylistRecommended_Path)]</value>
	</variable>
	<variable name="SkinWidgets_Content_Recommended_10">
		<!-- recommended without music -->
		<value condition="Container(9000).HasFocus(4)+Skin.HasSetting(SkinWidgets_RecommendedMovies)">special://skin/playlists/Videos_inprogress_10.xsp</value>
		<value condition="Container(9000).HasFocus(5)+Skin.HasSetting(SkinWidgets_RecommendedTVShows)">plugin://service.library.data.provider?type=recommendedepisodes&amp;reload=$INFO[Window.Property(recommendedepisodes)]&amp;limit=10</value>
		<value condition="Container(9000).HasFocus(9)+Skin.HasSetting(SkinWidgets_RecommendedMusicVideos)">special://skin/playlists/MusicVideos_inprogress_10.xsp</value>
		<value condition="Container(9000).HasFocus(20)+Skin.HasSetting(SkinWidgets_RecommendedMovies_3D)">special://skin/playlists/3DMovies_inprogress_10.xsp</value>
		<value condition="Container(9000).HasFocus(21)+Skin.HasSetting(SkinWidgets_RecommendedMovies_HD)">special://skin/playlists/HDMovies_inprogress_10.xsp</value>
		<value condition="Container(9000).HasFocus(22)+Skin.HasSetting(SkinWidgets_RecommendedMovies_FullHD)">special://skin/playlists/FULLHDMovies_inprogress_10.xsp</value>
		<value condition="Container(9000).HasFocus(23)+Skin.HasSetting(SkinWidgets_RecommendedMovies_Doku)">special://skin/playlists/Doku_inprogress_10.xsp</value>
		<value condition="Container(9000).HasFocus(24)+Skin.HasSetting(SkinWidgets_RecommendedMovies_Kids)+Skin.HasSetting(Rating_Age_Kids_0)">special://skin/playlists/Kids_0_inprogress_10.xsp</value>
		<value condition="Container(9000).HasFocus(24)+Skin.HasSetting(SkinWidgets_RecommendedMovies_Kids)+Skin.HasSetting(Rating_Age_Kids_6)">special://skin/playlists/Kids_6_inprogress_10.xsp</value>
		<value condition="Container(9000).HasFocus(24)+Skin.HasSetting(SkinWidgets_RecommendedMovies_Kids)+Skin.HasSetting(Rating_Age_Kids_12)">special://skin/playlists/Kids_12_inprogress_10.xsp</value>
		<value condition="Container(9000).HasFocus(24)+Skin.HasSetting(SkinWidgets_RecommendedMovies_Kids)+Skin.HasSetting(Rating_Age_Kids_16)">special://skin/playlists/Kids_16_inprogress_10.xsp</value>
	</variable>
	<variable name="WidgetSwitch_Container">
		<value condition="Container(9000).HasFocus(4)">$VAR[SkinWidgets_Content_Video]</value>
		<value condition="Container(9000).HasFocus(5)">$VAR[SkinWidgets_Content_TVShows]</value>
		<value condition="Container(9000).HasFocus(9)|Container(9000).HasFocus(20)|Container(9000).HasFocus(21)|Container(9000).HasFocus(22)|Container(9000).HasFocus(23)|Container(9000).HasFocus(24)|Container(9000).HasFocus(8213)|Container(9000).HasFocus(8214)">$VAR[SkinWidgets_Content_Custom]</value>
	</variable>
</includes>