<?xml version="1.0" encoding="UTF-8"?>
<includes>
	<include name="MusicFanart">
		<control type="group">
			<include>openclose</include>
			<include>openclosevisible</include>
			<control type="button" id="444">
				<enable>false</enable>
				<include>HiddenButton</include>
				<visible>Control.IsVisible(509)+!Control.HasFocus(666)</visible>
			</control>
			<visible>Control.IsVisible(509)+!Control.HasFocus(666)</visible>
			<control type="button" id="888">
				<onup>Control.SetFocus(9000)</onup>
				<ondown>Control.SetFocus(509)</ondown>
				<include>HiddenButton</include>
			</control>
			<control type="group">
				<visible>Control.IsVisible(509)+[Control.HasFocus(888)|Skin.HasSetting(MusicInfo)]</visible>
				<include>openclosevisible</include>
				<include>BlackGrunge</include>
			</control>
		</control>
		<control type="group">
			<include>opencloseslideup</include>
			<visible>Control.IsVisible(509)+!Control.HasFocus(666)</visible>
			<include>MirrorPanel</include>
		</control>
		<control type="group">
			<visible>Control.IsVisible(509)</visible>
			<include>opencloseslideup</include>
			<left>0</left>
			<top>450</top>
			<control type="fixedlist" id="509">
				<hitrect x="0" y="-10" w="1280" h="190"/>
				<left>-85</left>
				<top>0</top>
				<width>1370</width>
				<height>250</height>
				<onleft>509</onleft>
				<onright>509</onright>
				<onup condition="!Skin.HasSetting(MusicInfo)+!Stringcompare(ListItem.label,..)">888</onup>
				<onup condition="[Skin.HasSetting(MusicInfo)|Stringcompare(ListItem.label,..)]">9000</onup>
				<ondown condition="Skin.HasSetting(HideJumpSMSBar)+Control.IsVisible(60)">60</ondown>
				<ondown condition="Skin.HasSetting(HideJumpSMSBar)+!Control.IsVisible(60)">SetFocus(732)</ondown>
				<ondown condition="!Skin.HasSetting(HideJumpSMSBar)">17000</ondown>
				<viewtype label="31029">wrap</viewtype>
				<pagecontrol>60</pagecontrol>
				<scrolltime>200</scrolltime>
				<focusposition>4</focusposition>
				<movement>2</movement>
				<orientation>horizontal</orientation>
				<preloaditems>4</preloaditems>
				<visible>Container.Content(Artists)|Container.Content(Albums)</visible>
				<itemlayout height="200" width="160">
					<control type="image">
						<left>2</left>
						<top>22</top>
						<width>160</width>
						<height>160</height>
						<colordiffuse>$VAR[CoverDim]</colordiffuse>
						<aspectratio>stretch</aspectratio>
						<bordertexture border="10">ThumbShadow.png</bordertexture>
						<bordersize>6</bordersize>
						<fadetime>FadeTime</fadetime>
						<texture background="true" fallback="FallbackCover.png">$INFO[ListItem.Icon]</texture>
					</control>
					<control type="image">
						<left>7</left>
						<top>180</top>
						<width>150</width>
						<height>60</height>
						<colordiffuse>grey2</colordiffuse>
						<aspectratio>stretch</aspectratio>
						<fadetime>FadeTime</fadetime>
						<texture background="true" flipy="true" diffuse="ShadowWhite.png" fallback="FallbackCover.png">$INFO[ListItem.Icon]</texture>
					</control>
				</itemlayout>
				<focusedlayout height="200" width="160">
					<control type="image">
						<left>-2</left>
						<top>16</top>
						<width>168</width>
						<height>168</height>
						<aspectratio>stretch</aspectratio>
						<bordertexture border="10">ThumbShadowWhite.png</bordertexture>
						<bordersize>8</bordersize>
						<fadetime>FadeTime</fadetime>
						<texture background="true" fallback="FallbackCover.png">$INFO[ListItem.Icon]</texture>
						<animation reversible="false" effect="zoom" start="-2,16,168,168" end="-12,-4,198,198" time="200">focus</animation>
						<animation reversible="false" effect="zoom" end="-2,16,168,168" start="-12,-4,198,198" time="200">unfocus</animation>
					</control>
				</focusedlayout>
			</control>
			<control type="scrollbar" id="60">
				<left>10</left>
				<top>245</top>
				<width>1260</width>
				<height>12</height>
				<texturesliderbackground border="1">ScrollBarBackground_H.png</texturesliderbackground>
				<texturesliderbar border="3">ScrollBar_H.png</texturesliderbar>
				<texturesliderbarfocus colordiffuse="red" border="3">ScrollBar_H.png</texturesliderbarfocus>
				<textureslidernib>-</textureslidernib>
				<textureslidernibfocus>-</textureslidernibfocus>
				<onup>509</onup>
				<ondown>SetFocus(732)</ondown>
				<showonepage>false</showonepage>
				<orientation>horizontal</orientation>
			</control>
		</control>
		<control type="group">
			<visible>Control.IsVisible(509)</visible>
			<include>opencloseslideup</include>
			<top>15</top>
			<control type="image">
				<left>-10</left>
				<top>664</top>
				<width>1300</width>
				<height>10</height>
				<colordiffuse>fanartdiffuse</colordiffuse>
				<texture background="true" border="2" flipy="true">Shadow.png</texture>
			</control>
			<control type="image">
				<visible>Control.IsVisible(509)</visible>
				<left>-10</left>
				<top>664</top>
				<width>1300</width>
				<height>1</height>
				<colordiffuse>menudiffuse</colordiffuse>
				<texture background="true">Separator2.png</texture>
			</control>
			<control type="label">
				<left>40</left>
				<top>640</top>
				<width>1200</width>
				<height>20</height>
				<shadowcolor>black</shadowcolor>
				<scroll>true</scroll>
				<align>center</align>
				<aligny>center</aligny>
				<font>impacted31</font>
				<label>$INFO[ListItem.Label]</label>
				<visible>!Stringcompare(ListItem.label,..)</visible>
				<include>openclosevisible</include>
			</control>
		</control>
		<control type="group">
			<visible>Control.IsVisible(509)</visible>
			<control type="image">
				<include>openclosemedium</include>
				<left>1035</left>
				<top>75</top>
				<width>230</width>
				<height>70</height>
				<aspectratio>keep</aspectratio>
				<texture background="true">$INFO[Skin.String(Music_Folder_Path)]$INFO[ListItem.Artist,,/logo.png]</texture>
				<visible>Skin.HasSetting(music_art)</visible>
			</control>
			<control type="group">
				<visible>Control.IsVisible(509)+[Control.HasFocus(888)|Skin.HasSetting(MusicInfo)]</visible>
				<visible>!Stringcompare(ListItem.label,..)</visible>
				<include>openclosevisible</include>
				<control type="group">
					<left>20</left>
					<top>40</top>
					<control type="image">
						<left>-10</left>
						<top>116</top>
						<width>1260</width>
						<height>280</height>
						<!-- <colordiffuse>fanartdiffuse</colordiffuse> -->
						<texture background="true">BlackBack.png</texture>
					</control>
					<control type="group">
						<control type="label">
							<left>10</left>
							<top>50</top>
							<width>1000</width>
							<height>20</height>
							<font>impacted31</font>
							<textcolor>focused</textcolor>
							<shadowcolor>black</shadowcolor>
							<label>$INFO[ListItem.Property(Album_Artist)]</label>
						</control>
						<control type="label">
							<left>15</left>
							<top>73</top>
							<width>1000</width>
							<height>20</height>
							<font>impacted36</font>
							<textcolor>grey</textcolor>
							<shadowcolor>black</shadowcolor>
							<label>$INFO[ListItem.Label]</label>
						</control>
						<control type="group">
							<visible>!IsEmpty(Control.GetLabel(1203))+!Container.Content(Artists)</visible>
							<visible>Skin.HasSetting(music_art)</visible>
							<include>openclosevisible</include>
							<control type="image">
								<description>Separator</description>
								<left>-10</left>
								<top>25</top>
								<width>425</width>
								<height>2</height>
								<colordiffuse>fanartdiffuse</colordiffuse>
								<texture background="true" border="1">Separator1.png</texture>
							</control>
							<control type="image">
								<description>Separator</description>
								<left>822</left>
								<top>25</top>
								<width>424</width>
								<height>2</height>
								<colordiffuse>fanartdiffuse</colordiffuse>
								<texture background="true" border="1">Separator1.png</texture>
							</control>
							<control type="image">
								<description>Separator</description>
								<left>-10</left>
								<top>115</top>
								<width>480</width>
								<height>2</height>
								<colordiffuse>fanartdiffuse</colordiffuse>
								<texture background="true" border="1">Separator1.png</texture>
							</control>
							<control type="image">
								<description>Separator</description>
								<left>770</left>
								<top>115</top>
								<width>480</width>
								<height>2</height>
								<colordiffuse>fanartdiffuse</colordiffuse>
								<texture background="true" border="1">Separator1.png</texture>
							</control>
						</control>
						<control type="group">
							<visible>IsEmpty(Control.GetLabel(1203))|Container.Content(Artists)|!Skin.HasSetting(music_art)</visible>
							<include>openclosevisible</include>
							<control type="image">
								<description>Separator</description>
								<left>-10</left>
								<top>25</top>
								<width>1260</width>
								<height>2</height>
								<colordiffuse>fanartdiffuse</colordiffuse>
								<texture background="true" border="1">Separator1.png</texture>
							</control>
							<control type="image">
								<description>Separator</description>
								<left>-10</left>
								<top>115</top>
								<width>1260</width>
								<height>2</height>
								<colordiffuse>fanartdiffuse</colordiffuse>
								<texture background="true" border="1">Separator1.png</texture>
							</control>
						</control>
					</control>
					<control type="group">
						<left>30</left>
						<top>80</top>
						<visible>[!System.HasAddon(script.skin.info.service)|!Skin.HasSetting(extendedinfo_music)]|[Container.Content(Albums)|Container.Content(Songs)]</visible>
						<visible>Container.Content(Albums)|Container.Content(Songs)</visible>
						<visible>!Stringcompare(ListItem.label,..)</visible>
						<include>openclosemedium</include>
						<control type="label">
							<left>0</left>
							<top>35</top>
							<width>850</width>
							<height>30</height>
							<scroll>true</scroll>
							<align>left</align>
							<aligny>center</aligny>
							<label>$LOCALIZE[515]: $INFO[ListItem.Genre]</label>
						</control>
						<control type="label">
							<left>0</left>
							<top>60</top>
							<width>850</width>
							<height>30</height>
							<scroll>true</scroll>
							<align>left</align>
							<aligny>center</aligny>
							<label>$LOCALIZE[562]: $INFO[ListItem.Year]</label>
						</control>
						<control type="fadelabel">
							<left>0</left>
							<top>85</top>
							<width>400</width>
							<height>30</height>
							<scroll>true</scroll>
							<align>left</align>
							<aligny>center</aligny>
							<label>$LOCALIZE[563]:</label>
							<scrollout>false</scrollout>
							<pauseatend>2000</pauseatend>
						</control>
						<control type="image">
							<description>Rating value</description>
							<left>85</left>
							<top>87</top>
							<width>160</width>
							<height>26</height>
							<aspectratio>keep</aspectratio>
							<texture>$INFO[ListItem.StarRating,LeftRating/]</texture>
						</control>
						<control type="label">
							<description>Description Value for Album</description>
							<left>0</left>
							<top>120</top>
							<width>780</width>
							<height>180</height>
							<font>font16</font>
							<wrapmultiline>true</wrapmultiline>
							<label>$INFO[ListItem.Property(Album_Description)]</label>
						</control>
					</control>
					<control type="group">
						<left>20</left>
						<top>80</top>
						<visible>!System.HasAddon(script.skin.info.service)|!Skin.HasSetting(extendedinfo_music)</visible>
						<visible>Container.Content(Artists)|Container.Content(Album)</visible>
						<visible>!Stringcompare(ListItem.label,..)</visible>
						<include>openclosemedium</include>
						<control type="list" id="49">
							<left>0</left>
							<top>80</top>
							<width>400</width>
							<height>330</height>
							<onleft>49</onleft>
							<onright>49</onright>
							<onup>9000</onup>
							<ondown>61</ondown>
							<pagecontrol>-</pagecontrol>
							<scrolltime>200</scrolltime>
							<itemlayout height="20">
								<control type="label">
									<left>0</left>
									<top>0</top>
									<width>160</width>
									<height>22</height>
									<align>right</align>
									<aligny>center</aligny>
									<textcolor>grey</textcolor>
									<info>ListItem.Label</info>
								</control>
								<control type="label">
									<left>170</left>
									<top>0</top>
									<width>220</width>
									<height>22</height>
									<align>left</align>
									<aligny>center</aligny>
									<scroll>true</scroll>
									<info>ListItem.Label2</info>
								</control>
							</itemlayout>
							<focusedlayout height="20">
								<control type="label">
									<left>0</left>
									<top>0</top>
									<width>160</width>
									<height>22</height>
									<align>right</align>
									<aligny>center</aligny>
									<textcolor>grey</textcolor>
									<info>ListItem.Label</info>
								</control>
								<control type="label">
									<left>170</left>
									<top>0</top>
									<width>220</width>
									<height>22</height>
									<align>left</align>
									<aligny>center</aligny>
									<scroll>true</scroll>
									<info>ListItem.Label2</info>
								</control>
							</focusedlayout>
							<content>
								<item>
									<label>$LOCALIZE[21893]:</label>
									<label2 fallback="-">$INFO[ListItem.Property(Artist_Born)]</label2>
									<onclick>noop</onclick>
									<!-- <visible>!IsEmpty(ListItem.Property(Artist_Born))</visible> -->
								</item>
								<item>
									<label>$LOCALIZE[21894]:</label>
									<label2 fallback="-">$INFO[ListItem.Property(Artist_Formed)]</label2>
									<onclick>noop</onclick>
									<!-- <visible>!IsEmpty(ListItem.Property(Artist_Formed))</visible> -->
								</item>
								<item>
									<label>$LOCALIZE[515]:</label>
									<label2 fallback="-">$INFO[ListItem.Genre]</label2>
									<onclick>noop</onclick>
									<!-- <visible>!IsEmpty(ListItem.Genre)</visible> -->
								</item>
								<item>
									<label>$LOCALIZE[175]:</label>
									<label2 fallback="-">$INFO[ListItem.Property(Artist_Mood)]</label2>
									<onclick>noop</onclick>
									<!-- <visible>!IsEmpty(ListItem.Property(Artist_Mood))</visible> -->
								</item>
								<item>
									<label>$LOCALIZE[176]:</label>
									<label2 fallback="-">$INFO[ListItem.Property(Artist_Style)]</label2>
									<onclick>noop</onclick>
									<!-- <visible>!IsEmpty(ListItem.Property(Artist_Style))</visible> -->
								</item>
								<item>
									<label>$LOCALIZE[21892]:</label>
									<label2 fallback="-">$INFO[ListItem.Property(Artist_Instrument)]</label2>
									<onclick>noop</onclick>
									<!-- <visible>!IsEmpty(ListItem.Property(Artist_Instrument))</visible> -->
								</item>
								<item>
									<label>$LOCALIZE[21897]:</label>
									<label2 fallback="-">$INFO[ListItem.Property(Artist_Died)]</label2>
									<onclick>noop</onclick>
									<!-- <visible>!IsEmpty(ListItem.Property(Artist_Died))</visible> -->
								</item>
								<item>
									<label>$LOCALIZE[21896]:</label>
									<label2 fallback="-">$INFO[ListItem.Property(Artist_Disbanded)]</label2>
									<onclick>noop</onclick>
									<!-- <visible>!IsEmpty(ListItem.Property(Artist_Disbanded))</visible> -->
								</item>
								<item>
									<label>$LOCALIZE[21898]:</label>
									<label2>$INFO[ListItem.Property(Artist_YearsActive)]</label2>
									<onclick>noop</onclick>
									<!-- <visible>!IsEmpty(ListItem.Property(Artist_YearsActive))</visible> -->
								</item>
							</content>
						</control>
						<control type="textbox">
							<description>Description Value for Album</description>
							<left>400</left>
							<top>45</top>
							<width>400</width>
							<height>260</height>
							<font>font16</font>
							<label>$INFO[ListItem.Property(Artist_Description)]</label>
						</control>
					</control>
					<control type="group">
						<left>100</left>
						<top>140</top>
						<include>MusicExtendedInfoStripe</include>
					</control>
				</control>
				<control type="image">
					<description>Separator</description>
					<include>opencloseslideleft</include>
					<left>856</left>
					<top>172</top>
					<width>2</width>
					<height>250</height>
					<colordiffuse>fanartdiffuse</colordiffuse>
					<texture background="true" border="1">Separator4.png</texture>
				</control>
				<control type="multiimage" id="1200">
					<include>opencloseslideleft</include>
					<left>880</left>
					<top>172</top>
					<width>372</width>
					<height>250</height>
					<aspectratio>keep</aspectratio>
					<imagepath background="true">$INFO[Skin.String(Music_Folder_Path)]$INFO[ListItem.Artist]/extrafanart</imagepath>
					<timeperimage>4000</timeperimage>
					<fadetime>800</fadetime>
					<randomize>true</randomize>
					<visible>Skin.HasSetting(music_art)</visible>
				</control>
				<control type="image" id="1201">
					<include>opencloseslideleft</include>
					<left>880</left>
					<top>172</top>
					<width>372</width>
					<height>250</height>
					<aspectratio>keep</aspectratio>
					<texture background="true" fallback="special://skin/backgrounds/fallback_background.jpg">$INFO[ListItem.Art(fanart)]</texture>
					<fadetime>FadeTime</fadetime>
					<visible>IsEmpty(Control.GetLabel(1200))|!Skin.HasSetting(music_art)</visible>
				</control>
				<control type="image">
					<description>Separator</description>
					<include>openclosevisible</include>
					<left>10</left>
					<top>435</top>
					<width>1260</width>
					<height>2</height>
					<colordiffuse>fanartdiffuse</colordiffuse>
					<texture background="true" border="1">Separator1.png</texture>
				</control>
			</control>
			<control type="group">
				<visible>Skin.HasSetting(CommonPageCount)</visible>
				<include>opencloseslideup</include>
				<control type="label">
					<description>Page Count Label</description>
					<left>520r</left>
					<top>690</top>
					<width>500</width>
					<height>20</height>
					<font>impacted18</font>
					<textcolor>grey</textcolor>
					<shadowcolor>grey3</shadowcolor>
					<scroll>false</scroll>
					<align>right</align>
					<aligny>center</aligny>
					<label>$INFO[Container.NumItems,([COLOR=white],[/COLOR]) $LOCALIZE[31025]]$INFO[Container.CurrentPage, - $LOCALIZE[31024] ([COLOR=white]]$INFO[Container.NumPages,/,[/COLOR])]</label>
				</control>
			</control>
			<control type="image" id="1203">
				<visible>!Container(509).OnNext+!Container(509).OnPrevious</visible>
				<visible>!Stringcompare(ListItem.label,..)+Skin.HasSetting(music_art)+[Container.Content(albums)|Container.Content(artists)|Container.Content(songs)]</visible>
				<visible>Control.IsVisible(509)+[Control.HasFocus(888)|Skin.HasSetting(MusicInfo)]</visible>
				<left>440</left>
				<top>-200</top>
				<width>400</width>
				<height>400</height>
				<aspectratio>keep</aspectratio>
				<texture background="true">$INFO[Skin.String(Music_Folder_Path)]$INFO[ListItem.Artist,,/]$INFO[ListItem.Album,,/cdart.png]</texture>
				<animation type="Visible" reversible="false">
					<effect type="slide" start="0,-220" end="0" time="800" delay="800"/>
					<effect type="rotate" center="auto" end="-900" time="15000" delay="1700"/>
				</animation>
			</control>
			<control type="group">
				<left>-760</left>
				<top>390</top>
				<include>ScrollOffsetLabel</include>
			</control>
			<include condition="!Skin.HasSetting(HideJumpSMSBar)">AlphaBarH</include>
		</control>
	</include>
</includes>
