<?xml version="1.0" encoding="utf-8"?>
<includes>
	<include name="ViewMoviePanel">
		<include>openclose</include>
		<control type="image">
			<visible>Control.IsVisible(500)</visible>
			<include>Dimensions_Fullscreen</include>
			<colordiffuse>focused</colordiffuse>
			<texture background="true" border="2" flipy="true">ContentPanel_scratched.png</texture>
		</control>
		<control type="group">
			<include>openclosebox</include>
			<visible>Control.IsVisible(500)</visible>
			<control type="button" id="444">
				<enable>false</enable>
				<include>HiddenButton</include>
				<visible>Control.IsVisible(500)</visible>
			</control>
			<visible>Control.IsVisible(500)</visible>
			<control type="image">
				<left>-5</left>
				<top>15</top>
				<width>1290</width>
				<height>30</height>
				<colordiffuse>menudiffuse</colordiffuse>
				<texture background="true">Shadow.png</texture>
			</control>
			<control type="image">
				<left>-5</left>
				<top>480</top>
				<width>1290</width>
				<height>30</height>
				<colordiffuse>menudiffuse</colordiffuse>
				<texture background="true" flipy="true">Shadow.png</texture>
			</control>
			<control type="image">
				<left>-5</left>
				<top>45</top>
				<width>1290</width>
				<height>435</height>
				<colordiffuse>fanartdiffuse</colordiffuse>
				<texture background="true">WhiteBack.png</texture>
			</control>
			<control type="image">
				<left>-5</left>
				<top>45</top>
				<width>1290</width>
				<height>435</height>
				<colordiffuse>grey2</colordiffuse>
				<aspectratio aligny="top">scale</aspectratio>
				<fadetime>FadeTime</fadetime>
				<texture background="true" diffuse="WhiteBack.png" fallback="BlackBack.png">$INFO[ListItem.Art(fanart)]</texture>
				<visible>Skin.HasSetting(fanart)</visible>
				<include>openclosevisible</include>
			</control>
			<control type="image">
				<visible>!Stringcompare(ListItem.label,..)</visible>
				<visible>Container.Content(movies)|Container.Content(sets)|Container.Content(tvshows)|Container.Content(seasons)|Container.Content(episodes)</visible>
				<include>openclosevisible</include>
				<left>-5</left>
				<top>520</top>
				<width>1290</width>
				<height>2</height>
				<colordiffuse>fanartdiffuse</colordiffuse>
				<texture background="true" border="1">Separator1.png</texture>
			</control>
			<control type="image">
				<left>-5</left>
				<top>85r</top>
				<width>1290</width>
				<height>90</height>
				<colordiffuse>menudiffuse</colordiffuse>
				<texture background="true">Shadow.png</texture>
			</control>
		</control>
		<control type="group">
			<include>openclosebox</include>
			<visible>Control.IsVisible(500)</visible>
			<control type="panel" id="500">
				<left>70</left>
				<top>50</top>
				<width>1120</width>
				<height>440</height>
				<onleft>500</onleft>
				<onright>500</onright>
				<onup>9000</onup>
				<ondown condition="Control.IsVisible(60)">60</ondown>
				<ondown condition="Control.IsVisible(2000)">2000</ondown>
				<ondown condition="!Skin.HasSetting(HideJumpSMSBar)+!Control.IsVisible(60)">17000</ondown>
				<viewtype label="Panel">panel</viewtype>
				<pagecontrol>60</pagecontrol>
				<scrolltime>200</scrolltime>
				<focusposition>0</focusposition>
				<movement>3</movement>
				<preloaditems>4</preloaditems>
				<orientation>horizontal</orientation>
				<visible>Window.IsVisible(videos)</visible>
				<!-- <visible>!Container.Content(files)</visible> -->
				<itemlayout condition="!Container.Content(Episodes)+!Container.Content(files)" height="205" width="140">
					<control type="group">
						<control type="image">
							<left>15</left>
							<top>13</top>
							<width>109</width>
							<height>148</height>
							<colordiffuse>$VAR[CoverDim]</colordiffuse>
							<texture background="true" diffuse="masks/mask.png">BlackBack.png</texture>
						</control>
						<control type="image">
							<include>openclosevisible</include>
							<left>14</left>
							<top>8</top>
							<width>114</width>
							<height>160</height>
							<aspectratio>keep</aspectratio>
							<colordiffuse>$VAR[CoverDim]</colordiffuse>
							<animation effect="rotate" end="45" time="0" center="auto" condition="true">Conditional</animation>
							<texture background="true">$INFO[ListItem.Art(clearlogo)]</texture>
							<visible>Skin.HasSetting(logo_cover)+!IsEmpty(ListItem.Art(clearlogo))</visible>
						</control>
						<control type="image">
							<include>openclosevisible</include>
							<left>10</left>
							<top>8</top>
							<width>120</width>
							<height>160</height>
							<aspectratio>stretch</aspectratio>
							<fadetime>FadeTime</fadetime>
							<colordiffuse>$VAR[CoverDim]</colordiffuse>
							<texture background="true" diffuse="masks/mask.png" fallback="FallbackCover.png">$VAR[PosterThumb]</texture>
							<bordertexture border="10">ThumbShadow.png</bordertexture>
							<bordersize>6</bordersize>
							<visible>IsEmpty(ListItem.Art(clearlogo))|!Skin.HasSetting(logo_cover)</visible>
						</control>
						<control type="image">
							<left>16</left>
							<top>161</top>
							<width>108</width>
							<height>60</height>
							<colordiffuse>menudiffuse</colordiffuse>
							<aspectratio>stretch</aspectratio>
							<fadetime>FadeTime</fadetime>
							<texture background="true" flipy="true">Shadow.png</texture>
						</control>
						<control type="group">
							<left>16</left>
							<top>13</top>
							<include>Amazon_Flagg_Small</include>
						</control>
						<control type="group">
							<left>16</left>
							<top>13</top>
							<include>WatchedIcon_Small</include>
						</control>
						<control type="group">
							<left>73</left>
							<top>111</top>
							<include>Set_Flagg_Small</include>
						</control>
						<control type="image">
							<include>openclosevisible</include>
							<left>15</left>
							<top>13</top>
							<width>109</width>
							<height>149</height>
							<aspectratio>stretch</aspectratio>
							<fadetime>FadeTime</fadetime>
							<colordiffuse>$VAR[CoverDim]</colordiffuse>
							<texture background="true">masks/Default.png</texture>
							<visible>Skin.HasSetting(animation)</visible>
							<visible>!Stringcompare(ListItem.label,..)</visible>
						</control>
					</control>
					<control type="label">
						<left>17</left>
						<top>165</top>
						<width>109</width>
						<height>20</height>
						<textcolor>white</textcolor>
						<shadowcolor>-</shadowcolor>
						<align>center</align>
						<aligny>center</aligny>
						<font>ubuntu-r13b</font>
						<label>$VAR[OriginalTitle]</label>
						<scroll>false</scroll>
					</control>
					<control type="label">
						<left>15</left>
						<top>183</top>
						<width>109</width>
						<height>20</height>
						<textcolor>grey1</textcolor>
						<shadowcolor>-</shadowcolor>
						<align>center</align>
						<aligny>center</aligny>
						<font>ubuntu-r13b</font>
						<label>$INFO[ListItem.Year]</label>
						<scroll>false</scroll>
						<visible>![ListItem.IsCollection|Container.Content(Sets)]</visible>
					</control>
				</itemlayout>
				<focusedlayout condition="!Container.Content(Episodes)+!Container.Content(files)" height="220" width="140">
					<control type="group">
						<include>focuseffect</include>
						<control type="image">
							<left>9</left>
							<top>9</top>
							<width>122</width>
							<height>198</height>
							<texture background="true">BlackBack.png</texture>
						</control>
						<control type="image">
							<left>0</left>
							<top>0</top>
							<width>140</width>
							<height>215</height>
							<aspectratio>stretch</aspectratio>
							<texture background="true" border="8">ThumbShadowWhite.png</texture>
						</control>
						<control type="image">
							<left>10</left>
							<top>8</top>
							<width>120</width>
							<height>160</height>
							<aspectratio>stretch</aspectratio>
							<fadetime>FadeTime</fadetime>
							<texture background="true" diffuse="masks/mask.png" fallback="FallbackCover.png">$VAR[PosterThumb]</texture>
							<bordertexture border="10">ThumbShadow.png</bordertexture>
							<bordersize>6</bordersize>
						</control>
						<control type="group">
							<left>16</left>
							<top>13</top>
							<include>Amazon_Flagg_Small_Focus</include>
						</control>
						<control type="group">
							<left>16</left>
							<top>13</top>
							<include>WatchedIcon_Focus_Small</include>
						</control>
						<control type="group">
							<left>74</left>
							<top>111</top>
							<include>Set_Flagg_Small_Focus</include>
						</control>
						<control type="image">
							<include>openclosevisible</include>
							<left>15</left>
							<top>13</top>
							<width>109</width>
							<height>149</height>
							<aspectratio>stretch</aspectratio>
							<fadetime>FadeTime</fadetime>
							<texture background="true">masks/Default.png</texture>
							<visible>Skin.HasSetting(animation)</visible>
							<visible>!Stringcompare(ListItem.label,..)</visible>
						</control>
						<control type="label">
							<left>17</left>
							<top>165</top>
							<width>109</width>
							<height>20</height>
							<textcolor>white</textcolor>
							<shadowcolor>-</shadowcolor>
							<align>center</align>
							<aligny>center</aligny>
							<font>ubuntu-r13b</font>
							<label>$VAR[OriginalTitle]</label>
							<scroll>true</scroll>
						</control>
						<control type="label">
							<left>15</left>
							<top>183</top>
							<width>109</width>
							<height>20</height>
							<textcolor>grey1</textcolor>
							<shadowcolor>-</shadowcolor>
							<align>center</align>
							<aligny>center</aligny>
							<font>ubuntu-r13b</font>
							<label>$INFO[ListItem.Year]</label>
							<scroll>false</scroll>
							<visible>![ListItem.IsCollection|Container.Content(Sets)]</visible>
						</control>
					</control>
				</focusedlayout>
				<itemlayout condition="Container.Content(Episodes)|Container.Content(files)" height="205" width="280">
					<control type="group">
						<left>20</left>
						<control type="image">
							<left>10</left>
							<top>8</top>
							<width>239</width>
							<height>150</height>
							<aspectratio>stretch</aspectratio>
							<fadetime>FadeTime</fadetime>
							<colordiffuse>$VAR[CoverDim]</colordiffuse>
							<texture background="true" diffuse="masks/mask.png" border="1" fallback="FallbackCover.png">$INFO[ListItem.Icon]</texture>
							<bordertexture border="10">ThumbShadow.png</bordertexture>
							<bordersize>6</bordersize>
						</control>
						<control type="image">
							<left>16</left>
							<top>151</top>
							<width>226</width>
							<height>60</height>
							<colordiffuse>menudiffuse</colordiffuse>
							<aspectratio>stretch</aspectratio>
							<fadetime>FadeTime</fadetime>
							<texture background="true" flipy="true">Shadow.png</texture>
						</control>
						<control type="image">
							<left>202</left>
							<top>13</top>
							<width>36</width>
							<height>40</height>
							<aspectratio>stretch</aspectratio>
							<fadetime>FadeTime</fadetime>
							<colordiffuse>grey1</colordiffuse>
							<texture background="true" flipx="true">icons/BannerFlag.png</texture>
							<visible>Skin.HasSetting(animation)</visible>
							<visible>!Stringcompare(ListItem.label,..)</visible>
							<visible>!IsEmpty(ListItem.Episode)</visible>
						</control>
						<control type="image">
							<left>15</left>
							<top>13</top>
							<width>228</width>
							<height>139</height>
							<aspectratio>stretch</aspectratio>
							<fadetime>FadeTime</fadetime>
							<colordiffuse>$VAR[CoverDim]</colordiffuse>
							<texture background="true">masks/Default_sharp.png</texture>
							<visible>Skin.HasSetting(animation)</visible>
						</control>
						<control type="group">
							<left>16</left>
							<top>14</top>
							<include>Amazon_Flagg_Small</include>
						</control>
						<control type="group">
							<left>16</left>
							<top>14</top>
							<include>WatchedIcon_Small</include>
						</control>
						<control type="label">
							<left>200</left>
							<top>19</top>
							<width>40</width>
							<height>20</height>
							<textcolor>white</textcolor>
							<shadowcolor>black</shadowcolor>
							<align>center</align>
							<aligny>center</aligny>
							<font>font16</font>
							<label>$INFO[ListItem.Episode]</label>
							<visible>!IsEmpty(ListItem.Episode)</visible>
							<scroll>false</scroll>
						</control>
						<control type="label">
							<left>15</left>
							<top>160</top>
							<width>228</width>
							<height>20</height>
							<textcolor>white</textcolor>
							<shadowcolor>black</shadowcolor>
							<align>center</align>
							<aligny>center</aligny>
							<font>font16</font>
							<label>$VAR[OriginalTitle]</label>
							<scroll>false</scroll>
						</control>
						<control type="label">
							<left>15</left>
							<top>180</top>
							<width>228</width>
							<height>20</height>
							<textcolor>grey1</textcolor>
							<shadowcolor>black</shadowcolor>
							<align>center</align>
							<aligny>center</aligny>
							<font>ubuntu-r13b</font>
							<label>$INFO[ListItem.Duration,, $LOCALIZE[12391]]</label>
							<scroll>false</scroll>
						</control>
					</control>
				</itemlayout>
				<focusedlayout condition="Container.Content(Episodes)|Container.Content(files)" height="220" width="280">
					<control type="group">
						<include>focuseffect</include>
						<left>20</left>
						<control type="image">
							<left>8</left>
							<top>9</top>
							<width>242</width>
							<height>198</height>
							<texture background="true">BlackBack.png</texture>
						</control>
						<control type="image">
							<left>0</left>
							<top>0</top>
							<width>260</width>
							<height>215</height>
							<aspectratio>stretch</aspectratio>
							<texture background="true" border="8">ThumbShadowWhite.png</texture>
						</control>
						<control type="image">
							<left>10</left>
							<top>8</top>
							<width>239</width>
							<height>150</height>
							<aspectratio>stretch</aspectratio>
							<fadetime>FadeTime</fadetime>
							<texture background="true" diffuse="masks/mask.png" border="1" fallback="FallbackCover.png">$INFO[ListItem.Icon]</texture>
							<bordertexture border="10">ThumbShadow.png</bordertexture>
							<bordersize>6</bordersize>
						</control>
						<control type="image">
							<left>202</left>
							<top>13</top>
							<width>36</width>
							<height>40</height>
							<aspectratio>stretch</aspectratio>
							<fadetime>FadeTime</fadetime>
							<texture background="true" flipx="true">icons/BannerFlag.png</texture>
							<visible>Skin.HasSetting(animation)</visible>
							<visible>!Stringcompare(ListItem.label,..)</visible>
							<visible>!IsEmpty(ListItem.Episode)</visible>
						</control>
						<control type="image">
							<left>15</left>
							<top>13</top>
							<width>228</width>
							<height>139</height>
							<aspectratio>stretch</aspectratio>
							<fadetime>FadeTime</fadetime>
							<texture background="true">masks/Default_sharp.png</texture>
							<visible>Skin.HasSetting(animation)</visible>
						</control>
						<control type="group">
							<left>16</left>
							<top>14</top>
							<include>Amazon_Flagg_Small_Focus</include>
						</control>
						<control type="group">
							<left>16</left>
							<top>14</top>
							<include>WatchedIcon_Focus_Small</include>
						</control>
						<control type="label">
							<left>200</left>
							<top>19</top>
							<width>40</width>
							<height>20</height>
							<textcolor>white</textcolor>
							<shadowcolor>black</shadowcolor>
							<align>center</align>
							<aligny>center</aligny>
							<font>font16</font>
							<label>$INFO[ListItem.Episode]</label>
							<visible>!IsEmpty(ListItem.Episode)</visible>
							<scroll>false</scroll>
						</control>
						<control type="label">
							<left>15</left>
							<top>160</top>
							<width>228</width>
							<height>20</height>
							<textcolor>white</textcolor>
							<shadowcolor>black</shadowcolor>
							<align>center</align>
							<aligny>center</aligny>
							<font>font16</font>
							<label>$VAR[OriginalTitle]</label>
							<scroll>false</scroll>
						</control>
						<control type="label">
							<left>15</left>
							<top>180</top>
							<width>228</width>
							<height>20</height>
							<textcolor>grey1</textcolor>
							<shadowcolor>black</shadowcolor>
							<align>center</align>
							<aligny>center</aligny>
							<font>ubuntu-r13b</font>
							<label>$INFO[ListItem.Duration,, $LOCALIZE[12391]]</label>
							<scroll>false</scroll>
						</control>
					</control>
				</focusedlayout>
			</control>
		</control>
		<control type="group">
			<include>openclosevisible</include>
			<visible>Control.IsVisible(500)</visible>
			<control type="group">
				<top>40</top>
				<control type="group">
					<visible>Container(500).HasNext</visible>
					<include>openclosevisible</include>
					<control type="image">
						<left>40r</left>
						<top>170</top>
						<width>1</width>
						<height>120</height>
						<colordiffuse>menudiffuse</colordiffuse>
						<texture background="true">Separator3.png</texture>
					</control>
					<control type="image">
						<left>33r</left>
						<top>212</top>
						<width>20</width>
						<height>30</height>
						<colordiffuse>menudiffuse</colordiffuse>
						<texture background="true" flipx="true">ArrowBig.png</texture>
					</control>
				</control>
				<control type="group">
					<visible>Container(500).HasPrevious</visible>
					<include>openclosevisible</include>
					<control type="image">
						<left>40</left>
						<top>170</top>
						<width>1</width>
						<height>120</height>
						<colordiffuse>menudiffuse</colordiffuse>
						<texture background="true">Separator3.png</texture>
					</control>
					<control type="image">
						<left>14</left>
						<top>212</top>
						<width>20</width>
						<height>30</height>
						<colordiffuse>menudiffuse</colordiffuse>
						<texture background="true">ArrowBig.png</texture>
					</control>
				</control>
			</control>
			<control type="label">
				<left>0</left>
				<top>150r</top>
				<width>1280</width>
				<height>50</height>
				<align>center</align>
				<font>menufontimpacted</font>
				<textcolor>grey2</textcolor>
				<label>$INFO[ListItem.Label]</label>
				<animation effect="fade" end="100" time="150" delay="500">Visible</animation>
				<visible>![Container.Content(movies)|Container.Content(sets)|Container.Content(tvshows)|Container.Content(seasons)|Container.Content(episodes)]</visible>
			</control>
			<control type="grouplist">
				<left>20</left>
				<top>490</top>
				<width>900</width>
				<height>30</height>
				<itemgap>8</itemgap>
				<align>left</align>
				<orientation>horizontal</orientation>
				<include>FlagVideo</include>
				<include>FlagVideoAudioStream1</include>
				<include>FlagVideoAudioStream2</include>
				<include>FlagVideoSubtitles</include>
				<include>FlagVideoStudio</include>
			</control>
			<control type="group">
				<top>350</top>
				<control type="scrollbar" id="60">
					<animation effect="slide" start="0,0" end="0,-5" time="150" condition="Control.HasFocus(60)">Conditional</animation>
					<left>10</left>
					<top>120</top>
					<width>1260</width>
					<height>12</height>
					<texturesliderbackground border="1">ScrollBarBackground_H.png</texturesliderbackground>
					<texturesliderbar border="3">ScrollBar_H.png</texturesliderbar>
					<texturesliderbarfocus colordiffuse="red" border="3">ScrollBar_H.png</texturesliderbarfocus>
					<textureslidernib>-</textureslidernib>
					<textureslidernibfocus>-</textureslidernibfocus>
					<onup>401</onup>
					<ondown condition="Control.IsVisible(2000)">2000</ondown>
					<ondown condition="Control.IsVisible(17000)">17000</ondown>
					<ondown condition="!Control.IsVisible(17000)">732</ondown>
					<showonepage>false</showonepage>
					<orientation>horizontal</orientation>
				</control>
				<control type="group">
					<visible>!Stringcompare(ListItem.label,..)</visible>
					<visible>Container.Content(movies)|Container.Content(sets)|Container.Content(tvshows)|Container.Content(seasons)|Container.Content(episodes)</visible>
					<include>openclosevisible</include>
					<control type="group">
						<left>20</left>
						<top>40</top>
						<control type="group"> <!-- without extended infos -->
							<left>20</left>
							<top>0</top>
							<include>openclosevisible</include>
							<include>openclosemediumnodelay</include>
							<control type="group">
								<left>125</left>
								<top>145</top>
								<animation effect="zoom" end="80" condition="true">Conditional</animation>
								<include>MovieSetInformationCover</include>
								<visible>ListItem.IsCollection</visible>
								<include>openclosevisible</include>
							</control>
							<control type="label">
								<left>20</left>
								<top>88</top>
								<width>1160</width>
								<height>50</height>
								<align>center</align>
								<textcolor>grey1</textcolor>
								<font>impacted21</font>
								<label>$LOCALIZE[20161]$INFO[Container(2000).NumItems,: [COLOR=white],[/COLOR]]</label>
								<visible>ListItem.IsCollection</visible>
								<include>openclosevisible</include>
							</control>
							<control type="textbox">
								<description>Description</description>
								<include>openclosevisible</include>
								<left>0</left>
								<top>145</top>
								<width>770</width>
								<height>174</height>
								<include condition="!Skin.HasSetting(BigPlotText)">PlotText16Var</include>
								<include condition="Skin.HasSetting(BigPlotText)">PlotTextBigVar</include>
								<shadowcolor>black</shadowcolor>
								<label>$INFO[ListItem.Plot]</label>
								<visible>!IsEmpty(ListItem.Plot)</visible>
							</control>
							<control type="image">
								<visible>Container.Content(Movies)</visible>
								<include>openclosevisible</include>
								<left>830</left>
								<top>145</top>
								<width>380</width>
								<height>160</height>
								<fadetime>FadeTime</fadetime>
								<colordiffuse>menudiffuse</colordiffuse>
								<aspectratio align="right">keep</aspectratio>
								<texture background="true" diffuse="SideFadeWhite_round.png">$VAR[extraart_rule]</texture>
								<visible>Skin.HasSetting(video_art)</visible>
							</control>
							<control type="group">
								<include>openclosefanart</include>
								<left>830</left>
								<top>145</top>
								<visible>Container.Content(Movies)+!ListItem.IsCollection</visible>
								<control type="grouplist">
									<width>380</width>
									<height>200</height>
									<itemgap>0</itemgap>
									<include>openclosevisible</include>
										<include>MovieDataList_Content</include>
								</control>
							</control>
						</control>
					</control>
					<control type="image">
						<visible>![ListItem.IsCollection|Container.Content(Sets)]|!IsEmpty(ListItem.Plot)</visible>
						<description>Separator</description>
						<include>openclosevisible</include>
						<left>846</left>
						<top>185</top>
						<width>2</width>
						<height>165</height>
						<colordiffuse>fanartdiffuse</colordiffuse>
						<texture background="true" border="1">Separator4.png</texture>
					</control>
					<control type="image">
						<visible>Container.Content(Seasons)</visible>
						<include>openclosevisible</include>
						<left>870</left>
						<top>185</top>
						<width>380</width>
						<height>160</height>
						<fadetime>FadeTime</fadetime>
						<aspectratio>keep</aspectratio>
						<texture background="true">$VAR[extraart_tvshow_rule]</texture>
						<visible>Skin.HasSetting(tvshow_art)</visible>
					</control>
					<control type="label">
						<visible>Container.Content(Episodes)|[!Skin.HasSetting(tvshow_art)+Container.Content(Seasons)]</visible>
						<left>870</left>
						<top>185</top>
						<width>380</width>
						<height>160</height>
						<align>center</align>
						<textcolor>grey</textcolor>
						<font>menufontimpacted</font>
						<label>$INFO[ListItem.Season,$LOCALIZE[20373] ,]</label>
					</control>
					<control type="grouplist">
						<visible>Container.Content(TVShows)</visible>
						<include>openclosevisible</include>
						<left>870</left>
						<top>190</top>
						<width>380</width>
						<height>200</height>
						<itemgap>1</itemgap>
							<include>TVShowDataList_Content</include>
					</control>
				</control>
			</control>
		</control>
		<control type="group">
			<visible>Control.IsVisible(500)</visible>
			<control type="group">
				<include>openclose</include>
				<include>openclosevisible</include>
				<visible>Skin.HasSetting(CommonPageCount)</visible>
				<control type="label">
					<description>Page Count Label</description>
					<left>520r</left>
					<top>492</top>
					<width>500</width>
					<height>20</height>
					<font>font16</font>
					<textcolor>grey</textcolor>
					<scroll>false</scroll>
					<align>right</align>
					<aligny>center</aligny>
					<label>$INFO[Container.NumItems,([COLOR=selected],[/COLOR]) $LOCALIZE[31025]]$INFO[Container.CurrentPage, - $LOCALIZE[31024] ([COLOR=selected]]$INFO[Container.NumPages,/,[/COLOR])]</label>
				</control>
			</control>
			<include condition="!Skin.HasSetting(HideJumpSMSBar)">AlphaBarH</include>
		</control>
	</include>
</includes>
