<?xml version="1.0" encoding="UTF-8"?>
<includes>
	<include name="MediaListView3">
		<include>openclose</include>
		<control type="group">
			<include>openclosevisible</include>
			<control type="button" id="444">
				<enable>false</enable>
				<include>HiddenButton</include>
				<visible>Control.IsVisible(503)+!Control.HasFocus(666)</visible>
			</control>
			<visible>Control.IsVisible(503)+!Control.HasFocus(666)</visible>
			<include>BlackGrunge</include>
			<control type="group"> <!-- Design -->
				<control type="image">
					<description>background</description>
					<include>openclosevisible</include>
					<left>-10</left>
					<top>-10</top>
					<width>1300</width>
					<height>225</height>
					<colordiffuse>menudiffuse</colordiffuse>
					<texture background="true">BlackBack.png</texture>
				</control>
				<control type="image">
					<description>background</description>
					<include>openclosevisible</include>
					<left>-10</left>
					<top>215</top>
					<width>1300</width>
					<height>449</height>
					<colordiffuse>fanartdiffuse</colordiffuse>
					<texture background="true">White.png</texture>
				</control>
				<control type="image">
					<description>background</description>
					<include>openclosevisible</include>
					<left>-10</left>
					<top>664</top>
					<width>1300</width>
					<height>225</height>
					<texture background="true">BlackBack.png</texture>
				</control>
				<control type="group">
					<include>openclosevisible</include>
					<visible>Container.Content(Movies)|Container.Content(Sets)|Container.Content(musicvideos)
					|Container.Content(Seasons)|Container.Content(Episodes)|Container.Content(TVShows)</visible>
					<control type="group">
						<left>1120</left>
						<top>475</top>
						<include>openclosevisible</include>
						<visible>!Stringcompare(ListItem.label,..)+!Container.Content(Seasons)</visible>
						<control type="label">
							<left>270r</left>
							<top>210</top>
							<width>100</width>
							<height>20</height>
							<font>impacted18</font>
							<align>right</align>
							<textcolor>grey</textcolor>
							<label>$LOCALIZE[563]:</label>
						</control>
						<control type="image">
							<description>Rated</description>
							<left>0</left>
							<top>210</top>
							<width>120</width>
							<height>20</height>
							<fadetime>FadeTime</fadetime>
							<texture background="true" fallback="LeftRatingVideo/0.0.png">$INFO[ListItem.Rating,LeftRatingVideo/,.png]</texture>
						</control>
					</control>
				</control>
			</control>
			<control type="group"> <!-- Set Information -->
				<control type="grouplist">
					<left>20</left>
					<top>125</top>
					<width>1240</width>
					<height>90</height>
					<itemgap>5</itemgap>
					<visible>ListItem.IsCollection</visible>
					<include>openclosevisible</include>
					<control type="group">
						<left>20</left>
						<top>60</top>
						<include>MovieSetInformationCover</include>
						<visible>ListItem.IsCollection</visible>
						<include>openclosevisible</include>
					</control>
				</control>
				<control type="label">
					<left>960</left>
					<top>170</top>
					<width>300</width>
					<height>50</height>
					<align>right</align>
					<textcolor>grey1</textcolor>
					<font>impacted21</font>
					<label>$LOCALIZE[20161]$INFO[Container(2000).NumItems,: [COLOR=white],[/COLOR]]</label>
					<visible>ListItem.IsCollection</visible>
					<include>openclosevisible</include>
				</control>
			</control>
			<control type="list" id="503">
				<left>30</left>
				<top>230</top>
				<width>630</width>
				<height>401</height>
				<onleft>9000</onleft>
				<onright condition="Control.IsVisible(60)">60</onright>
				<onright condition="!Skin.HasSetting(HideJumpSMSBar)+!Control.IsVisible(60)">15000</onright>
				<onup>503</onup>
				<ondown>503</ondown>
				<viewtype label="$LOCALIZE[544]">list</viewtype>
				<pagecontrol>60</pagecontrol>
				<scrolltime>200</scrolltime>
				<visible>Window.IsVisible(videos)</visible>
				<visible>!SubString(Container.FolderPath,plugin://,left)+!Container.Content(Addons)</visible>
				<itemlayout height="40" width="620">
					<control type="label">
						<left>10</left>
						<top>0</top>
						<width>520</width>
						<height>40</height>
						<textcolor>black</textcolor>
						<align>left</align>
						<aligny>center</aligny>
						<label>$VAR[OriginalTitle]</label>
					</control>
					<control type="label">
						<left>50</left>
						<top>0</top>
						<width>500</width>
						<height>40</height>
						<textcolor>black</textcolor>
						<align>right</align>
						<aligny>center</aligny>
						<font>font16</font>
						<label>$INFO[ListItem.Label2]</label>
						<visible>Window.IsVisible(Videos)</visible>
						<animation effect="slide" start="0,0" end="40,0" delay="0" time="0" condition="![Container.Content(Movies)|Container.Content(Episodes)|Container.Content(MusicVideos)]">conditional</animation>
					</control>
					<control type="image">
						<left>558</left>
						<top>8</top>
						<width>40</width>
						<height>26</height>
						<aspectratio>keep</aspectratio>
						<texture background="true">$VAR[ListFlag]</texture>
						<visible>Window.IsVisible(Videos) + [Container.Content(Movies)|Container.Content(Episodes)|Container.Content(MusicVideos)]</visible>
					</control>
					<control type="group">
						<left>10</left>
						<control type="image">
							<left>595</left>
							<top>14</top>
							<width>20</width>
							<height>16</height>
							<colordiffuse>grey3</colordiffuse>
							<texture background="true">$INFO[ListItem.Overlay]</texture>
							<visible>!ListItem.IsResumable</visible>
						</control>
						<control type="image">
							<left>595</left>
							<top>14</top>
							<width>16</width>
							<height>16</height>
							<colordiffuse>grey3</colordiffuse>
							<texture background="true">OverlayWatching.png</texture>
							<visible>ListItem.IsResumable</visible>
						</control>
					</control>
				</itemlayout>
				<focusedlayout height="40" width="620">
					<control type="group">
						<include>focuseffect</include>
						<control type="image">
							<left>0</left>
							<top>1</top>
							<width>660</width>
							<height>39</height>
							<colordiffuse>grey2</colordiffuse>
							<texture background="true" border="4">buttons/ButtonFOlightGlow.png</texture>
							<visible>!Control.HasFocus(503)</visible>
						</control>
						<control type="image">
							<left>0</left>
							<top>1</top>
							<width>660</width>
							<height>39</height>
							<colordiffuse>black</colordiffuse>
							<texture background="true" border="4">buttons/ButtonFOlightGlow.png</texture>
							<visible>Control.HasFocus(503)</visible>
						</control>
						<control type="label">
							<left>10</left>
							<top>0</top>
							<width>520</width>
							<height>40</height>
							<textcolor>white</textcolor>
							<shadowcolor>grey3</shadowcolor>
							<align>left</align>
							<aligny>center</aligny>
							<label>$VAR[OriginalTitle]</label>
						</control>
						<control type="label">
							<left>50</left>
							<top>0</top>
							<width>500</width>
							<height>40</height>
							<textcolor>white</textcolor>
							<shadowcolor>grey3</shadowcolor>
							<align>right</align>
							<aligny>center</aligny>
							<font>font16</font>
							<label>$INFO[ListItem.Label2]</label>
							<visible>Window.IsVisible(Videos)</visible>
							<animation effect="slide" start="0,0" end="40,0" delay="0" time="0" condition="![Container.Content(Movies)|Container.Content(Episodes)|Container.Content(MusicVideos)]">conditional</animation>
						</control>
						<control type="image">
							<left>558</left>
							<top>8</top>
							<width>40</width>
							<height>26</height>
							<aspectratio>keep</aspectratio>
							<texture background="true">$VAR[ListFlag]</texture>
							<visible>Window.IsVisible(Videos) + [Container.Content(Movies)|Container.Content(Episodes)|Container.Content(MusicVideos)]</visible>
						</control>
						<control type="group">
							<left>10</left>
							<control type="image">
								<left>595</left>
								<top>14</top>
								<width>20</width>
								<height>16</height>
								<colordiffuse>grey3</colordiffuse>
								<texture background="true">$INFO[ListItem.Overlay]</texture>
								<visible>!ListItem.IsResumable</visible>
							</control>
							<control type="image">
								<left>595</left>
								<top>14</top>
								<width>16</width>
								<height>16</height>
								<colordiffuse>grey3</colordiffuse>
								<texture background="true">OverlayWatching.png</texture>
								<visible>ListItem.IsResumable</visible>
							</control>
						</control>
					</control>
				</focusedlayout>
			</control>
			<control type="scrollbar" id="60">
				<left>660</left>
				<top>230</top>
				<height>405</height>
				<onleft>503</onleft>
				<onright condition="Control.IsVisible(15000)">15000</onright>
				<onright condition="!Control.IsVisible(17000)">732</onright>
				<showonepage>false</showonepage>
				<orientation>vertical</orientation>
			</control>
			<control type="label">
				<description>Page Count Label</description>
				<left>125</left>
				<top>640</top>
				<width>500</width>
				<height>20</height>
				<font>ubuntu-r13</font>
				<textcolor>grey3</textcolor>
				<shadowcolor>grey1</shadowcolor>
				<scroll>false</scroll>
				<align>right</align>
				<aligny>center</aligny>
				<label>$INFO[Container.NumItems,([COLOR=black],[/COLOR]) $LOCALIZE[31025]]$INFO[Container.CurrentPage, - $LOCALIZE[31024] ([COLOR=black]]$INFO[Container.NumPages,/,[/COLOR])] $INFO[Container.TotalTime,$LOCALIZE[31009] ([COLOR=black],[/COLOR])]</label>
				<visible>Skin.HasSetting(CommonPageCount)</visible>
			</control>
			<control type="image"> <!-- Clearlogo Movie -->
				<include>openclosevisible</include>
				<left>740</left>
				<top>100</top>
				<width>500</width>
				<height>80</height>
				<aspectratio align="right">keep</aspectratio>
				<texture background="true">$INFO[ListItem.Art(clearlogo)]</texture>
				<visible>Skin.HasSetting(video_art)+!Container.Content(Seasons)+!IsEmpty(ListItem.Art(clearlogo))</visible>
				<fadetime>FadeTime</fadetime>
			</control>
			<control type="image"> <!-- Clearlogo TVShow -->
				<include>openclosevisible</include>
				<left>740</left>
				<top>100</top>
				<width>500</width>
				<height>80</height>
				<aspectratio align="right">keep</aspectratio>
				<texture background="true">$INFO[ListItem.Art(tvshow.clearlogo)]</texture>
				<visible>Skin.HasSetting(tvshow_art)+[Container.Content(Seasons)|Container.Content(Episodes)]+!IsEmpty(ListItem.Art(tvshow.clearlogo))</visible>
				<fadetime>FadeTime</fadetime>
			</control>
			<control type="image">
				<left>674</left>
				<top>225</top>
				<width>2</width>
				<height>430</height>
				<colordiffuse>fanartdiffuse</colordiffuse>
				<texture background="true" border="1">Separator4.png</texture>
			</control>
			<control type="group">
				<left>-10</left>
				<top>60</top>
				<control type="image">
					<left>0</left>
					<top>604</top>
					<width>1300</width>
					<height>10</height>
					<colordiffuse>menudiffuse</colordiffuse>
					<texture background="true" border="2" flipy="true">Shadow.png</texture>
				</control>
				<control type="image">
					<left>0</left>
					<top>604</top>
					<width>1300</width>
					<height>1</height>
					<texture background="true">Separator2.png</texture>
				</control>
			</control>
			<control type="group">
				<left>-10</left>
				<top>205</top>
				<control type="image">
					<left>0</left>
					<top>0</top>
					<width>1300</width>
					<height>10</height>
					<colordiffuse>menudiffuse</colordiffuse>
					<texture background="true" border="2">Shadow.png</texture>
				</control>
				<control type="image">
					<left>0</left>
					<top>10</top>
					<width>1300</width>
					<height>1</height>
					<texture background="true">Separator2.png</texture>
				</control>
			</control>
			<control type="group"> <!-- TVShows -->
				<visible>Container.Content(TVShows)</visible>
				<control type="image">
					<include>openclosevisible</include>
					<left>25</left>
					<top>75</top>
					<width>620</width>
					<height>110</height>
					<aspectratio>keep</aspectratio>
					<texture background="true">$VAR[BannerThumb]</texture>
					<bordertexture border="10">ThumbShadowWhite.png</bordertexture>
					<bordersize>7</bordersize>
					<fadetime>FadeTime</fadetime>
				</control>
				<control type="group">
					<left>610</left>
					<top>125</top>
					<visible>!Stringcompare(ListItem.label,..)</visible>
					<include>openclosevisible</include>
					<control type="group">
						<left>40</left>
						<control type="label">
							<description>Episodes txt</description>
							<left>40</left>
							<top>120</top>
							<width>140</width>
							<height>25</height>
							<label>$LOCALIZE[20360]:</label>
							<align>right</align>
							<aligny>center</aligny>
							<textcolor>grey3</textcolor>
						</control>
						<control type="label">
							<description>Episodes Value</description>
							<left>190</left>
							<top>120</top>
							<width>360</width>
							<height>25</height>
							<label fallback="416">$INFO[ListItem.Property(WatchedEpisodes),,]$INFO[listitem.Episode, / ,]</label>
							<align>left</align>
							<aligny>center</aligny>
							<textcolor>black</textcolor>
							<scroll>true</scroll>
						</control>
						<control type="label">
							<description>Aired txt</description>
							<left>40</left>
							<top>145</top>
							<width>140</width>
							<height>25</height>
							<label>$LOCALIZE[31322]:</label>
							<align>right</align>
							<aligny>center</aligny>
							<textcolor>grey3</textcolor>
						</control>
						<control type="label">
							<description>Aired Value</description>
							<left>190</left>
							<top>145</top>
							<width>360</width>
							<height>25</height>
							<label fallback="416">$INFO[listitem.premiered]</label>
							<align>left</align>
							<aligny>center</aligny>
							<textcolor>black</textcolor>
							<scroll>true</scroll>
						</control>
						<control type="label">
							<description>Genre txt</description>
							<left>40</left>
							<top>170</top>
							<width>140</width>
							<height>25</height>
							<label>$LOCALIZE[515]:</label>
							<align>right</align>
							<aligny>center</aligny>
							<textcolor>grey3</textcolor>
						</control>
						<control type="fadelabel">
							<description>Genre Value</description>
							<left>190</left>
							<top>170</top>
							<width>360</width>
							<height>25</height>
							<label fallback="416">$INFO[listitem.Genre]</label>
							<align>left</align>
							<aligny>center</aligny>
							<textcolor>black</textcolor>
							<scrollout>false</scrollout>
							<pauseatend>1000</pauseatend>
						</control>
					</control>
					<control type="image">
						<left>100</left>
						<top>199</top>
						<width>530</width>
						<height>2</height>
						<colordiffuse>fanartdiffuse</colordiffuse>
						<texture background="true" border="1">Separator1.png</texture>
					</control>
					<control type="textbox">
						<description>Description Value for TVShows</description>
						<left>110</left>
						<top>210</top>
						<width>510</width>
						<height>216</height>
						<include condition="!Skin.HasSetting(BigPlotText)">PlotText16Var</include>
						<include condition="Skin.HasSetting(BigPlotText)">PlotTextBigVar</include>
						<textcolor>black</textcolor>
						<shadowcolor>grey1</shadowcolor>
						<label>$INFO[ListItem.Plot]</label>
					</control>
					<control type="image">
						<left>100</left>
						<top>435</top>
						<width>530</width>
						<height>2</height>
						<colordiffuse>fanartdiffuse</colordiffuse>
						<texture background="true" border="1">Separator1.png</texture>
					</control>
					<control type="image">
						<visible>Skin.HasSetting(fsk_original)|Skin.HasSetting(fsk_dual)</visible>
						<include>openclosevisible</include>
						<left>100</left>
						<top>455</top>
						<width>300</width>
						<height>60</height>
						<fadetime>FadeTime</fadetime>
						<colordiffuse>grey3</colordiffuse>
						<aspectratio align="left">keep</aspectratio>
						<texture background="true">$VAR[Furniture_VideoRating]</texture>
					</control>
					<control type="image">
						<left>430</left>
						<top>445</top>
						<width>200</width>
						<height>80</height>
						<colordiffuse>grey3</colordiffuse>
						<aspectratio align="right">keep</aspectratio>
						<texture background="true" fallback="Horizonzv.png">$VAR[MovieStudioLogoVar]$INFO[ListItem.Studio,,.png]</texture>
					</control>
				</control>
			</control>
			<control type="group"> <!-- Episodes -->
				<visible>Container.Content(Episodes)</visible>
				<control type="group">
					<left>710</left>
					<top>230</top>
					<control type="image">
						<left>0</left>
						<top>0</top>
						<width>530</width>
						<height>210</height>
						<aspectratio>keep</aspectratio>
						<fadetime>FadeTime</fadetime>
						<texture background="true">$INFO[ListItem.Icon]</texture>
						<bordertexture border="8">ThumbShadow.png</bordertexture>
						<bordersize>8</bordersize>
					</control>
					<control type="label">
						<description>INFO txt</description>
						<left>10</left>
						<top>215</top>
						<width>510</width>
						<height>30</height>
						<label>$INFO[ListItem.Season,[COLOR=grey3] $LOCALIZE[20373] :[/COLOR] ] $INFO[ListItem.episode,[COLOR=grey3] $LOCALIZE[20359] :[/COLOR] ] $INFO[ListItem.premiered,[COLOR=grey3] $LOCALIZE[31322] :[/COLOR] ]</label>
						<align>center</align>
						<aligny>center</aligny>
						<textcolor>black</textcolor>
						<shadowcolor>grey1</shadowcolor>
						<wrapmultiline>true</wrapmultiline>
					</control>
					<control type="image">
						<left>0</left>
						<top>251</top>
						<width>530</width>
						<height>2</height>
						<colordiffuse>fanartdiffuse</colordiffuse>
						<texture background="true" border="1">Separator1.png</texture>
					</control>
					<control type="textbox">
						<description>Description Value for TVShows</description>
						<left>0</left>
						<top>260</top>
						<width>530</width>
						<height>160</height>
						<include condition="!Skin.HasSetting(BigPlotText)">PlotText16Var</include>
						<include condition="Skin.HasSetting(BigPlotText)">PlotTextBigVar</include>
						<textcolor>black</textcolor>
						<shadowcolor>grey1</shadowcolor>
						<label>$INFO[ListItem.Plot]</label>
					</control>
				</control>
			</control>
			<control type="group"> <!-- Seasons -->
				<visible>Container.Content(Seasons)</visible>
				<control type="image">
					<include>openclosevisible</include>
					<left>25</left>
					<top>75</top>
					<width>620</width>
					<height>110</height>
					<aspectratio>keep</aspectratio>
					<texture background="true">$INFO[ListItem.Art(banner)]</texture>
					<bordertexture border="10">ThumbShadowWhite.png</bordertexture>
					<bordersize>7</bordersize>
					<fadetime>FadeTime</fadetime>
				</control>
				<control type="group">
					<left>440</left>
					<top>240</top>
					<control type="textbox">
						<description>Description Value for Seasons</description>
						<left>270</left>
						<top>0</top>
						<width>530</width>
						<height>355</height>
						<font>ubuntu-r16b</font>
						<textcolor>black</textcolor>
						<shadowcolor>grey1</shadowcolor>
						<label>$INFO[Container.ShowPlot]</label>
					</control>
					<control type="image">
						<left>270</left>
						<top>370</top>
						<width>530</width>
						<height>2</height>
						<colordiffuse>fanartdiffuse</colordiffuse>
						<texture background="true" border="1">Separator1.png</texture>
					</control>
					<control type="label">
						<description>Watched Count</description>
						<left>270</left>
						<top>384</top>
						<width>410</width>
						<height>25</height>
						<label>$LOCALIZE[20360]: [COLOR=black]$INFO[ListItem.Property(WatchedEpisodes)]$INFO[ListItem.Property(TotalEpisodes), / ,][/COLOR]</label>
						<align>left</align>
						<aligny>center</aligny>
						<textcolor>grey3</textcolor>
						<shadowcolor>grey1</shadowcolor>
					</control>
				</control>
			</control>
			<control type="group"> <!-- Movies -->
				<visible>Container.Content(Movies)|Container.Content(Sets)|Container.Content(musicvideos)</visible>
				<visible>!Stringcompare(ListItem.label,..)</visible>
				<control type="group">
					<control type="image">
						<include>openclosevisible</include>
						<left>25</left>
						<top>75</top>
						<width>620</width>
						<height>110</height>
						<aspectratio>keep</aspectratio>
						<texture background="true">$INFO[ListItem.Art(banner)]</texture>
						<bordertexture border="10">ThumbShadowWhite.png</bordertexture>
						<bordersize>7</bordersize>
						<fadetime>FadeTime</fadetime>
						<visible>!ListItem.IsCollection</visible>
					</control>
					<control type="group">
						<left>700</left>
						<top>425</top>
						<visible>![Container.Content(Sets)|ListItem.IsCollection]|!IsEmpty(ListItem.Plot)</visible>
						<control type="image">
							<visible>Skin.HasSetting(fsk_original)|Skin.HasSetting(fsk_dual)</visible>
							<include>openclosevisible</include>
							<left>0</left>
							<top>185</top>
							<width>150</width>
							<height>40</height>
							<fadetime>FadeTime</fadetime>
							<aspectratio align="left" aligny="bottom">keep</aspectratio>
							<texture background="true">$VAR[Furniture_VideoRating]</texture>
						</control>
						<control type="image">
							<left>160</left>
							<top>180</top>
							<width>70</width>
							<height>55</height>
							<colordiffuse>black</colordiffuse>
							<aspectratio align="right" aligny="center">keep</aspectratio>
							<texture background="true" fallback="Horizonzv.png">$VAR[MovieStudioLogoVar]$INFO[ListItem.Studio,,.png]</texture>
						</control>
					</control>
					<control type="label">
						<include>openclosevisible</include>
						<left>60</left>
						<top>125</top>
						<width>1200</width>
						<height>50</height>
						<align>right</align>
						<font>impacted54</font>
						<textcolor>grey1</textcolor>
						<label>$LOCALIZE[20457]</label>
						<visible>Container.Content(Sets)|ListItem.IsCollection</visible>
						<visible>IsEmpty(ListItem.Plot)+!IntegerGreaterThan(Container(2000).NumItems,8)</visible>
					</control>
				</control>
				<control type="group">
					<visible>!Stringcompare(ListItem.label,..)</visible>
					<animation effect="slide" start="0" end="160,20" time="200" condition="IsEmpty(ListItem.Plot)+[Container.Content(Sets)|ListItem.IsCollection]">Conditional</animation>
					<left>680</left>
					<top>225</top>
					<control type="group">
						<left>12</left>
						<top>25</top>
						<visible>!Skin.HasSetting(hideMovieCases)</visible>
						<control type="image">
							<description>case by resolution</description>
							<left>25</left>
							<top>3</top>
							<width>214</width>
							<height>329</height>
							<fadetime>FadeTime</fadetime>
							<texture background="true" diffuse="clear-cases/clearcase_inlay.png" fallback="FallbackCover.png">$INFO[ListItem.Icon]</texture>
							<aspectratio>stretch</aspectratio>
						</control>
						<control type="image">
							<description>case by resolution</description>
							<left>0</left>
							<top>0</top>
							<width>240</width>
							<height>335</height>
							<fadetime>FadeTime</fadetime>
							<texture background="true" fallback="clear-cases/fallback.png">$VAR[clearcase]</texture>
						</control>
					</control>
					<control type="image">
						<include>openclosevisible</include>
						<visible>Skin.HasSetting(hideMovieCases)</visible>
						<left>0</left>
						<top>15</top>
						<width>260</width>
						<height>355</height>
						<aspectratio>keep</aspectratio>
						<fadetime>FadeTime</fadetime>
						<texture background="true">$VAR[PosterThumb]</texture>
						<bordertexture border="10">ThumbShadow.png</bordertexture>
						<bordersize>7</bordersize>
					</control>
					<control type="textbox">
						<description>Description Value for Movie</description>
						<include>openclosevisible</include>
						<left>270</left>
						<top>15</top>
						<width>300</width>
						<height>400</height>
						<include condition="!Skin.HasSetting(BigPlotText)">PlotText16Var</include>
						<include condition="Skin.HasSetting(BigPlotText)">PlotTextBigVar</include>
						<textcolor>black</textcolor>
						<shadowcolor>grey1</shadowcolor>
						<label>$INFO[ListItem.Plot]</label>
					</control>
				</control>
			</control>
			<control type="group"> <!-- other -->
				<visible>![Container.Content(Movies)|Container.Content(Sets)|Container.Content(musicvideos)
				|Container.Content(Seasons)|Container.Content(Episodes)|Container.Content(TVShows)]</visible>
				<visible>!Stringcompare(ListItem.label,..)</visible>
				<control type="image">
					<left>870</left>
					<top>350</top>
					<width>200</width>
					<height>200</height>
					<texture background="true">$INFO[ListItem.Icon]</texture>
				</control>
			</control>
			<control type="group"> <!-- Flagging -->
				<visible>Container.Content(Movies)|Container.Content(Sets)|Container.Content(Episodes)|Container.Content(musicvideos)</visible>
				<left>40</left>
				<top>660</top>
				<control type="grouplist">
					<left>5</left>
					<top>20</top>
					<width>860</width>
					<height>30</height>
					<itemgap>4</itemgap>
					<align>left</align>
					<orientation>horizontal</orientation>
					<include>FlagVideo</include>
					<include>FlagVideoAudioStream1</include>
					<include>FlagVideoAudioStream2</include>
					<include>FlagVideoSubtitles</include>
				</control>
			</control>
			<include condition="!Skin.HasSetting(HideJumpSMSBar)">AlphaBarV</include>
		</control>
	</include>
</includes>
