<?xml version="1.0" encoding="UTF-8"?>
<includes>
	<include name="LiveTVRecordingsView">
		<control type="group">
			<description>Recordings group</description>
			<visible>Control.IsVisible(50)</visible>
			<include>openclose</include>
			<include>opencloseslideup</include>
			<control type="group">
				<control type="image">
					<left>-10</left>
					<top>206</top>
					<width>1300</width>
					<height>520</height>
					<colordiffuse>menudiffuse</colordiffuse>
					<texture background="true" border="2">BlackBack.png</texture>
				</control>
				<control type="image">
					<left>-10</left>
					<top>206</top>
					<width>1300</width>
					<height>1</height>
					<texture background="true">Separator2.png</texture>
				</control>
			</control>
			<control type="list" id="50">
				<left>70</left>
				<top>215</top>
				<width>580</width>
				<height>450</height>
				<onleft>9000</onleft>
				<onright>70</onright>
				<onup>50</onup>
				<ondown>50</ondown>
				<viewtype label="535">list</viewtype>
				<pagecontrol>70</pagecontrol>
				<scrolltime>200</scrolltime>
				<orientation>vertical</orientation>
				<itemlayout height="75" width="580">
					<control type="group">
						<left>0</left>
						<top>6</top>
						<control type="image">
							<left>10</left>
							<top>4</top>
							<width>50</width>
							<height>50</height>
							<texture background="true">BlackBack.png</texture>
						</control>
						<control type="image">
							<left>10</left>
							<top>4</top>
							<width>50</width>
							<height>50</height>
							<texture background="true" fallback="DefaultVideo.png">$INFO[ListItem.Icon]</texture>
							<aspectratio>keep</aspectratio>
						</control>
						<control type="label">
							<left>70</left>
							<top>0</top>
							<width>430</width>
							<height>25</height>
							<align>left</align>
							<aligny>center</aligny>
							<textcolor>grey1</textcolor>
							<label>$INFO[ListItem.ChannelName]</label>
							<font>ubuntu-r16b</font>
						</control>
						<control type="label">
							<left>70</left>
							<top>32</top>
							<width>460</width>
							<height>20</height>
							<align>left</align>
							<aligny>center</aligny>
							<label>$INFO[ListItem.Label]$INFO[ListItem.PlotOutline, - ,]</label>
							<font>ubuntu-r19b</font>
						</control>
						<control type="label">
							<left>0</left>
							<top>0</top>
							<width>540</width>
							<height>25</height>
							<textcolor>grey1</textcolor>
							<align>right</align>
							<aligny>center</aligny>
							<label>$INFO[ListItem.Date]</label>
							<font>ubuntu-r16b</font>
						</control>
						<control type="image">
							<left>500</left>
							<top>28</top>
							<width>24</width>
							<height>25</height>
							<texture background="true">$INFO[ListItem.Overlay]</texture>
							<visible>!ListItem.IsResumable+!SubString(ListItem.Overlay,OverlayHD.png)</visible>
						</control>
						<control type="image">
							<left>500</left>
							<top>28</top>
							<width>24</width>
							<height>25</height>
							<texture background="true">OverlayWatching.png</texture>
							<visible>ListItem.IsResumable</visible>
						</control>
					</control>
				</itemlayout>
				<focusedlayout height="75" width="580">
					<control type="group">
						<include>focuseffect</include>
						<control type="image">
							<left>0</left>
							<top>0</top>
							<width>550</width>
							<height>70</height>
							<colordiffuse>reddiffuse</colordiffuse>
							<texture background="true" diffuse="masks/banner_mask.png">WhiteBack.png</texture>
							<visible>Control.HasFocus(50)</visible>
						</control>
						<control type="image">
							<left>0</left>
							<top>0</top>
							<width>550</width>
							<height>70</height>
							<colordiffuse>grey</colordiffuse>
							<texture background="true" border="4">masks/Default.png</texture>
						</control>
						<control type="group">
							<left>0</left>
							<top>6</top>
							<control type="image">
								<left>10</left>
								<top>4</top>
								<width>50</width>
								<height>50</height>
								<texture background="true">BlackBack.png</texture>
							</control>
							<control type="image">
								<left>10</left>
								<top>4</top>
								<width>50</width>
								<height>50</height>
								<texture background="true" fallback="DefaultVideo.png">$INFO[ListItem.Icon]</texture>
								<aspectratio>keep</aspectratio>
							</control>
							<control type="label">
								<left>70</left>
								<top>0</top>
								<width>430</width>
								<height>25</height>
								<align>left</align>
								<aligny>center</aligny>
								<textcolor>grey1</textcolor>
								<label>$INFO[ListItem.ChannelName]</label>
								<font>ubuntu-r16b</font>
							</control>
							<control type="label">
								<left>70</left>
								<top>32</top>
								<width>460</width>
								<height>20</height>
								<align>left</align>
								<aligny>center</aligny>
								<label>$INFO[ListItem.Label]$INFO[ListItem.PlotOutline, - ,]</label>
								<font>ubuntu-r19b</font>
							</control>
							<control type="label">
								<left>0</left>
								<top>0</top>
								<width>540</width>
								<height>25</height>
								<textcolor>grey1</textcolor>
								<align>right</align>
								<aligny>center</aligny>
								<label>$INFO[ListItem.Date]</label>
								<font>ubuntu-r16b</font>
							</control>
							<control type="image">
								<left>500</left>
								<top>28</top>
								<width>24</width>
								<height>25</height>
								<texture background="true">$INFO[ListItem.Overlay]</texture>
								<visible>!ListItem.IsResumable+!SubString(ListItem.Overlay,OverlayHD.png)</visible>
							</control>
							<control type="image">
								<left>500</left>
								<top>28</top>
								<width>24</width>
								<height>25</height>
								<texture background="true">OverlayWatching.png</texture>
								<visible>ListItem.IsResumable</visible>
							</control>
						</control>
					</control>
				</focusedlayout>
			</control>
			<control type="scrollbar" id="70">
				<left>630</left>
				<top>217</top>
				<height>440</height>
				<onleft>50</onleft>
				<onright>noop</onright>
				<showonepage>false</showonepage>
				<orientation>vertical</orientation>
			</control>
			<control type="label">
				<left>655</left>
				<top>250</top>
				<width>540</width>
				<height>25</height>
				<label>$INFO[ListItem.PlotOutline]</label>
				<align>center</align>
				<aligny>center</aligny>
				<font>ubuntu-r21b</font>
				<textcolor>description</textcolor>
				<shadowcolor>black</shadowcolor>
			</control>
			<control type="group">
				<left>20</left>
				<top>20</top>
				<visible>!IsEmpty(Container(50).ListItem.Plot)</visible>
				<control type="image">
					<description>Description Value for TV Show</description>
					<left>635</left>
					<top>265</top>
					<width>10</width>
					<height>340</height>
					<colordiffuse>fanartdiffuse</colordiffuse>
					<texture background="true" flipx="true" border="1">SideFade.png</texture>
				</control>
				<control type="image">
					<description>Description Value for TV Show</description>
					<left>1205</left>
					<top>265</top>
					<width>10</width>
					<height>340</height>
					<colordiffuse>fanartdiffuse</colordiffuse>
					<texture background="true" border="1">SideFade.png</texture>
				</control>
				<control type="textbox">
					<description>Description Value for TV Show</description>
					<left>655</left>
					<top>270</top>
					<width>540</width>
					<height>340</height>
					<include condition="!Skin.HasSetting(BigPlotText)">PlotText16Var</include>
					<include condition="Skin.HasSetting(BigPlotText)">PlotTextBigVar</include>
					<textcolor>white</textcolor>
					<label>$INFO[Container(50).ListItem.Plot]</label>
				</control>
			</control>
			<control type="group">
				<left>790</left>
				<top>110</top>
				<control type="label">
					<description>Disk usage text</description>
					<left>10</left>
					<top>525</top>
					<width>290</width>
					<height>20</height>
					<label>$INFO[PVR.backenddiskspace]</label>
					<align>center</align>
					<aligny>center</aligny>
					<textcolor>grey</textcolor>
					<shadowcolor>black</shadowcolor>
					<font>font12</font>
					<visible>!IntegerGreaterThan(PVR.backenddiskspaceprogr,100)</visible>
				</control>
				<control type="progress">
					<description>Disk usage bar</description>
					<left>10</left>
					<top>548</top>
					<width>290</width>
					<height>12</height>
					<info>PVR.backenddiskspaceprogr</info>
					<visible>!IntegerGreaterThan(PVR.backenddiskspaceprogr,100)</visible>
				</control>
			</control>
		</control>
	</include>
</includes>