<?xml version="1.0" encoding="UTF-8"?>
<includes>
	<include name="CoverWallMusic">
		<include>openclose</include>
		<control type="group">
			<include>openclosevisible</include>
			<control type="button" id="444">
				<enable>false</enable>
				<include>HiddenButton</include>
				<visible>Control.IsVisible(741)+!Control.HasFocus(666)</visible>
			</control>
			<visible>Control.IsVisible(741)</visible>
			<include>WhiteGrunge</include>
		</control>
		<control type="group"> <!-- Infopanel right -->
			<visible>Control.IsVisible(741)</visible>
			<include>opencloseslideleft</include>
			<visible>!Stringcompare(ListItem.label,..)</visible>
			<visible>Skin.HasSetting(InfoWall)</visible>
			<control type="image">
				<left>710</left>
				<top>-10</top>
				<width>580</width>               
				<height>730</height>
				<texture background="true" flipx="true">SideFade.png</texture>
			</control>
			<control type="group">
				<animation effect="slide" start="0" end="0,-80" time="200" condition="System.HasAddon(script.skin.info.service)+Skin.HasSetting(extendedinfo_music)+Container.Content(Artists)">Conditional</animation>
				<left>1000</left>
				<top>114</top>
				<control type="group">
					<top>0</top>
					<control type="image">
						<left>0</left>
						<top>0</top>
						<width>250</width>               
						<height>154</height>           
						<aspectratio>keep</aspectratio>
						<fadetime>FadeTime</fadetime>
						<texture background="true" diffuse="Shine.png">$INFO[ListItem.Art(fanart)]</texture>
					</control>
					<control type="textbox">
						<left>0</left>
						<top>160</top>
						<width>250</width>
						<height>314</height>
						<font>ubuntu-r13b</font>
						<label>$INFO[ListItem.Property(Artist_Description)]</label>
					</control>
					<control type="textbox">
						<left>0</left>
						<top>160</top>
						<width>250</width>
						<height>314</height>
						<font>ubuntu-r13b</font>
						<label>$LOCALIZE[19055]</label>
						<visible>IsEmpty(ListItem.Property(Artist_Description))+!Stringcompare(ListItem.label,..)+Container.Content(Artists)</visible>
					</control>
				</control>
				<control type="group">
					<left>35</left>
					<top>100</top>
					<visible>!Stringcompare(ListItem.label,..)</visible>
					<include>openclosevisible</include>
					<control type="grouplist">
						<left>0</left>
						<top>20</top>
						<width>200</width>
						<height>130</height>
						<itemgap>0</itemgap>
						<align>right</align>
						<aligny>bottom</aligny>
						<orientation>vertical</orientation>
						<control type="label">
							<left>0</left>
							<top>0</top>
							<width>200</width>
							<height>25</height>
							<align>right</align>
							<font>ubuntu-r19</font>
							<label>$INFO[ListItem.Year]</label>
							<visible>!IsEmpty(ListItem.Year)</visible>
						</control>
						<control type="label">
							<left>0</left>
							<top>18</top>
							<width>200</width>
							<height>25</height>
							<align>right</align>
							<font>ubuntu-r19</font>
							<label>$INFO[ListItem.Property(Album_Label)]</label>
							<visible>!IsEmpty(ListItem.Property(Album_Label))</visible>
						</control>
						<control type="label">
							<left>0</left>
							<top>25</top>
							<width>200</width>
							<height>25</height>
							<align>right</align>
							<font>ubuntu-r19</font>
							<label>$INFO[ListItem.Property(Album_Type)]</label>
							<visible>!IsEmpty(ListItem.Property(Album_Type))</visible>
						</control>
						<control type="label">
							<left>0</left>
							<top>54</top>
							<width>200</width>
							<height>25</height>
							<align>right</align>
							<font>ubuntu-r19</font>
							<label>$INFO[ListItem.DiscNumber]</label>
							<visible>!IsEmpty(ListItem.DiscNumber)</visible>
						</control>
						<control type="label">
							<left>0</left>
							<top>72</top>
							<width>200</width>
							<height>25</height>
							<align>right</align>
							<font>ubuntu-r19</font>
							<label>$INFO[ListItem.Genre]</label>
							<visible>!IsEmpty(ListItem.Genre)</visible>
						</control>
					</control>
				</control>
			</control>
		</control>
		<control type="group">
			<include>openclosebox</include>
			<visible>Control.IsVisible(741)</visible>
			<control type="group"> <!-- Panel 741 -->
				<control type="panel" id="741">
					<animation effect="slide" start="0" end="130" time="200" condition="!Skin.HasSetting(InfoWall)">Conditional</animation>
					<animation effect="slide" start="0" end="0,80" time="200" condition="![System.HasAddon(script.skin.info.service)+Skin.HasSetting(extendedinfo_music)+Container.Content(Artists)]">Conditional</animation>
					<left>50</left>
					<top>50</top>
					<width>945</width>
					<height>465</height>
					<onleft>9000</onleft>
					<onright condition="Skin.HasSetting(HideJumpSMSBar)+Control.IsVisible(62)">62</onright>
					<onright condition="Skin.HasSetting(HideJumpSMSBar)+!Control.IsVisible(62)">SetFocus(732)</onright>
					<onright condition="!Skin.HasSetting(HideJumpSMSBar)">15000</onright>
					<onup>741</onup>
					<ondown>741</ondown>
					<viewtype label="Cover Wall">list</viewtype> 
					<pagecontrol>62</pagecontrol>
					<scrolltime>300</scrolltime>
					<preloaditems>2</preloaditems>
					<fadetime>FadeTime</fadetime>
					<visible>Container.Content(Artists)|Container.Content(Albums)</visible>
					<itemlayout height="155" width="155" condition="Container.Content(Artists)">     
						<control type="group">
							<control type="image">
								<left>0</left>
								<top>0</top>
								<width>150</width>
								<height>150</height>
								<aspectratio>stretch</aspectratio>
								<colordiffuse>$VAR[CoverDim]</colordiffuse>
								<texture background="true">$INFO[ListItem.Icon]</texture>
								<bordertexture border="1">buttons/ButtonNF.png</bordertexture>
								<bordersize>4</bordersize>
							</control>
						</control>										
					</itemlayout>
					<focusedlayout height="155" width="155" condition="Container.Content(Artists)"> 
						<control type="group">
							<animation effect="zoom" center="auto" start="80" end="120" time="400" tween="back" easing="out" reversible="false" condition="!Skin.HasSetting(no_wall_animation)">Focus</animation>
							<animation effect="zoom" center="auto" start="80" end="120" time="0" reversible="false" condition="Skin.HasSetting(no_wall_animation)">Focus</animation>
							<animation effect="slide" start="0,0" end="0,10" time="200" condition="Player.HasMedia+Skin.HasSetting(extendedinfo_music)+Container(741).Row(0)">Conditional</animation>
							<animation effect="slide" start="0,0" end="0,-10" time="200" condition="Container(741).Row(2)">Conditional</animation>
							<animation effect="slide" start="0,0" end="-10,0" time="200" condition="Skin.HasSetting(InfoWall)+Container(741).Column(5)">Conditional</animation>
							<control type="image">
								<left>0</left>
								<top>0</top>
								<width>150</width>               
								<height>150</height>           
								<aspectratio>stretch</aspectratio>
								<texture background="true">$INFO[ListItem.Icon]</texture>
								<bordertexture border="1">buttons/ButtonNF.png</bordertexture>
								<bordersize>4</bordersize>
							</control>
						</control>
					</focusedlayout>
					<itemlayout height="155" width="155" condition="!Container.Content(Artists)">     
						<control type="group">
							<control type="image">
								<left>0</left>
								<top>0</top>
								<width>150</width>
								<height>150</height>
								<aspectratio>stretch</aspectratio>
								<colordiffuse>$VAR[CoverDim]</colordiffuse>
								<texture background="true">$INFO[ListItem.Icon]</texture>
								<bordertexture border="1">buttons/ButtonNF.png</bordertexture>
								<bordersize>4</bordersize>
								<visible>Skin.HasSetting(hideMusicCases)</visible>
							</control>
							<control type="group">
								<visible>!Skin.HasSetting(hideMusicCases)</visible>
								<control type="image">
									<left>16</left>
									<top>4</top>
									<width>137</width>               
									<height>137</height>
									<aspectratio>stretch</aspectratio>
									<colordiffuse>$VAR[CoverDim]</colordiffuse>
									<texture background="true" diffuse="masks/CdCoverMask_full.png">$INFO[ListItem.Icon]</texture>
								</control>
								<control type="image">
									<left>0</left>
									<top>-5</top>
									<width>154</width>               
									<height>155</height>
									<aspectratio>keep</aspectratio>
									<texture background="true">masks/ClearArtCD.png</texture>
								</control>
							</control>
						</control>										
					</itemlayout>
					<focusedlayout height="155" width="155" condition="!Container.Content(Artists)"> 
						<control type="group">
							<animation effect="zoom" center="auto" start="80" end="120" time="400" tween="back" easing="out" reversible="false" condition="!Skin.HasSetting(no_wall_animation)">Focus</animation>
							<animation effect="zoom" center="auto" start="80" end="120" time="0" reversible="false" condition="Skin.HasSetting(no_wall_animation)">Focus</animation>
							<animation effect="slide" start="0,0" end="0,-20" time="200" condition="Container(741).Row(2)">Conditional</animation>
							<animation effect="slide" start="0,0" end="-20,0" time="200" condition="Skin.HasSetting(InfoWall)+Container(741).Column(5)">Conditional</animation>
							<control type="image">
								<left>0</left>
								<top>0</top>
								<width>150</width>               
								<height>150</height>           
								<aspectratio>stretch</aspectratio>
								<texture background="true">$INFO[ListItem.Icon]</texture>
								<bordertexture border="1">buttons/ButtonNF.png</bordertexture>
								<bordersize>4</bordersize>
								<visible>Skin.HasSetting(hideMusicCases)</visible>
							</control>
							<control type="group">
								<visible>!Skin.HasSetting(hideMusicCases)</visible>
								<control type="image">
									<left>18</left>
									<top>5</top>
									<width>150</width>               
									<height>150</height>
									<aspectratio>stretch</aspectratio>
									<texture background="true" diffuse="masks/CdCoverMask_full.png">$INFO[ListItem.Icon]</texture>
								</control>
								<control type="image">
									<left>0</left>
									<top>-5</top>
									<width>169</width>               
									<height>170</height>
									<aspectratio>keep</aspectratio>
									<texture background="true">masks/ClearArtCD.png</texture>
								</control>
							</control>
						</control>
					</focusedlayout>
				</control>
			</control>
			<control type="scrollbar" id="62"> <!-- scrollbar -->
				<visible>Skin.HasSetting(HideJumpSMSBar)</visible>
				<left>1270</left>
				<top>40</top>
				<height>465</height>
				<onleft>741</onleft>
				<onright>732</onright>
				<showonepage>false</showonepage>
				<orientation>vertical</orientation>
				<visible>Control.IsVisible(741)</visible>
			</control>
		</control>
		<control type="group">
			<visible>Control.IsVisible(741)</visible>
			<control type="group"> <!-- Info Panel bottom -->
				<visible>!Container.Content(Artists)</visible>
				<control type="group">
					<left>0</left>
					<top>600</top>
					<visible>!Container.Content(Artists)</visible>
					<include>opencloseslideup</include>
					<control type="image">
						<left>-10</left>
						<top>0</top>
						<width>1300</width>
						<height>155</height>
						<texture background="true">BlackBack.png</texture>
					</control>
					<control type="image">
						<left>-10</left>
						<top>-8</top>
						<width>1300</width>
						<height>8</height>
						<colordiffuse>fanartdiffuse</colordiffuse>
						<texture background="true">Shadow.png</texture>
					</control>
					<control type="image">
						<left>0</left>
						<top>0</top>
						<width>1280</width>
						<height>1</height>
						<texture background="true">Separator2.png</texture>
					</control>
				</control>
				<control type="image">
					<include>opencloseslidedown</include>
					<left>490</left>
					<top>40</top>
					<width>300</width>
					<height>80</height>
					<aspectratio>keep</aspectratio>
					<texture background="true" diffuse="masks/flagging_mask.png">$INFO[Skin.String(Music_Folder_Path)]$INFO[ListItem.Artist,,/logo.png]</texture>
					<visible>Skin.HasSetting(music_art)+!Skin.HasSetting(extendedinfo_music)</visible>
				</control>
				<control type="group">
					<description>Info Panel</description>
					<visible>!Container.Content(Artists)</visible>
					<include>opencloseslideup</include>
					<left>30</left>                               
					<top>600</top>
					<control type="label">
						<description>Artist</description>
						<left>0</left>  
						<top>0</top>  
						<width>1220</width>                    
						<height>25</height>
						<font>impacted36</font>
						<label>$INFO[ListItem.Artist]</label>
						<align>left</align>
						<aligny>top</aligny>
						<textcolor>focused</textcolor>
						<scroll>true</scroll>
					</control>
					<control type="label">
						<description>Title</description>
						<left>10</left>  
						<top>22</top>  
						<width>1200</width>                    
						<height>25</height>
						<font>impacted36</font>
						<label>$INFO[ListItem.Label]</label>
						<align>left</align>
						<aligny>top</aligny>
						<textcolor>white</textcolor>
						<shadowcolor>black</shadowcolor>
						<scroll>true</scroll>
					</control>
				</control>
				<control type="group">
					<left>0</left>
					<top>24</top>
					<include>CommonPageCount</include>
				</control>
				<control type="group"> <!-- Music Flagging -->
					<left>40</left>
					<top>18</top>
					<include>openclose</include>
					<include>opencloseslideup</include>
					<control type="group">
						<left>0</left>
						<top>665</top>
						<control type="grouplist">
							<left>0</left>
							<top>0</top>
							<width>1120</width>
							<height>80</height>
							<itemgap>2</itemgap>
							<align>left</align>
							<orientation>horizontal</orientation>
							<include>FlagMusic</include>
						</control>
					</control>
				</control>
			</control>
			<control type="group"> <!-- Info Panel bottom by Artists -->
				<visible>Container.Content(Artists)</visible>
				<control type="group">
					<animation effect="slide" start="0" end="0,-110" time="200" condition="System.HasAddon(script.skin.info.service)+Skin.HasSetting(extendedinfo_music)+Container.Content(Artists)">Conditional</animation>
					<left>0</left>
					<top>670</top>
					<visible>Container.Content(Artists)</visible>
					<include>opencloseslideup</include>
					<control type="image">
						<left>-10</left>
						<top>0</top>
						<width>1300</width>
						<height>210</height>
						<texture background="true">BlackBack.png</texture>
					</control>
					<control type="image">
						<left>-10</left>
						<top>-10</top>
						<width>1300</width>
						<height>10</height>
						<colordiffuse>fanartdiffuse</colordiffuse>
						<texture background="true">Shadow.png</texture>
					</control>
					<control type="image">
						<left>0</left>
						<top>0</top>
						<width>1280</width>
						<height>1</height>
						<texture background="true">Separator2.png</texture>
					</control>
				</control>
				<control type="image">
					<include>opencloseslidedown</include>
					<left>490</left>
					<top>40</top>
					<width>300</width>
					<height>80</height>
					<aspectratio>keep</aspectratio>
					<texture background="true" diffuse="masks/flagging_mask.png">$INFO[Skin.String(Music_Folder_Path)]$INFO[ListItem.Artist,,/logo.png]</texture>
					<visible>Skin.HasSetting(music_art)+!Skin.HasSetting(extendedinfo_music)</visible>
				</control>
				<control type="group">
					<visible>Container.Content(Artists)</visible>
					<include>opencloseslideup</include>
					<animation effect="slide" start="0" end="0,-160" time="200" condition="System.HasAddon(script.skin.info.service)+Skin.HasSetting(extendedinfo_music)+Container.Content(Artists)">Conditional</animation>
					<control type="group">
						<description>Info Panel</description>
						<left>30</left>                               
						<top>665</top>
						<control type="label">
							<description>Artist</description>
							<left>0</left>  
							<top>0</top>  
							<width>1220</width>                    
							<height>25</height>
							<font>impacted36</font>
							<label>$INFO[ListItem.Label]</label>
							<visible>IsEmpty(ListItem.Album)</visible>
							<align>left</align>
							<aligny>top</aligny>
							<textcolor>focused</textcolor>
							<shadowcolor>black</shadowcolor>
							<scroll>true</scroll>
						</control>
						<control type="label">
							<description>Artist</description>
							<left>0</left>  
							<top>0</top>  
							<width>1220</width>                    
							<height>25</height>
							<font>impacted36</font>
							<label>$INFO[ListItem.Artist]</label>
							<align>left</align>
							<aligny>top</aligny>
							<textcolor>focused</textcolor>
							<scroll>true</scroll>
						</control>
					</control>
					<control type="group">
						<left>0</left>
						<top>20</top>
						<include>CommonPageCount</include>
					</control>
				</control>
			</control>
			<control type="group"> <!-- extended infos -->
				<left>20</left>
				<top>540</top>
				<visible>System.HasAddon(script.skin.info.service)</visible>
				<visible>Skin.HasSetting(extendedinfo_music)+Container.Content(Artists)</visible>
				<visible>!Stringcompare(ListItem.label,..)</visible>
				<include>opencloseslideup</include>
				<control type="group">
					<left>12</left>
					<top>10</top>
					<control type="list" id="2001"> <!-- extended info list -->
						<left>0</left>
						<top>30</top>
						<width>1215</width>
						<height>210</height>
						<focusposition>0</focusposition>
						<scrolltime tween="cubic" easing="in">400</scrolltime>
						<orientation>horizontal</orientation>
						<itemgap>0</itemgap>
						<preloaditems>4</preloaditems>
						<autoscroll time="3000" delay="5000" repeat="5000">!Control.HasFocus(2001)+!IsEmpty(Window(home).Property(Artist.Album.5.Thumb))</autoscroll>
						<itemlayout width="135" height="130">
							<control type="group">
								<visible>!StringCompare(ListItem.Icon,Empty.png)</visible>
								<control type="image">
									<width>130</width>
									<height>130</height>
									<aspectratio>stretch</aspectratio>
									<texture diffuse="masks/mask.png" background="true">$INFO[ListItem.Icon]</texture>
								</control>
								<control type="image">
									<left>0</left>
									<top>50</top>
									<width>130</width>
									<height>80</height>
									<colordiffuse>menudiffuse</colordiffuse>
									<texture diffuse="masks/mask.png" background="true">Shadow.png</texture>
									<visible>!IsEmpty(ListItem.Label)</visible>
								</control>
								<control type="image">
									<width>130</width>
									<height>130</height>
									<aspectratio>stretch</aspectratio>
									<texture background="true">masks/Default.png</texture>
									<visible>!StringCompare(ListItem.Icon,Empty.png)</visible>
								</control>
								<control type="label">
									<left>5</left>
									<top>105</top>
									<width>40</width>
									<height>20</height>
									<label>$INFO[ListItem.Label]</label>
								</control>
								<control type="label">
									<left>125</left>
									<top>105</top>
									<width>60</width>
									<height>20</height>
									<align>right</align>
									<label>$INFO[ListItem.Label2]</label>
								</control>
							</control>
						</itemlayout>
						<focusedlayout width="135" height="130">
							<control type="group">
								<visible>!StringCompare(ListItem.Icon,Empty.png)</visible>
								<include>focuseffect</include>
								<control type="image">
									<width>130</width>
									<height>130</height>
									<aspectratio>stretch</aspectratio>
									<texture diffuse="masks/mask.png" background="true">$INFO[ListItem.Icon]</texture>
								</control>
								<control type="image">
									<left>0</left>
									<top>50</top>
									<width>130</width>
									<height>80</height>
									<colordiffuse>menudiffuse</colordiffuse>
									<texture diffuse="masks/mask.png" background="true">Shadow.png</texture>
									<visible>!IsEmpty(ListItem.Icon)</visible>
								</control>
								<control type="image">
									<width>130</width>
									<height>130</height>
									<aspectratio>stretch</aspectratio>
									<texture background="true">masks/Default.png</texture>
								</control>
								<control type="label">
									<left>5</left>
									<top>105</top>
									<width>40</width>
									<height>20</height>
									<label>$INFO[ListItem.Label]</label>
								</control>
								<control type="label">
									<left>125</left>
									<top>105</top>
									<width>60</width>
									<height>20</height>
									<align>right</align>
									<label>$INFO[ListItem.Label2]</label>
								</control>
							</control>
						</focusedlayout>
						<content>
							<include>MusicCoverItems_Extended_1</include>
							<include>MusicCoverItems_Extended_2</include>
						</content>
					</control>
				</control>
			</control>
		</control>
		<control type="group">
			<visible>Control.IsVisible(741)</visible>
			<include condition="!Skin.HasSetting(HideJumpSMSBar)">AlphaBarV</include>
		</control>
	</include>
</includes>