<?xml version="1.0" encoding="UTF-8"?>
<includes>
	<include name="View_50_List">
		<control type="group">
			<include>openclose</include>
			<include>openclosevisible</include>
			<visible>Control.IsVisible(50)+!Control.HasFocus(666)</visible>
			<include>BlackGrunge</include>
			<include>ScrollOffsetLabel</include>
		</control>
		<control type="group">
			<visible>Control.IsVisible(50)+!Control.HasFocus(666)</visible>
			<include>opencloseslideup</include>
			<include>MirrorPanel</include>
		</control>
		<control type="group">
			<include>openclose</include>
			<include>opencloseslideright</include>
			<visible>Control.IsVisible(50)+!Control.HasFocus(666)</visible>
			<animation type="Conditional" condition="[ControlGroup(9000).HasFocus()|ControlGroup(90000).HasFocus()|ControlGroup(9001).HasFocus()| ControlGroup(9002).HasFocus()] + Skin.HasSetting(animation)">
				<effect type="zoom" center="500,500" start="100" end="105" time="250"/>
				<effect type="slide" start="0" end="260" time="250"/>
			</animation>
			<control type="group">
				<left>70</left>
				<top>60</top>
				<width>700</width>
				<height>700</height>
				<control type="image">
					<left>24</left>
					<top>13</top>
					<width>663</width>
					<height>595</height>
					<texture background="true">InlayDark.png</texture>
				</control>
				<control type="image">
					<left>55</left>
					<top>42</top>
					<width>15</width>
					<height>15</height>
					<texture background="true">Pin.png</texture>
				</control>
				<control type="image">
					<left>642</left>
					<top>42</top>
					<width>15</width>
					<height>15</height>
					<texture background="true">Pin.png</texture>
				</control>
				<control type="image">
					<left>55</left>
					<top>567</top>
					<width>15</width>
					<height>15</height>
					<texture background="true">Pin.png</texture>
				</control>
				<control type="image">
					<left>642</left>
					<top>567</top>
					<width>15</width>
					<height>15</height>
					<texture background="true">Pin.png</texture>
				</control>
				<control type="image">
					<left>28</left>
					<top>600</top>
					<width>656</width>
					<height>50</height>
					<texture background="true" border="16">ContentPanelMirror.png</texture>
				</control>
			</control>
			<control type="group">
				<control type="list" id="50">
					<animation effect="slide" end="8" condition="!Control.IsVisible(60)">Conditional</animation>
					<left>120</left>
					<top>125</top>
					<width>700</width>
					<height>500</height>
					<onleft>9000</onleft>
					<onright condition="Control.IsVisible(60)">60</onright>
					<onright condition="Control.IsVisible(15000)">15000</onright>
					<onup>50</onup>
					<ondown>50</ondown>
					<viewtype label="535">list</viewtype>
					<pagecontrol>60</pagecontrol>
					<scrolltime>200</scrolltime>
					<itemlayout width="640" height="35">
						<control type="label">
							<left>20</left>
							<width>530</width>
							<height>44</height>
							<align>left</align>
							<textcolor>grey</textcolor>
							<label>$VAR[OriginalTitle]</label>
						</control>
							<control type="label">
							<left>25</left>
							<width>530</width>
							<height>42</height>
							<align>right</align>
							<textcolor>grey</textcolor>
							<font>font16</font>
							<label>$INFO[ListItem.Label2,- ]</label>
							<visible>!Container.Content(Addons)</visible>
							<animation effect="slide" end="25" condition="Window.IsVisible(musiclibrary)">Conditional</animation>
						</control>
						<control type="label">
							<left>25</left>
							<width>530</width>
							<height>42</height>
							<align>right</align>
							<textcolor>grey</textcolor>
							<font>font16</font>
							<label>$INFO[ListItem.Property(Addon.Status)]$INFO[ListItem.Property(Addon.Version), (,) ]</label>
							<visible>Container.Content(Addons)</visible>
						</control>
						<control type="label">
							<left>25</left>
							<width>530</width>
							<height>42</height>
							<align>right</align>
							<textcolor>grey</textcolor>
							<font>font16</font>
							<label>$INFO[ListItem.Property(NumEpisodes),, $LOCALIZE[20453]]</label>
							<visible>Container.Content(seasons)</visible>
						</control>
						<control type="image">
							<left>560</left>
							<top>12</top>
							<width>20</width>
							<height>18</height>
							<texture background="true">$INFO[ListItem.Overlay]</texture>
							<visible>!ListItem.IsResumable</visible>
						</control>
						<control type="image">
							<left>560</left>
							<top>12</top>
							<width>20</width>
							<height>20</height>
							<texture background="true">OverlayWatching.png</texture>
							<visible>ListItem.IsResumable</visible>
						</control>
						<control type="image">
							<left>560</left>
							<top>12</top>
							<width>20</width>
							<height>20</height>
							<texture background="true">OverlayRAR.png</texture>
							<visible>SubString(ListItem.Property(Addon.Status),$LOCALIZE[13413])</visible>
						</control>
					</itemlayout>
					<focusedlayout width="640" height="35">
						<control type="group">
							<include>focuseffect</include>
							<control type="image">
								<left>10</left>
								<top>4</top>
								<width>580</width>
								<height>35</height>
								<colordiffuse>menudiffuse</colordiffuse>
								<texture border="2">buttons/ButtonFO.png</texture>
								<visible>!Control.HasFocus(50)</visible>
							</control>
							<control type="image">
								<left>10</left>
								<top>4</top>
								<width>580</width>
								<height>35</height>
								<texture border="2">buttons/ButtonFO.png</texture>
								<visible>Control.HasFocus(50)</visible>
							</control>
							<control type="image">
								<left>10</left>
								<top>4</top>
								<width>580</width>
								<height>35</height>
								<colordiffuse>$VAR[BackgroundOverlayColor]</colordiffuse>
								<texture border="5">buttons/ButtonNF.png</texture>
								<visible>Control.HasFocus(50)</visible>
							</control>
							<control type="label">
								<left>20</left>
								<width>530</width>
								<height>44</height>
								<align>left</align>
								<textcolor>black</textcolor>
								<label>$VAR[OriginalTitle]</label>
							</control>
							<control type="label">
								<left>25</left>
								<width>530</width>
								<height>42</height>
								<align>right</align>
								<shadowcolor>black</shadowcolor>
								<font>font16</font>
								<label>$INFO[ListItem.Label2,- ]</label>
								<visible>!Container.Content(Addons)</visible>
							<animation effect="slide" end="25" condition="Window.IsVisible(musiclibrary)">Conditional</animation>
							</control>
							<control type="label">
								<left>25</left>
								<width>530</width>
								<height>44</height>
								<align>right</align>
								<shadowcolor>black</shadowcolor>
								<font>font16</font>
								<label>$INFO[ListItem.Property(Addon.Status)]$INFO[ListItem.Property(Addon.Version), (,) ]</label>
								<visible>Container.Content(Addons)</visible>
							</control>
							<control type="label">
								<left>25</left>
								<width>530</width>
								<height>44</height>
								<align>right</align>
								<textcolor>grey</textcolor>
								<font>font16</font>
								<label>$INFO[ListItem.Property(NumEpisodes),, $LOCALIZE[20453]]</label>
								<visible>Container.Content(seasons)</visible>
							</control>
							<control type="image">
								<left>560</left>
								<top>12</top>
								<width>20</width>
								<height>18</height>
								<texture background="true">$INFO[ListItem.Overlay]</texture>
								<visible>!ListItem.IsResumable</visible>
							</control>
							<control type="image">
								<left>560</left>
								<top>12</top>
								<width>20</width>
								<height>20</height>
								<texture background="true">OverlayWatching.png</texture>
								<visible>ListItem.IsResumable</visible>
							</control>
							<control type="image">
								<left>560</left>
								<top>12</top>
								<width>20</width>
								<height>20</height>
								<texture background="true">OverlayRAR.png</texture>
								<visible>SubString(ListItem.Property(Addon.Status),$LOCALIZE[13413])</visible>
							</control>
						</control>
					</focusedlayout>
				</control>
				<control type="scrollbar" id="60">
					<left>714</left>
					<top>122</top>
					<height>500</height>
					<onleft>50</onleft>
					<onright condition="Control.IsVisible(15000)">15000</onright>
					<onright condition="!Control.IsVisible(15000)">732</onright>
					<showonepage>false</showonepage>
					<orientation>vertical</orientation>
				</control>
			</control>
		</control>
		<control type="group">
			<include>openclose</include>
			<include>openclosevisible</include>
			<visible>Control.IsVisible(50)+!Control.HasFocus(666)</visible>
			<control type="group">
					<animation type="Conditional" condition="[ControlGroup(9000).HasFocus()|ControlGroup(90000).HasFocus()|ControlGroup(9001).HasFocus()| ControlGroup(9002).HasFocus()] + Skin.HasSetting(animation)">
					<effect type="fade" start="100" end="0" time="250"/>
					<effect type="slide" start="0" end="400" time="250"/>
				</animation>
				<control type="group" id="1111">
					<left>400r</left>
					<top>140</top>
					<visible>!SubString(ListItem.Icon,Default,left)</visible>
					<visible>!Stringcompare(ListItem.label,..)</visible>
					<include>opencloseslideleft</include>
					<control type="image" id="1112">
						<left>0</left>
						<top>0</top>
						<width>300</width>
						<height>500</height>
						<fadetime>FadeTime</fadetime>
						<aspectratio align="left" aligny="bottom">keep</aspectratio>
						<texture background="true" diffuse="masks/mask.png">$VAR[PosterThumb]</texture>
						<bordertexture border="8">masks/mask_frame.png</bordertexture>
						<bordersize>12</bordersize>
						<include>opencloseslideleft</include>
						<visible>!Container.Content(Episodes)</visible>
					</control>
					<control type="image">
						<left>0</left>
						<top>495</top>
						<width>300</width>
						<height>50</height>
						<texture border="15">ContentPanelMirror.png</texture>
						<visible>!IsEmpty(Control.GetLabel(1112))</visible>
						<include>opencloseslideleft</include>
						<visible>!Container.Content(Episodes)</visible>
					</control>
					<control type="image" id="1112">
						<left>-100</left>
						<top>100</top>
						<width>470</width>
						<height>400</height>
						<fadetime>FadeTime</fadetime>
						<aspectratio align="left" aligny="bottom">keep</aspectratio>
						<texture background="true" diffuse="masks/mask.png">$INFO[ListItem.Icon]</texture>
						<bordertexture border="8">masks/mask_frame.png</bordertexture>
						<bordersize>12</bordersize>
						<include>opencloseslideleft</include>
						<visible>Container.Content(Episodes)</visible>
					</control>
					<control type="image">
						<left>-100</left>
						<top>495</top>
						<width>470</width>
						<height>50</height>
						<texture border="15">ContentPanelMirror.png</texture>
						<visible>!IsEmpty(Control.GetLabel(1112))</visible>
						<include>opencloseslideleft</include>
						<visible>Container.Content(Episodes)</visible>
					</control>
				</control>
				<control type="group" id="1121">
					<left>360r</left>
					<top>140</top>
					<visible>Stringcompare(ListItem.label,..)|SubString(ListItem.Icon,Default,left)</visible>
					<include>opencloseslideleft</include>
					<control type="image" id="1122">
						<left>0</left>
						<top>300</top>
						<width>200</width>
						<height>200</height>
						<fadetime>FadeTime</fadetime>
						<aspectratio align="left" aligny="bottom">keep</aspectratio>
						<texture background="true" diffuse="masks/mask.png">$INFO[ListItem.Icon]</texture>
						<bordertexture border="8">masks/mask_frame.png</bordertexture>
						<bordersize>12</bordersize>
					</control>
					<control type="image">
						<left>0</left>
						<top>495</top>
						<width>200</width>
						<height>50</height>
						<texture border="15">ContentPanelMirror.png</texture>
						<visible>!IsEmpty(Control.GetLabel(1122))</visible>
					</control>
				</control>
				<control type="image">
					<include>opencloseslow</include>
					<left>390r</left>
					<top>60</top>
					<width>280</width>
					<height>180</height>
					<aspectratio align="center" aligny="center">keep</aspectratio>
					<texture background="true" diffuse="masks/flagging_mask.png">$INFO[Skin.String(Music_Folder_Path)]$INFO[ListItem.Artist,,/logo.png]</texture>
					<fadetime>FadeTime</fadetime>
					<visible>Skin.HasSetting(music_art)</visible>
				</control>
			</control>
			<control type="group"> <!-- Movie Flagging -->
				<left>30</left>
				<top>675</top>
				<include>openclose</include>
				<include>opencloseslideup</include>
				<animation type="Conditional" condition="ControlGroup(9000).HasFocus()|ControlGroup(90000).HasFocus()|ControlGroup(9001).HasFocus()| ControlGroup(9002).HasFocus()">
					<effect type="slide" start="0" end="0,100" time="250"/>
				</animation>
				<visible>!Container.Content(songs)</visible>
				<control type="grouplist">
					<left>0</left>
					<top>0</top>
					<width>800</width>
					<height>30</height>
					<itemgap>4</itemgap>
					<align>center</align>
					<orientation>horizontal</orientation>
					<include>FlagVideo</include>
					<include>FlagVideoAudioStream1</include>
					<include>FlagVideoAudioStream2</include>
					<include>FlagVideoSubtitles</include>
				</control>
			</control>
			
			<control type="group"> <!-- Music Flagging -->
				<left>135</left>
				<top>672</top>
				<include>openclose</include>
				<include>opencloseslideup</include>
					<animation type="Conditional" condition="[ControlGroup(9000).HasFocus()|ControlGroup(90000).HasFocus()|ControlGroup(9001).HasFocus()| ControlGroup(9002).HasFocus()] + Skin.HasSetting(animation)">
					<effect type="zoom" center="500,500" start="100" end="105" time="250"/>
					<effect type="slide" start="0" end="260" time="250"/>
				</animation>
				<visible>Container.Content(songs)+!Window.IsVisible(135)</visible>
				<control type="grouplist">
					<left>0</left>
					<top>0</top>
					<width>580</width>
					<height>80</height>
					<itemgap>3</itemgap>
					<align>center</align>
					<orientation>horizontal</orientation>
					<include>FlagMusic</include>
				</control>
			</control>
			<control type="group">
				<animation type="Conditional" condition="ControlGroup(9000).HasFocus()|ControlGroup(90000).HasFocus()|ControlGroup(9001).HasFocus()| ControlGroup(9002).HasFocus()">
					<effect type="slide" start="0" end="0,100" time="250"/>
				</animation>
				<include>CommonPageCount</include>
			</control>
			<include condition="!Skin.HasSetting(HideJumpSMSBar)">AlphaBarV</include>
		</control>
	</include>
</includes>