<?xml version="1.0" encoding="utf-8"?>
<includes>
	<include name="Fanart_Movies">
		<include>openclose</include>
		<control type="group">
			<control type="button" id="444">
				<enable>false</enable>
				<include>HiddenButton</include>
				<visible>Control.IsVisible(401)+!Control.HasFocus(666)</visible>
			</control>
			<visible>Control.IsVisible(401)+!Control.HasFocus(666)</visible>
			<control type="group">
				<visible>Skin.HasSetting(VideoInfo)|Control.HasFocus(888)</visible>
				<include>openclosevisible</include>
				<include>BlackGrunge</include>
			</control>
			<control type="group">
				<include>opencloseslideup</include>
				<visible>Control.IsVisible(401)+!Control.HasFocus(666)</visible>
				<include>MirrorPanel</include>
			</control>
			<!-- <control type="button" id="888">
				<include>HiddenButton</include>
				<onup>Control.SetFocus(9000)</onup>
				<ondown>Control.SetFocus(401)</ondown>
				<onleft condition="Control.IsVisible(2000)">2000</onleft>
				<onright condition="Control.IsVisible(2000)">2000</onright>
				<onleft condition="!Control.IsVisible(2000)">Control.Move(401,-1)</onleft>
				<onright condition="!Control.IsVisible(2000)">Control.Move(401,1)</onright>
				<visible>!Skin.HasSetting(VideoInfo)</visible>
			</control> -->
			<control type="image">
				<left>10</left>
				<top>142</top>
				<width>1260</width>
				<height>279</height>
				<texture colordiffuse="red">WhiteBack.png</texture>
				<include>openclosevisible</include>
				<visible>Control.HasFocus(2000)|Control.HasFocus(888)</visible>
				<visible>!Stringcompare(ListItem.label,..)</visible>
			</control>
		</control>
		<control type="group">
			<include>opencloseslideup</include>
			<visible>Control.IsVisible(401)+!Control.HasFocus(666)</visible>
			<control type="group">
				<left>0</left>
				<top>460</top>
				<control type="group">
					<left>1270</left>
					<top>-5</top>
					<visible>Skin.HasSetting(CommonPageCount)</visible>
					<control type="label">
						<description>Page Count Label</description>
						<left>520r</left>
						<top>0</top>
						<width>500</width>
						<height>20</height>
						<font>font16</font>
						<textcolor>grey</textcolor>
						<scroll>false</scroll>
						<align>right</align>
						<aligny>center</aligny>
						<label>$INFO[Container.NumItems,([COLOR=selected],[/COLOR]) $LOCALIZE[31025]]$INFO[Container.CurrentPage, - $LOCALIZE[31024] ([COLOR=selected]]$INFO[Container.NumPages,/,[/COLOR])]</label>
					</control>
				</control>
				<control type="fixedlist" id="401">
					<left>-20</left>
					<top>0</top>
					<width>1320</width>
					<height>250</height>
					<onleft>401</onleft>
					<onright>401</onright>
					<onup condition="Control.IsVisible(2000)+Skin.HasSetting(VideoInfo)">2000</onup>
					<onup condition="!Control.IsVisible(2000)+Skin.HasSetting(VideoInfo)">9000</onup>
					<onup condition="!Skin.HasSetting(VideoInfo)">888</onup>
					<ondown condition="Control.IsVisible(60)">60</ondown>
					<ondown condition="!Skin.HasSetting(HideJumpSMSBar)+!Control.IsVisible(60)">17000</ondown>
					<viewtype label="31029">fixed</viewtype>
					<pagecontrol>60</pagecontrol>
					<scrolltime>200</scrolltime>
					<focusposition>5</focusposition>
					<movement>3</movement>
					<orientation>horizontal</orientation>
					<preloaditems>4</preloaditems>
					<visible>Container.Content(Movies)|Container.Content(TVShows)|Container.Content(Seasons)|Container.Content(Sets)</visible>
					<itemlayout  condition="!Container.Content(Episodes)" height="200" width="120">
						<control type="group">
							<control type="image">
								<left>4</left>
								<top>22</top>
								<width>117</width>
								<height>156</height>
								<aspectratio>stretch</aspectratio>
								<fadetime>FadeTime</fadetime>
								<colordiffuse>$VAR[CoverDim]</colordiffuse>
								<texture background="true" diffuse="masks/mask.png" fallback="FallbackCover.png">$VAR[PosterThumb]</texture>
								<bordertexture border="10">ThumbShadow.png</bordertexture>
								<bordersize>6</bordersize>
							</control>
							<control type="group">
								<left>10</left>
								<top>28</top>
								<include>Amazon_Flagg_Small</include>
							</control>
							<control type="group">
								<left>10</left>
								<top>28</top>
								<include>WatchedIcon_Small</include>
							</control>
							<control type="group">
								<left>65</left>
								<top>122</top>
								<include>Set_Flagg_Small</include>
							</control>
							<control type="image">
								<left>9</left>
								<top>27</top>
								<width>106</width>
								<height>145</height>
								<aspectratio>stretch</aspectratio>
								<fadetime>FadeTime</fadetime>
								<colordiffuse>$VAR[CoverDim]</colordiffuse>
								<texture background="true">masks/Default.png</texture>
								<visible>Skin.HasSetting(animation)</visible>
								<visible>!Stringcompare(ListItem.label,..)</visible>
							</control>
							<control type="image">
								<left>10</left>
								<top>175</top>
								<width>104</width>
								<height>50</height>
								<aspectratio align="center" aligny="bottom">stretch</aspectratio>
								<fadetime>FadeTime</fadetime>
								<colordiffuse>grey2</colordiffuse>
								<texture background="true" flipy="true" diffuse="ShadowWhiteFlipy_2.png" fallback="FallbackCover.png">$VAR[PosterThumb]</texture>
							</control>
						</control>
					</itemlayout>
					<focusedlayout condition="!Container.Content(Episodes)" height="310" width="120">
						<control type="image">
							<visible>!Container(401).OnNext+!Container(401).OnPrevious</visible>
							<visible>Control.HasFocus(401)</visible>
							<left>-5</left>
							<top>20</top>
							<width>140</width>
							<height>140</height>
							<aspectratio>keep</aspectratio>
							<include>DiscartMovies_small</include>
						</control>
						<control type="group">
							<animation effect="zoom" center="auto" end="130" time="250" condition="Control.HasFocus(401)|Control.HasFocus(2000)">Focus</animation>
							<animation effect="zoom" center="auto" end="110" time="200" condition="Control.HasFocus(888)">Conditional</animation>
							<animation effect="zoom" center="auto" start="130" end="100" time="100">UnFocus</animation>
							<control type="image">
								<left>-3</left>
								<top>15</top>
								<width>131</width>
								<height>169</height>
								<aspectratio>stretch</aspectratio>
								<texture background="true" diffuse="masks/mask.png" fallback="FallbackCover.png">$VAR[PosterThumb]</texture>
								<bordertexture border="8" colordiffuse="menudiffuse">ThumbShadowWhite.png</bordertexture>
								<bordersize>8</bordersize>
							</control>
							<control type="group">
								<left>5</left>
								<top>23</top>
								<include>Amazon_Flagg_Small_Focus</include>
							</control>
							<control type="group">
								<left>5</left>
								<top>23</top>
								<include>WatchedIcon_Focus_Small</include>
							</control>
							<control type="group">
								<left>70</left>
								<top>127</top>
								<include>Set_Flagg_Small_Focus</include>
							</control>
							<control type="image">
								<left>5</left>
								<top>23</top>
								<width>115</width>
								<height>154</height>
								<texture background="true">masks/Default.png</texture>
								<visible>Skin.HasSetting(animation)</visible>
								<visible>!Stringcompare(ListItem.label,..)</visible>
							</control>
							<control type="image">
								<left>5</left>
								<top>19</top>
								<width>115</width>
								<height>157</height>
								<colordiffuse>dustdiffuse</colordiffuse>
								<texture background="true" diffuse="masks/mask.png">Shadow.png</texture>
								<visible>Skin.HasSetting(Fanart_ClearlogoTitle)+!IsEmpty(ListItem.Art(clearlogo))</visible>
							</control>
						</control>
					</focusedlayout>
				</control>
			</control>
		</control>
		<control type="group">
			<include>opencloseslideup</include>
			<visible>Control.IsVisible(401)+!Control.HasFocus(666)</visible>
			<top>15</top>
			<control type="group">
				<visible>[!Skin.HasSetting(Fanart_ClearlogoTitle)|IsEmpty(ListItem.Art(clearlogo))]
				|[Container.Content(Movies)+!Skin.HasSetting(video_art)]
				|[Container.Content(tvshows)+!Skin.HasSetting(tvshow_art)]</visible>
				<control type="image">
					<left>-10</left>
					<top>664</top>
					<width>1300</width>
					<height>10</height>
					<colordiffuse>fanartdiffuse</colordiffuse>
					<texture background="true" border="2" flipy="true">Shadow.png</texture>
				</control>
				<control type="image">
					<left>-10</left>
					<top>664</top>
					<width>1300</width>
					<height>1</height>
					<colordiffuse>menudiffuse</colordiffuse>
					<texture background="true">Separator2.png</texture>
				</control>
				<control type="label">
					<left>40</left>
					<top>640</top>
					<width>1200</width>
					<height>20</height>
					<textcolor>white</textcolor>
					<shadowcolor>black</shadowcolor>
					<scroll>true</scroll>
					<align>center</align>
					<aligny>center</aligny>
					<font>impacted31</font>
					<label>$VAR[OriginalTitle]$INFO[ListItem.Year, (,)]</label>
					<visible>!Stringcompare(ListItem.label,..)</visible>
					<include>openclosevisible</include>
					<visible>!ListItem.IsCollection|!IsEmpty(ListItem.Plot)</visible>
				</control>
				<control type="label">
					<left>40</left>
					<top>640</top>
					<width>1200</width>
					<height>20</height>
					<textcolor>white</textcolor>
					<shadowcolor>black</shadowcolor>
					<scroll>true</scroll>
					<align>center</align>
					<aligny>center</aligny>
					<font>impacted31</font>
					<label>$VAR[OriginalTitle]</label>
					<visible>!Stringcompare(ListItem.label,..)</visible>
					<include>openclosevisible</include>
					<visible>ListItem.IsCollection</visible>
				</control>
				<control type="label">
					<left>40</left>
					<top>667</top>
					<width>1200</width>
					<height>20</height>
					<scroll>true</scroll>
					<align>center</align>
					<aligny>center</aligny>
					<font>impacted18</font>
					<textcolor>grey1</textcolor>
					<shadowcolor>-</shadowcolor>
					<label>$INFO[ListItem.Tagline]</label>
					<visible>!Stringcompare(ListItem.label,..)</visible>
					<include>openclosevisible</include>
					<animation effect="slide" end="0,70" time="150" condition="Control.HasFocus(60)|ControlGroup(17000).HasFocus()">Conditional</animation>
				</control>
			</control>
			<control type="image">
				<left>40</left>
				<top>590</top>
				<width>1200</width>
				<height>80</height>
				<fadetime>FadeTime</fadetime>
				<aspectratio aligny="bottom">keep</aspectratio>
				<texture background="true">$INFO[ListItem.Art(clearlogo)]</texture>
				<visible>Skin.HasSetting(Fanart_ClearlogoTitle)+!IsEmpty(ListItem.Art(clearlogo))</visible>
				<visible>[!Container.Content(Movies)+Skin.HasSetting(tvshow_art)]|[Container.Content(Movies)+Skin.HasSetting(video_art)]</visible>
			</control>
		</control>
		<control type="group">
			<include>openclosevisible</include>
			<visible>Control.IsVisible(401)+!Control.HasFocus(666)</visible>
			<top>-15</top>
			<control type="image">
				<include>openclosevisible</include>
				<left>1035</left>
				<top>100</top>
				<width>230</width>
				<height>50</height>
				<fadetime>FadeTime</fadetime>
				<aspectratio>keep</aspectratio>
				<texture background="true">$INFO[ListItem.Art(clearlogo)]</texture>
				<visible>Skin.HasSetting(Clearart)</visible>
				<visible>!Skin.HasSetting(Fanart_ClearlogoTitle)</visible>
			</control>
			<control type="image" id="9898">
				<include>openclosevisible</include>
				<left>1035</left>
				<top>100</top>
				<width>230</width>
				<height>50</height>
				<fadetime>FadeTime</fadetime>
				<aspectratio>keep</aspectratio>
				<texture background="true">$VAR[MovieStudioLogoVar]$INFO[ListItem.Studio,,.png]</texture>
				<visible>IsEmpty(ListItem.Art(clearlogo))|Skin.HasSetting(Fanart_ClearlogoTitle)</visible>
				<visible>!Stringcompare(ListItem.label,..)</visible>
			</control>
			<control type="scrollbar" id="60">
				<animation effect="slide" start="0,-10" end="0,0" time="150" condition="!Control.HasFocus(60)">Conditional</animation>
				<animation effect="slide" start="0,0" end="0,100" time="150" condition="ControlGroup(17000).HasFocus()">Conditional</animation>
				<left>10</left>
				<top>720</top>
				<width>1260</width>
				<height>12</height>
				<texturesliderbackground border="1">ScrollBarBackground_H.png</texturesliderbackground>
				<texturesliderbar border="3">ScrollBar_H.png</texturesliderbar>
				<texturesliderbarfocus colordiffuse="red" border="3">ScrollBar_H.png</texturesliderbarfocus>
				<textureslidernib>-</textureslidernib>
				<textureslidernibfocus>-</textureslidernibfocus>
				<onup>401</onup>
				<ondown condition="!Control.IsVisible(17000)">732</ondown>
				<ondown condition="Control.IsVisible(17000)">17000</ondown>
				<showonepage>false</showonepage>
				<orientation>horizontal</orientation>
			</control>
			<control type="group">
				<visible>Control.IsVisible(401)+[Skin.HasSetting(VideoInfo)|Control.HasFocus(888)|Control.HasFocus(2000)]</visible>
				<visible>!Stringcompare(ListItem.label,..)</visible>
				<include>openclosevisible</include>
				<control type="group">
					<left>20</left>
					<top>40</top>
					<control type="group">
						<left></left>
						<top>0</top>
						<include>openclosevisible</include>
						<control type="grouplist">
							<left>5</left>
							<top>20</top>
							<width>1180</width>
							<height>30</height>
							<itemgap>4</itemgap>
							<align>left</align>
							<orientation>horizontal</orientation>
							<include>FlagVideo</include>
							<include>FlagVideoAudioStream1</include>
							<include>FlagVideoAudioStream2</include>
							<include>FlagVideoSubtitles</include>
							<include>FlagVideoStudio</include>
						</control>
					</control>
					<control type="label">
						<left>10</left>
						<top>75</top>
						<width>1000</width>
						<height>20</height>
						<font>impacted31</font>
						<scroll>true</scroll>
						<textcolor>grey</textcolor>
						<shadowcolor>black</shadowcolor>
						<label>$VAR[OriginalTitle]$INFO[ListItem.Year, (,)]</label>
						<include>openclosevisible</include>
						<visible>!ListItem.IsCollection|!IsEmpty(ListItem.Plot)</visible>
					</control>
					<control type="label">
						<left>10</left>
						<top>75</top>
						<width>1000</width>
						<height>20</height>
						<font>impacted31</font>
						<scroll>true</scroll>
						<textcolor>grey</textcolor>
						<shadowcolor>black</shadowcolor>
						<label>$VAR[OriginalTitle]</label>
						<include>openclosevisible</include>
						<visible>ListItem.IsCollection</visible>
					</control>
					<control type="group">
						<include>openclosevisible</include>
						<control type="image">
							<left>-10</left>
							<top>116</top>
							<width>1260</width>
							<height>280</height>
							<texture background="true">BlackBack.png</texture>
						</control>
						<control type="image">
							<description>Separator</description>
							<left>-10</left>
							<top>55</top>
							<width>1260</width>
							<height>2</height>
							<colordiffuse>fanartdiffuse</colordiffuse>
							<texture background="true" border="1">Separator1.png</texture>
						</control>
						<control type="image">
							<description>Separator</description>
							<left>-10</left>
							<top>115</top>
							<width>1260</width>
							<height>2</height>
							<colordiffuse>fanartdiffuse</colordiffuse>
							<texture background="true" border="1">Separator1.png</texture>
						</control>
					</control>
					<control type="group"> <!-- without extended infos -->
						<left>20</left>
						<top>12</top>
						<include>openclosevisible</include>
						<include>openclosemediumnodelay</include>
						<control type="group">
							<left>0</left>
							<top>130</top>
							<include>MovieSetInformationCover</include>
						</control>
						<control type="label">
							<include>openclosevisible</include>
							<left>20</left>
							<top>340</top>
							<width>1160</width>
							<height>50</height>
							<align>center</align>
							<textcolor>grey1</textcolor>
							<font>impacted21</font>
							<label>$LOCALIZE[20161]$INFO[Container(2000).NumItems,: [COLOR=white],[/COLOR]]</label>
							<visible>ListItem.IsCollection</visible>
						</control>
						<control type="textbox">
							<description>Description</description>
							<include>openclosevisible</include>
							<left>0</left>
							<top>120</top>
							<width>780</width>
							<height>252</height>
							<include condition="Skin.HasSetting(BigPlotText)">PlotTextBigVar</include>
							<font>ubuntu-r18</font>
							<shadowcolor>black</shadowcolor>
							<label>$INFO[ListItem.Plot]</label>
							<visible>!IsEmpty(ListItem.Plot)</visible>
						</control>
						<control type="group">
							<include>openclosefanart</include>
							<left>830</left>
							<top>130</top>
							<visible>Container.Content(Movies)</visible>
							<control type="grouplist">
								<width>380</width>
								<height>200</height>
								<visible>!System.HasAddon(script.skin.info.service)+![ListItem.IsCollection|Container.Content(Sets)]|!IsEmpty(ListItem.Plot)</visible>
									<include>MovieDataList_Content</include>
							</control>
							<control type="group">
								<visible>![ListItem.IsCollection|Container.Content(Sets)]</visible>
								<control type="image">
									<description>Rated</description>
									<include>openclosevisible</include>
									<left>-5</left>
									<top>210</top>
									<width>120</width>
									<height>20</height>
									<fadetime>FadeTime</fadetime>
									<texture background="true" fallback="LeftRatingVideo/0.0.png">$INFO[ListItem.Rating,LeftRatingVideo/,.png]</texture>
								</control>
								<control type="image">
									<visible>Skin.HasSetting(fsk_original)|Skin.HasSetting(fsk_dual)</visible>
									<include>openclosevisible</include>
									<left>240</left>
									<top>205</top>
									<width>150</width>
									<height>40</height>
									<fadetime>FadeTime</fadetime>
									<aspectratio align="right" aligny="bottom">keep</aspectratio>
									<texture background="true">$VAR[Furniture_VideoRating]</texture>
								</control>
							</control>
						</control>
					</control>
				</control>
				<control type="image">
					<description>Separator</description>
					<include>openclosefanart</include>
					<left>846</left>
					<top>172</top>
					<width>2</width>
					<height>250</height>
					<colordiffuse>fanartdiffuse</colordiffuse>
					<texture background="true" border="1">Separator4.png</texture>
					<visible>!ListItem.IsCollection|!IsEmpty(ListItem.Plot)</visible>
				</control>
				<control type="image">
					<description>Separator</description>
					<include>openclosevisible</include>
					<left>10</left>
					<top>435</top>
					<width>1260</width>
					<height>2</height>
					<colordiffuse>fanartdiffuse</colordiffuse>
					<texture background="true" border="1">Separator1.png</texture>
				</control>
				<control type="image">
					<visible>Container.Content(Seasons)</visible>
					<include>opencloseslideleft</include>
					<left>870</left>
					<top>170</top>
					<width>370</width>
					<height>250</height>
					<aspectratio>keep</aspectratio>
					<texture background="true" >$VAR[extraart_tvshow_rule]</texture>
					<fadetime>FadeTime</fadetime>
					<visible>Skin.HasSetting(tvshow_art)</visible>
				</control>
				<control type="image">
					<visible>Container.Content(Seasons)</visible>
					<include>opencloseslideleft</include>
					<left>870</left>
					<top>170</top>
					<width>370</width>
					<height>250</height>
					<aspectratio>keep</aspectratio>
					<texture background="true" diffuse="shine.png">special://skin/backgrounds/mediaoverlaywhite.jpg</texture>
					<fadetime>FadeTime</fadetime>
					<visible>!Skin.HasSetting(tvshow_art)</visible>
				</control>
				<control type="group">
					<include>opencloseslideleft</include>
					<left>870</left>
					<top>172</top>
					<visible>Container.Content(TVShows)</visible>
					<control type="grouplist">
						<width>370</width>
						<height>250</height>
						<align>center</align>
						<include>TVShowDataList_Content</include>
					</control>
				</control>
			</control>
		</control>
		<control type="group">
			<visible>Control.IsVisible(401)+!Control.HasFocus(666)</visible>
			<include condition="!Skin.HasSetting(HideJumpSMSBar)">AlphaBarH</include>
			<control type="button" id="888">
				<include>HiddenButton</include>
				<onup>Control.SetFocus(9000)</onup>
				<ondown>Control.SetFocus(401)</ondown>
				<onleft condition="Control.IsVisible(2000)">2000</onleft>
				<onright condition="Control.IsVisible(2000)">2000</onright>
				<onleft condition="!Control.IsVisible(2000)">Control.Move(401,-1)</onleft>
				<onright condition="!Control.IsVisible(2000)">Control.Move(401,1)</onright>
				<visible>!Skin.HasSetting(VideoInfo)</visible>
			</control>
		</control>
	</include>
</includes>
