<?xml version="1.0" encoding="utf-8"?>
<includes>
	<include name="Perspective">
		<include>openclose</include>
		<control type="group">
			<include>openclosevisible</include>
			<control type="button" id="444">
				<enable>false</enable>
				<include>HiddenButton</include>
				<visible>Control.IsVisible(541)+!Control.HasFocus(666)</visible>
			</control>
			<visible>Control.IsVisible(541)+!Control.HasFocus(666)</visible>
			<include>BlackGrunge</include>
			<control type="image">
				<left>-10</left>
				<top>160</top>
				<width>1300</width>
				<height>570</height>
				<texture background="true">Shadow.png</texture>
			</control>
		</control>
		<control type="group">
			<include>openclosebox</include>
			<visible>Control.IsVisible(541)+!Control.HasFocus(666)</visible>
			<control type="group">
				<animation effect="rotatey" start="0" end="-10" center="left" time="100" condition="true">Conditional</animation>
				<control type="group">
					<top>20</top>
					<left>160</left>
					<control type="group">
						<left>0</left>
						<top>0</top>
						<control type="wraplist" id="541">
							<hitrect x="0" y="-10" w="1280" h="190" />
							<left>-170</left>
							<top>280</top>
							<width>1550</width>
							<height>1050</height>
							<onleft>541</onleft>
							<onright>541</onright>
							<onup condition="!Control.IsVisible(2000)">9000</onup>
							<onup condition="Control.IsVisible(2000)">2000</onup>
							<ondown condition="Control.IsVisible(60)">60</ondown>
							<ondown condition="!Skin.HasSetting(HideJumpSMSBar)+!Control.IsVisible(60)">17000</ondown>
							<viewtype label="Perspective">wraplist</viewtype>
							<pagecontrol>60</pagecontrol>
							<scrolltime tween="circle">600</scrolltime>
							<focusposition>2</focusposition>
							<movement>3</movement>
							<orientation>horizontal</orientation>
							<preloaditems>4</preloaditems>
							<visible>Window.IsVisible(videos)</visible>
							<visible>!SubString(Container.FolderPath,plugin://,left)+!Container.Content(Addons)</visible>
							<itemlayout condition="!Skin.HasSetting(hideMovieCases)+!Container.Content(episodes)" height="285" width="190">
								<control type="group">
									<left>0</left>
									<top>0</top>
									<visible>!Skin.HasSetting(hideMovieCases)</visible>
									<control type="image">
										<left>0</left>
										<top>142</top>
										<width>170</width>
										<height>250</height>
										<aspectratio>stretch</aspectratio>
										<fadetime>FadeTime</fadetime>
										<colordiffuse>$VAR[CoverDim]</colordiffuse>
										<texture background="true" diffuse="clear-cases/clearcase_inlay.png" fallback="FallbackCover.png">$VAR[PosterThumb]</texture>
									</control>
									<control type="image">
										<left>0</left>
										<top>142</top>
										<width>170</width>
										<height>250</height>
										<aspectratio>stretch</aspectratio>
										<fadetime>FadeTime</fadetime>
										<colordiffuse>dustdiffuse</colordiffuse>
										<texture background="true" diffuse="clear-cases/clearcase_inlay.png">Dust.png</texture>
										<visible>Skin.HasSetting(dust)+!Stringcompare(ListItem.label,..)</visible>
									</control>
									<control type="image">
										<left>-18</left>
										<top>142</top>
										<width>190</width>
										<height>250</height>
										<aspectratio>stretch</aspectratio>
										<fadetime>FadeTime</fadetime>
										<colordiffuse>$VAR[CoverDim]</colordiffuse>
										<texture background="true" fallback="clear-cases/fallback.png">$VAR[clearcase]</texture>
									</control>
									<control type="image">
										<left>1</left>
										<top>394</top>
										<width>170</width>
										<height>68</height>
										<aspectratio>stretch</aspectratio>
										<fadetime>FadeTime</fadetime>
										<colordiffuse>$VAR[CoverDim]</colordiffuse>
										<texture background="true" flipy="true" diffuse="ContentPanelMirror3.png" fallback="FallbackCover.png">$VAR[PosterThumb]</texture>
										<visible>Skin.HasSetting(animation)</visible>
									</control>
									<control type="image">
										<left>1</left>
										<top>394</top>
										<width>170</width>
										<height>68</height>
										<aspectratio>stretch</aspectratio>
										<fadetime>FadeTime</fadetime>
										<colordiffuse>dustdiffuse</colordiffuse>
										<texture background="true" flipy="true" diffuse="ContentPanelMirror3.png">Dust.png</texture>
										<visible>Skin.HasSetting(dust)+!Stringcompare(ListItem.label,..)</visible>
									</control>
									<control type="image">
										<left>-18</left>
										<top>393</top>
										<width>190</width>
										<height>68</height>
										<aspectratio>stretch</aspectratio>
										<fadetime>FadeTime</fadetime>
										<colordiffuse>$VAR[CoverDim]</colordiffuse>
										<texture background="true" fallback="clear-cases/fallback.png" flipy="true" diffuse="ContentPanelMirror3.png">$VAR[clearcase]</texture>
										<visible>Skin.HasSetting(animation)</visible>
									</control>
									<control type="image">
										<left>-18</left>
										<top>387</top>
										<width>190</width>
										<height>68</height>
										<fadetime>FadeTime</fadetime>
										<texture background="true">ContentPanelMirror.png</texture>
										<visible>!Skin.HasSetting(animation)</visible>
									</control>
									<control type="image">
										<description>3D Image</description>
										<left>0</left>
										<top>365</top>
										<width>50</width>
										<height>25</height>
										<colordiffuse>$VAR[CoverDim]</colordiffuse>
										<aspectratio>keep</aspectratio>
										<texture background="true">flagging/video/3d.png</texture>
										<visible>ListItem.IsStereoscopic</visible>
									</control>
									<control type="group">
										<left>2</left>
										<top>143</top>
										<include>WatchedIcon</include>
									</control>
									<control type="group">
										<left>2</left>
										<top>143</top>
										<include>Amazon_Flagg</include>
									</control>
								</control>
							</itemlayout>
							<itemlayout condition="Skin.HasSetting(hideMovieCases)+!Container.Content(episodes)" height="285" width="171">
								<control type="group">
									<left>32</left>
									<top>0</top>
									<visible>Skin.HasSetting(hideMovieCases)</visible>
									<control type="image">
										<left>0</left>
										<top>142</top>
										<width>170</width>
										<height>250</height>
										<aspectratio>stretch</aspectratio>
										<fadetime>FadeTime</fadetime>
										<colordiffuse>$VAR[CoverDim]</colordiffuse>
										<texture background="true" diffuse="masks/mask.png" fallback="FallbackCover.png">$VAR[PosterThumb]</texture>
									</control>
									<control type="group">
										<left>1</left>
										<top>142</top>
										<include>WatchedIcon</include>
									</control>
									<control type="group">
										<left>90</left>
										<top>312</top>
										<include>Set_Flagg</include>
									</control>
									<control type="image">
										<left>0</left>
										<top>142</top>
										<width>170</width>
										<height>250</height>
										<aspectratio>stretch</aspectratio>
										<fadetime>FadeTime</fadetime>
										<colordiffuse>$VAR[CoverDim]</colordiffuse>
										<texture background="true" border="2">masks/Default.png</texture>
										<visible>Skin.HasSetting(animation)</visible>
									</control>
									<control type="image">
										<left>0</left>
										<top>393</top>
										<width>170</width>
										<height>68</height>
										<aspectratio>stretch</aspectratio>
										<fadetime>FadeTime</fadetime>
										<colordiffuse>$VAR[CoverDim]</colordiffuse>
										<texture background="true" flipy="true" diffuse="ContentPanelMirror3.png" fallback="FallbackCover.png">$VAR[PosterThumb]</texture>
										<visible>Skin.HasSetting(animation)</visible>
									</control>
									<control type="image">
										<left>0</left>
										<top>393</top>
										<width>170</width>
										<height>68</height>
										<fadetime>FadeTime</fadetime>
										<colordiffuse>$VAR[CoverDim]</colordiffuse>
										<texture background="true">ContentPanelMirror.png</texture>
										<visible>!Skin.HasSetting(animation)</visible>
									</control>
									<control type="image">
										<description>3D Image</description>
										<left>0</left>
										<top>365</top>
										<width>50</width>
										<height>25</height>
										<aspectratio>keep</aspectratio>
										<colordiffuse>$VAR[CoverDim]</colordiffuse>
										<texture background="true">flagging/video/3d.png</texture>
										<visible>ListItem.IsStereoscopic</visible>
									</control>
									<control type="group">
										<left>1</left>
										<top>142</top>
										<include>Amazon_Flagg</include>
									</control>
								</control>
							</itemlayout>
							<itemlayout condition="Container.Content(episodes)" height="171" width="251">
								<control type="group">
									<left>-160</left>
									<top>80</top>
									<control type="image">
										<left>0</left>
										<top>142</top>
										<width>250</width>
										<height>170</height>
										<aspectratio>stretch</aspectratio>
										<fadetime>FadeTime</fadetime>
										<colordiffuse>$VAR[CoverDim]</colordiffuse>
										<texture background="true" diffuse="masks/mask.png" fallback="FallbackCover.png">$INFO[ListItem.Icon]</texture>
									</control>
									<control type="group">
										<left>0</left>
										<top>143</top>
										<include>WatchedIcon</include>
									</control>
									<control type="group">
										<left>0</left>
										<top>143</top>
										<include>Amazon_Flagg</include>
									</control>
									<control type="image">
										<left>0</left>
										<top>142</top>
										<width>250</width>
										<height>170</height>
										<aspectratio>stretch</aspectratio>
										<fadetime>FadeTime</fadetime>
										<colordiffuse>$VAR[CoverDim]</colordiffuse>
										<texture background="true" border="2">masks/Default.png</texture>
										<visible>Skin.HasSetting(animation)</visible>
									</control>
									<control type="image">
										<left>0</left>
										<top>313</top>
										<width>250</width>
										<height>68</height>
										<aspectratio>stretch</aspectratio>
										<fadetime>FadeTime</fadetime>
										<colordiffuse>$VAR[CoverDim]</colordiffuse>
										<texture background="true" flipy="true" diffuse="ContentPanelMirror3.png" fallback="FallbackCover.png">$INFO[ListItem.Icon]</texture>
										<visible>Skin.HasSetting(animation)</visible>
									</control>
									<control type="image">
										<left>0</left>
										<top>313</top>
										<width>250</width>
										<height>68</height>
										<fadetime>FadeTime</fadetime>
										<colordiffuse>$VAR[CoverDim]</colordiffuse>
										<texture background="true">ContentPanelMirror.png</texture>
										<visible>!Skin.HasSetting(animation)</visible>
									</control>
								</control>
							</itemlayout>
							<focusedlayout condition="!Skin.HasSetting(hideMovieCases)+!Container.Content(episodes)" height="285" width="190">
								<control type="group">
									<include>focuseffect</include>
									<left>-27</left>
									<control type="image">
										<left>-5</left>
										<top>127</top>
										<width>216</width>
										<height>300</height>
										<colordiffuse>description</colordiffuse>
										<texture background="true" border="8" flipy="true" diffuse="ShadowWhite.png">ThumbShadowWhite.png</texture>
									</control>
									<control type="image">
										<left>3</left>
										<top>135</top>
										<width>200</width>
										<height>202</height>
										<colordiffuse>description</colordiffuse>
										<texture background="true" border="8" diffuse="WhiteBack.png">ShadowWhiteFlipy.png</texture>
									</control>
									<control type="image">
										<left>-22</left>
										<top>159</top>
										<width>250</width>
										<height>202</height>
										<colordiffuse>menudiffuse</colordiffuse>
										<animation effect="rotate" start="0" end="90" center="auto" time="0" condition="true">Conditional</animation>
										<texture background="true" border="10">buttons/ButtonNFhalf_round.png</texture>
									</control>
									<control type="image">
										<left>27</left>
										<top>142</top>
										<width>170</width>
										<height>250</height>
										<aspectratio>stretch</aspectratio>
										<fadetime>FadeTime</fadetime>
										<texture background="true" diffuse="clear-cases/clearcase_inlay.png" fallback="FallbackCover.png">$VAR[PosterThumb]</texture>
									</control>
									<control type="image">
										<left>9</left>
										<top>142</top>
										<width>190</width>
										<height>250</height>
										<aspectratio>stretch</aspectratio>
										<fadetime>FadeTime</fadetime>
										<texture background="true" fallback="clear-cases/fallback.png">$VAR[clearcase]</texture>
									</control>
									<control type="image">
										<left>27</left>
										<top>394</top>
										<width>170</width>
										<height>68</height>
										<aspectratio>stretch</aspectratio>
										<fadetime>FadeTime</fadetime>
										<texture background="true" flipy="true" diffuse="ContentPanelMirror3.png" fallback="FallbackCover.png">$VAR[PosterThumb]</texture>
										<visible>Skin.HasSetting(animation)</visible>
									</control>
									<control type="image">
										<left>27</left>
										<top>394</top>
										<width>170</width>
										<height>68</height>
										<aspectratio>stretch</aspectratio>
										<fadetime>FadeTime</fadetime>
										<colordiffuse>dustdiffuse</colordiffuse>
										<texture background="true" flipy="true" diffuse="ContentPanelMirror3.png">Dust.png</texture>
										<visible>Skin.HasSetting(dust)+!Stringcompare(ListItem.label,..)</visible>
									</control>
									<control type="image">
										<left>9</left>
										<top>393</top>
										<width>190</width>
										<height>68</height>
										<aspectratio>stretch</aspectratio>
										<fadetime>FadeTime</fadetime>
										<texture background="true" fallback="clear-cases/fallback.png" flipy="true" diffuse="ContentPanelMirror3.png">$VAR[clearcase]</texture>
										<visible>Skin.HasSetting(animation)</visible>
									</control>
									<control type="image">
										<left>27</left>
										<top>387</top>
										<width>190</width>
										<height>68</height>
										<fadetime>FadeTime</fadetime>
										<texture background="true">ContentPanelMirror.png</texture>
										<visible>!Skin.HasSetting(animation)</visible>
									</control>
									<control type="image">
										<description>3D Image</description>
										<left>27</left>
										<top>365</top>
										<width>50</width>
										<height>25</height>
										<aspectratio>keep</aspectratio>
										<texture background="true">flagging/video/3d.png</texture>
										<visible>ListItem.IsStereoscopic</visible>
									</control>
									<control type="group">
										<left>29</left>
										<top>143</top>
										<include>WatchedIcon_Focus</include>
									</control>
									<control type="group">
										<left>29</left>
										<top>143</top>
										<include>Amazon_Flagg_Focus</include>
									</control>
								</control>
							</focusedlayout>
							<focusedlayout condition="Skin.HasSetting(hideMovieCases)+!Container.Content(episodes)" height="290" width="171">
								<control type="group">
									<control type="image">
										<left>18</left>
										<top>127</top>
										<width>197</width>
										<height>300</height>
										<colordiffuse>description</colordiffuse>
										<texture background="true" border="8" flipy="true" diffuse="ShadowWhite.png">ThumbShadowWhite.png</texture>
									</control>
									<control type="image">
										<left>26</left>
										<top>135</top>
										<width>182</width>
										<height>280</height>
										<colordiffuse>description</colordiffuse>
										<texture background="true" diffuse="WhiteBack.png">ShadowWhiteFlipy.png</texture>
									</control>
									<control type="image">
										<left>-8</left>
										<top>168</top>
										<width>250</width>
										<height>182</height>
										<colordiffuse>menudiffuse</colordiffuse>
										<animation effect="rotate" start="0" end="90" center="auto" time="0" condition="true">Conditional</animation>
										<texture background="true" border="10">buttons/ButtonNFhalf_round.png</texture>
									</control>
									<control type="group">
										<include>focuseffect</include>
										<left>32</left>
										<visible>Skin.HasSetting(hideMovieCases)</visible>
										<control type="image">
											<left>0</left>
											<top>142</top>
											<width>170</width>
											<height>250</height>
											<aspectratio>stretch</aspectratio>
											<fadetime>FadeTime</fadetime>
											<texture background="true" diffuse="masks/mask.png" fallback="FallbackCover.png">$VAR[PosterThumb]</texture>
										</control>
										<control type="group">
											<left>1</left>
											<top>142</top>
											<include>Amazon_Flagg_Focus</include>
										</control>
										<control type="group">
											<left>1</left>
											<top>142</top>
											<include>WatchedIcon_Focus</include>
										</control>
										<control type="group">
											<left>90</left>
											<top>312</top>
											<include>Set_Flagg_Focus</include>
										</control>
										<control type="image">
											<left>0</left>
											<top>142</top>
											<width>170</width>
											<height>250</height>
											<aspectratio>stretch</aspectratio>
											<fadetime>FadeTime</fadetime>
											<texture background="true" border="2">masks/Default.png</texture>
											<visible>Skin.HasSetting(animation)</visible>
										</control>
										<control type="image">
											<left>0</left>
											<top>393</top>
											<width>170</width>
											<height>68</height>
											<aspectratio>stretch</aspectratio>
											<fadetime>FadeTime</fadetime>
											<texture background="true" flipy="true" diffuse="ContentPanelMirror3.png" fallback="FallbackCover.png">$VAR[PosterThumb]</texture>
											<visible>Skin.HasSetting(animation)</visible>
										</control>
										<control type="image">
											<left>0</left>
											<top>393</top>
											<width>170</width>
											<height>68</height>
											<fadetime>FadeTime</fadetime>
											<texture background="true">ContentPanelMirror.png</texture>
											<visible>!Skin.HasSetting(animation)</visible>
										</control>
										<control type="image">
											<description>3D Image</description>
											<left>0</left>
											<top>365</top>
											<width>50</width>
											<height>25</height>
											<aspectratio>keep</aspectratio>
											<texture background="true">flagging/video/3d.png</texture>
											<visible>ListItem.IsStereoscopic</visible>
										</control>
									</control>
								</control>
							</focusedlayout>
							<focusedlayout condition="Container.Content(episodes)" height="171" width="251">
								<control type="group">
									<left>-192</left>
									<top>80</top>
									<control type="image">
										<left>18</left>
										<top>127</top>
										<width>277</width>
										<height>150</height>
										<colordiffuse>description</colordiffuse>
										<texture background="true" border="8" flipy="true" diffuse="ShadowWhite.png">ThumbShadowWhite.png</texture>
									</control>
									<control type="image">
										<left>26</left>
										<top>135</top>
										<width>262</width>
										<height>150</height>
										<colordiffuse>description</colordiffuse>
										<texture background="true" diffuse="WhiteBack.png">ShadowWhiteFlipy.png</texture>
									</control>
									<control type="group">
										<include>focuseffect</include>
										<left>32</left>
										<control type="image">
											<left>0</left>
											<top>142</top>
											<width>250</width>
											<height>170</height>
											<aspectratio>stretch</aspectratio>
											<fadetime>FadeTime</fadetime>
											<texture background="true" diffuse="masks/mask.png" fallback="FallbackCover.png">$INFO[ListItem.Icon]</texture>
										</control>
										<control type="group">
											<left>0</left>
											<top>143</top>
											<include>WatchedIcon_Focus</include>
										</control>
										<control type="group">
											<left>0</left>
											<top>143</top>
											<include>Amazon_Flagg_Focus</include>
										</control>
										<control type="image">
											<left>0</left>
											<top>142</top>
											<width>250</width>
											<height>170</height>
											<aspectratio>stretch</aspectratio>
											<fadetime>FadeTime</fadetime>
											<texture background="true" border="2">masks/Default.png</texture>
											<visible>Skin.HasSetting(animation)</visible>
										</control>
										<control type="image">
											<left>0</left>
											<top>313</top>
											<width>250</width>
											<height>68</height>
											<aspectratio>stretch</aspectratio>
											<fadetime>FadeTime</fadetime>
											<texture background="true" flipy="true" diffuse="ContentPanelMirror3.png" fallback="FallbackCover.png">$INFO[ListItem.Icon]</texture>
											<visible>Skin.HasSetting(animation)</visible>
										</control>
										<control type="image">
											<left>0</left>
											<top>313</top>
											<width>250</width>
											<height>68</height>
											<fadetime>FadeTime</fadetime>
											<texture background="true">ContentPanelMirror.png</texture>
											<visible>!Skin.HasSetting(animation)</visible>
										</control>
									</control>
								</control>
							</focusedlayout>
						</control>
						<control type="scrollbar" id="60">
							<left>280</left>
							<top>685</top>
							<width>1020</width>
							<height>12</height>
							<texturesliderbackground border="1">ScrollBarBackground_H.png</texturesliderbackground>
							<texturesliderbar border="3">ScrollBar_H.png</texturesliderbar>
							<texturesliderbarfocus colordiffuse="red" border="3">ScrollBar_H.png</texturesliderbarfocus>
							<textureslidernib>-</textureslidernib>
							<textureslidernibfocus>-</textureslidernibfocus>
							<onup>541</onup>
							<ondown condition="!Control.IsVisible(17000)">732</ondown>
							<ondown condition="Control.IsVisible(17000)">17000</ondown>
							<showonepage>false</showonepage>
							<orientation>horizontal</orientation>
						</control>
						<control type="image">
							<left>1030</left>
							<top>422</top>
							<width>360</width>
							<height>380</height>
							<texture background="true" flipx="true">SideFade.png</texture>
							<visible>!Container.Content(episodes)</visible>
						</control>
						<control type="group">
							<left>1300</left>
							<top>740</top>
							<include>openclosevisible</include>
							<visible>Skin.HasSetting(CommonPageCount)</visible>
							<control type="label">
								<description>Page Count Label</description>
								<left>520r</left>
								<top>0</top>
								<width>500</width>
								<height>20</height>
								<font>font16</font>
								<textcolor>grey</textcolor>
								<scroll>false</scroll>
								<align>right</align>
								<aligny>center</aligny>
								<label>$INFO[Container.TotalTime,$LOCALIZE[31009] ([COLOR=selected],[/COLOR]) • ]$INFO[Container.NumItems,([COLOR=selected],[/COLOR]) $LOCALIZE[31025]]$INFO[Container.CurrentPage, - $LOCALIZE[31024] ([COLOR=selected]]$INFO[Container.NumPages,/,[/COLOR])]</label>
							</control>
						</control>
						<control type="group">
							<visible>!Container.Content(episodes)</visible>
							<left>162</left>
							<top>10</top>
							<control type="image">
								<left>92</left>
								<top>353</top>
								<width>1350</width>
								<height>2</height>
								<colordiffuse>fanartdiffuse</colordiffuse>
								<texture background="true">White.png</texture>
							</control>
							<control type="image">
								<left>92</left>
								<top>354</top>
								<width>1</width>
								<height>51</height>
								<colordiffuse>fanartdiffuse</colordiffuse>
								<texture background="true">White.png</texture>
							</control>
						</control>
						<control type="group">
							<visible>Container.Content(episodes)</visible>
							<left>120</left>
							<top>91</top>
							<control type="image">
								<left>92</left>
								<top>353</top>
								<width>1350</width>
								<height>1</height>
								<colordiffuse>fanartdiffuse</colordiffuse>
								<texture background="true">White.png</texture>
							</control>
							<control type="image">
								<left>92</left>
								<top>354</top>
								<width>1</width>
								<height>51</height>
								<colordiffuse>fanartdiffuse</colordiffuse>
								<texture background="true">White.png</texture>
							</control>
						</control>
					</control>
				</control>
				<control type="group"> <!-- Movie Title and Studiologo -->
					<left>210</left>
					<top>40</top>
					<control type="label">
						<description>item label</description>
						<left>220</left>
						<top>278</top>
						<width>900</width>
						<height>28</height>
						<align>left</align>
						<aligny>center</aligny>
						<font>impacted18</font>
						<textcolor>grey1</textcolor>
						<shadowcolor>-</shadowcolor>
						<label>$INFO[ListItem.Tagline]</label>
						<visible>!Container.Content(episodes)</visible>
					</control>
					<control type="label">
						<description>item label</description>
						<left>220</left>
						<top>308</top>
						<width>900</width>
						<height>28</height>
						<align>left</align>
						<aligny>center</aligny>
						<font>impacted30</font>
						<textcolor>white</textcolor>
						<shadowcolor>black</shadowcolor>
						<label>$VAR[OriginalTitle]$INFO[ListItem.Year, (,)]</label>
						<visible>!Container.Content(episodes)</visible>
					</control>
					<control type="group">
						<left>170</left>
						<top>360</top>
						<visible>Container.Content(episodes)</visible>
						<control type="label">
							<description>item label</description>
							<left>0</left>
							<top>30</top>
							<width>900</width>
							<height>28</height>
							<align>left</align>
							<aligny>center</aligny>
							<font>impacted30</font>
							<textcolor>white</textcolor>
							<shadowcolor>black</shadowcolor>
							<label>$VAR[OriginalTitle]$INFO[ListItem.Year, (,)]</label>
						</control>
						<control type="label">
							<description>item label</description>
							<left>0</left>
							<top>0</top>
							<width>900</width>
							<height>28</height>
							<align>left</align>
							<aligny>center</aligny>
							<textcolor>grey</textcolor>
							<shadowcolor>black</shadowcolor>
							<label>$INFO[ListItem.Season,$LOCALIZE[20373] , • ]$INFO[ListItem.Episode,$LOCALIZE[20452] , • ]$VAR[EpisodeSubTitleVar]</label>
						</control>
					</control>
				</control>
				<control type="group"> <!-- Movie Info Panel -->
					<visible>Container.Content(Movies)|Container.Content(Sets)|Container.Content(episodes)|Container.Content(Seasons)|Container.Content(tvshows)|Container.Content(musicvideos)</visible>
					<visible>!StringCompare(ListItem.label,..)</visible>
					<animation effect="slide" start="0" end="-50,80" time="0" condition="Container.Content(episodes)">Conditional</animation>
					<control type="grouplist">
						<left>440</left>
						<top>395</top>
						<width>800</width>
						<height>30</height>
						<itemgap>4</itemgap>
						<align>left</align>
						<orientation>horizontal</orientation>
						<include>FlagVideo</include>
						<include>FlagVideoAudioStream1</include>
						<include>FlagVideoAudioStream2</include>
						<include>FlagVideoSubtitles</include>
					</control>
				</control>
			</control>
		</control>
		<control type="group"> <!-- incl. extended movieinfos -->
			<left>105</left>
			<top>-85</top>
			<visible>Control.IsVisible(541)+!Control.HasFocus(666)</visible>
			<animation effect="rotatey" start="0" end="-10" center="left" time="250" condition="!Control.HasFocus(2000)">Conditional</animation>
			<animation effect="slide" start="0" end="-80" time="250" condition="Control.HasFocus(2000)">Conditional</animation>
			<include>opencloseslidedown</include>
			<visible>ListItem.IsCollection|Container.Content(sets)</visible>
			<visible>IsEmpty(ListItem.Plot)+!SubString(ListItem.Label,..)</visible>
			<control type="image">
				<left>-10</left>
				<top>135</top>
				<width>1250</width>
				<height>240</height>
				<texture background="true" diffuse="masks/mask.png">BlackBack.png</texture>
				<visible>!Control.HasFocus(2000)</visible>
			</control>
			<control type="image">
				<left>-10</left>
				<top>135</top>
				<width>1250</width>
				<height>240</height>
				<colordiffuse>red</colordiffuse>
				<texture background="true" diffuse="masks/mask.png" border="1">WhiteBack.png</texture>
				<visible>Control.HasFocus(2000)</visible>
			</control>
			<control type="image">
				<left>-10</left>
				<top>135</top>
				<width>1250</width>
				<height>240</height>
				<texture background="true" border="4">masks/Default.png</texture>
			</control>
			<control type="group">
				<left>0</left>
				<top>150</top>
				<include>MovieSetInformationCover</include>
				<visible>ListItem.IsCollection</visible>
				<include>openclosevisible</include>
			</control>
			<control type="label">
				<left>20</left>
				<top>370</top>
				<width>1160</width>
				<height>50</height>
				<align>center</align>
				<textcolor>grey1</textcolor>
				<font>impacted21</font>
				<label>$LOCALIZE[20161]$INFO[Container(2000).NumItems,: [COLOR=white],[/COLOR]]</label>
				<visible>ListItem.IsCollection</visible>
			</control>
		</control>
		<control type="group">
			<include>opencloseslideleft</include>
			<visible>Control.IsVisible(541)+!Control.HasFocus(666)</visible>
			<visible>Skin.HasSetting(RightlistPlot)+!IsEmpty(Container(541).ListItem.Plot)</visible>
			<control type="image">
				<left>860</left>
				<top>50</top>
				<width>420</width>
				<height>240</height>
				<colordiffuse>black</colordiffuse>
				<texture background="true" diffuse="WhiteBack.png" border="4">masks/mask.png</texture>
			</control>
			<control type="image">
				<left>860</left>
				<top>50</top>
				<width>440</width>
				<height>240</height>
				<texture background="true" border="4">masks/Default.png</texture>
			</control>
			<control type="textbox">
				<left>870</left>
				<top>55</top>
				<width>390</width>
				<height>228</height>
				<include condition="!Skin.HasSetting(BigPlotText)">PlotText16Var</include>
				<include condition="Skin.HasSetting(BigPlotText)">PlotTextBigVar</include>
				<label>$INFO[Container(541).ListItem.Plot]</label>
			</control>
		</control>
		<control type="group">
			<visible>Control.IsVisible(541)+!Control.HasFocus(666)</visible>
			<include condition="!Skin.HasSetting(HideJumpSMSBar)">AlphaBarH</include>
		</control>
	</include>
</includes>