<?xml version="1.0" encoding="UTF-8"?>
<includes>
	<variable name="description">
		<value condition="Container.Content(Addons)">$INFO[ListItem.Property(Addon.Description)]</value>
		<value condition="Container.Content(Artists)">$INFO[ListItem.Property(Artist_Description)]</value>
		<value condition="Container.Content(Albums)">$INFO[ListItem.Property(Album_Description)]</value>
	</variable>
	<include name="RightList_Addons">
		<control type="group">
			<include>openclose</include>
			<visible>Control.IsVisible(722)+!Control.HasFocus(666)</visible>
			<include>BlackGrunge</include>
		</control>
		<control type="group">
			<include>opencloseslideleft</include>
			<visible>Control.IsVisible(722)+!Control.HasFocus(666)</visible>
			<left>710</left>
			<top>0</top>
			<control type="image">
				<left>0</left>
				<top>-5</top>
				<width>560</width>
				<height>730</height>
				<colordiffuse>grey2</colordiffuse>
				<texture background="true">Underlay2.png</texture>
			</control>
			<control type="image">
				<left>15</left>
				<top>655</top>
				<width>530</width>
				<height>2</height>
				<colordiffuse>menudiffuse</colordiffuse>
				<texture background="true">Separator1.png</texture>
			</control>
			<control type="list" id="722">
				<left>0</left>
				<top>55</top>
				<width>560</width>
				<height>597</height>
				<onleft>9000</onleft>
				<onright condition="[Skin.HasSetting(HideJumpSMSBar)|Container.Content(episodes)|Container.Content(seasons)]+Control.IsVisible(60)">60</onright>
				<onright condition="[Skin.HasSetting(HideJumpSMSBar)|Container.Content(episodes)|Container.Content(seasons)]+!Control.IsVisible(60)">SetFocus(732)</onright>
				<onright condition="!Skin.HasSetting(HideJumpSMSBar)+!Container.Content(episodes)+!Container.Content(seasons)">15000</onright>
				<onup>722</onup>
				<ondown>722</ondown>
				<viewtype label="RightList">list</viewtype>
				<pagecontrol>60</pagecontrol>
				<scrolltime>200</scrolltime>
				<visible>![Container.Content(Sets)|Container.Content(Musicvideos)|Container.Content(Movies)|Container.Content(TVShows)|Container.Content(Episodes)|Container.Content(Seasons)]</visible>
				<itemlayout width="560" height="35">
					<control type="label">
						<left>20</left>
						<width>500</width>
						<height>44</height>
						<align>left</align>
						<textcolor>grey</textcolor>
						<shadowcolor>-</shadowcolor>
						<label>$INFO[ListItem.Label]</label>
					</control>
					<control type="label">
						<left>540</left>
						<width>250</width>
						<height>44</height>
						<align>right</align>
						<font>ubuntu-r16b</font>
						<textcolor>grey</textcolor>
						<shadowcolor>-</shadowcolor>
						<label>$INFO[ListItem.Label2,- ]</label>
						<visible>!Container.Content(Addons)</visible>
					</control>
					<control type="label">
						<left>540</left>
						<width>250</width>
						<height>44</height>
						<align>right</align>
						<font>ubuntu-r16b</font>
						<textcolor>grey</textcolor>
						<shadowcolor>-</shadowcolor>
						<label>$INFO[ListItem.Property(Addon.Status)]$INFO[ListItem.Property(Addon.Version), (,) ]</label>
						<visible>Container.Content(Addons)</visible>
					</control>
				</itemlayout>
				<focusedlayout width="560" height="35">
					<control type="group">
						<include>focuseffect</include>
						<control type="image">
							<left>0</left>
							<top>5</top>
							<width>560</width>
							<height>33</height>
							<texture border="5">buttons/ButtonFO.png</texture>
							<visible>Control.HasFocus(722)</visible>
						</control>
						<control type="image">
							<left>0</left>
							<top>5</top>
							<width>560</width>
							<height>33</height>
							<colordiffuse>fanartdiffuse</colordiffuse>
							<texture border="5">buttons/ButtonFO.png</texture>
							<visible>!Control.HasFocus(722)</visible>
						</control>
						<control type="label">
							<left>20</left>
							<width>500</width>
							<height>44</height>
							<align>left</align>
							<textcolor>black</textcolor>
							<selectedcolor>$VAR[SelectedColor]</selectedcolor>
							<label>$INFO[ListItem.Label]</label>
						</control>
						<control type="label">
							<left>540</left>
							<top>7</top>
							<width>250</width>
							<align>right</align>
							<font>ubuntu-r16b</font>
							<textcolor>black</textcolor>
							<selectedcolor>$VAR[SelectedColor]</selectedcolor>
							<label>$INFO[ListItem.Label2,- ]</label>
							<visible>!Container.Content(Addons)</visible>
						</control>
						<control type="label">
							<left>540</left>
							<top>7</top>
							<width>250</width>
							<align>right</align>
							<font>ubuntu-r16b</font>
							<textcolor>black</textcolor>
							<selectedcolor>$VAR[SelectedColor]</selectedcolor>
							<label>$INFO[ListItem.Property(Addon.Status)]$INFO[ListItem.Property(Addon.Version), (,) ]</label>
							<visible>Container.Content(Addons)</visible>
						</control>
					</control>
				</focusedlayout>
			</control>
			<control type="scrollbar" id="60">
				<left>11r</left>
				<top>55</top>
				<height>595</height>
				<onleft>722</onleft>
				<onright>732</onright>
				<showonepage>false</showonepage>
				<orientation>vertical</orientation>
				<visible>Skin.HasSetting(HideJumpSMSBar)|Container.Content(episodes)</visible>
			</control>
		</control>
		<control type="group">
			<include>opencloseslideright</include>
			<visible>Control.IsVisible(722)+!Control.HasFocus(666)</visible>
			<control type="group">
				<control type="image">
					<left>15</left>
					<top>375</top>
					<width>680</width>
					<height>2</height>
					<colordiffuse>menudiffuse</colordiffuse>
					<texture background="true">Separator1.png</texture>
				</control>
				<control type="image">
					<left>15</left>
					<top>655</top>
					<width>680</width>
					<height>2</height>
					<colordiffuse>menudiffuse</colordiffuse>
					<texture background="true">Separator1.png</texture>
				</control>
				<control type="label">
					<left>20</left>
					<top>353</top>
					<width>680</width>
					<height>20</height>
					<label>$LOCALIZE[21863]: $INFO[ListItem.Property(Addon.Creator)]</label>
					<visible>!IsEmpty(ListItem.Property(Addon.Creator))</visible>
				</control>
				<control type="label">
					<left>20</left>
					<top>353</top>
					<width>680</width>
					<height>20</height>
					<label>$LOCALIZE[345]: $INFO[ListItem.Year]</label>
					<visible>!IsEmpty(ListItem.Year)</visible>
				</control>
			</control>
			<control type="group">
				<control type="image">
					<left>20</left>
					<top>390</top>
					<width>660</width>
					<height>250</height>
					<fadetime>FadeTime</fadetime>
					<aspectratio align="left">keep</aspectratio>
					<texture background="true" fallback="FallbackCover.png">$INFO[ListItem.Icon]</texture>
					<bordertexture border="5">buttons/ButtonNF.png</bordertexture>
					<bordersize>4</bordersize>
					<visible>![Container.Content(songs)|Container.Content(artists)|Container.Content(albums)]</visible>
				</control>
				<control type="image">
					<left>20</left>
					<top>390</top>
					<width>250</width>
					<height>250</height>
					<fadetime>FadeTime</fadetime>
					<aspectratio align="center">stretch</aspectratio>
					<texture background="true" fallback="FallbackCover.png">$INFO[ListItem.Icon]</texture>
					<bordertexture border="5">buttons/ButtonNF.png</bordertexture>
					<bordersize>4</bordersize>
					<visible>Container.Content(songs)|Container.Content(artists)|Container.Content(albums)</visible>
				</control>
				<control type="image">
					<left>280</left>
					<top>390</top>
					<width>2</width>
					<height>250</height>
					<fadetime>FadeTime</fadetime>
					<colordiffuse>menudiffuse</colordiffuse>
					<texture background="true">Separator4.png</texture>
					<visible>Container.Content(songs)|Container.Content(artists)|Container.Content(albums)</visible>
				</control>
			</control>
			<control type="group">
				<visible>!Stringcompare(ListItem.label,..)</visible>
				<include>openclosemedium</include>
				<left>290</left>
				<top>390</top>
				<control type="group">
					<control type="label">
						<left>10</left>
						<top>5</top>
						<width>380</width>
						<height>240</height>
						<font>ubuntu-r16b</font>
						<wrapmultiline>true</wrapmultiline>
						<label>$VAR[description]</label>
					</control>
					<control type="image">
						<visible>[Container.Content(Addons)+IsEmpty(ListItem.Property(Addon.Description))]|[Container.Content(Albums)+IsEmpty(ListItem.Property(Album_Description))]|[Container.Content(Artists)+IsEmpty(ListItem.Property(Artist_Description))]|Container.Content(Songs)</visible>
						<left>2</left>
						<top></top>
						<width>395</width>
						<height>250</height>
						<aspectratio align="center" aligny="center">scale</aspectratio>
						<texture background="true">$INFO[ListItem.Art(fanart)]</texture>
						<bordertexture border="5">buttons/ButtonNF.png</bordertexture>
						<bordersize>4</bordersize>
					</control>
				</control>
			</control>
			<control type="image">
				<include>openclosevisible</include>
				<left>95</left>
				<top>60</top>
				<width>520</width>
				<height>290</height>
				<aspectratio>keep</aspectratio>
				<fadetime>FadeTime</fadetime>
				<texture background="true">$INFO[Skin.String(Music_Folder_Path)]$INFO[ListItem.Artist,,/logo.png]</texture>
				<visible>Container.Content(songs)|Container.Content(artists)|Container.Content(albums)</visible>
				<visible>Skin.HasSetting(music_art)</visible>
			</control>
		</control>
		<control type="group">
			<visible>Control.IsVisible(722)+!Control.HasFocus(666)</visible>
			<include>opencloseslideup</include>
			<include>CommonPageCount</include>
		</control>
		<control type="group">
			<visible>Control.IsVisible(722)+!Control.HasFocus(666)</visible>
			<include>opencloseslideup</include>
			<left>15</left>
			<top>655</top>
			<control type="grouplist">
				<left>5</left>
				<top>20</top>
				<width>660</width>
				<height>30</height>
				<itemgap>4</itemgap>
				<align>left</align>
				<scrolltime tween="sine" easing="out">200</scrolltime>
				<orientation>horizontal</orientation>
				<include>FlagMusic</include>
				<visible>Container.Content(songs)|Container.Content(artists)|Container.Content(albums)</visible>
			</control>
		</control>
		<control type="group">
			<visible>Control.IsVisible(722)+!Control.HasFocus(666)</visible>
			<include condition="!Skin.HasSetting(HideJumpSMSBar)">AlphaBarV</include>
		</control>
	</include>
</includes>