<?xml version="1.0" encoding="UTF-8"?>
<includes>
    <include name="Viewtype_Episode">
		<control type="group">
			<visible>Control.IsVisible(515)+!Control.HasFocus(666)</visible>
			<control type="button" id="444">
				<enable>false</enable>
				<include>HiddenButton</include>
				<visible>Control.IsVisible(515)+!Control.HasFocus(666)+Window.IsVisible(videos)</visible>
			</control>
			<control type="group">
				<visible>Control.IsVisible(515)+!Control.HasFocus(666)</visible>
				<include>openclosemediumnodelay</include>
				<include>BlackGrunge</include>
				<control type="image">
					<left>-200</left>
					<top>-10</top>
					<width>1480</width>
					<height>730</height>
					<texture flipx="true" background="true">SideFade.png</texture>
				</control>
			</control>
			<control type="group">
				<include>opencloseslideleft</include>
				<visible>Control.IsVisible(515)+!Control.HasFocus(666)</visible>
				<control type="fixedlist" id="515">
					<viewtype label="20359">list</viewtype>
					<left>70</left>
					<top>70</top>
					<width>1400</width>
					<height>582</height>
					<scrolltime tween="circle" easing="out">400</scrolltime>
					<orientation>vertical</orientation>
					<movement>2</movement>
					<focusposition>1</focusposition>
					<onup>515</onup>
					<ondown>515</ondown>
					<onleft condition="Control.IsVisible(2000)">2000</onleft>
					<onleft condition="!Control.IsVisible(2000)">9000</onleft>
					<onright condition="Control.IsVisible(60)">60</onright>
					<onright condition="Control.IsVisible(15000)">15000</onright>
					<onright condition="!Control.IsVisible(15000)">732</onright>
					<preloaditems>2</preloaditems>
					<pagecontrol>60</pagecontrol>
					<animation effect="slide" end="-20,0" time="300" tween="cubic" easing="inout" condition="Control.HasFocus(60)">Conditional</animation>
					<animation effect="slide" end="-40,0" time="150" tween="cubic" easing="inout" condition="Container.Content(episodes)">Conditional</animation>
					<animation effect="slide" end="-45" time="150" tween="cubic" easing="inout" condition="Container.Content(songs)">Conditional</animation>
					<visible>Window.IsVisible(videos)|Container.Content(Artists)|Container.Content(Albums)|Container.Content(songs)</visible>
					<visible>!Container.Content(files)+!Container.Content(Addons)</visible>
						<include condition="Window.IsActive(musiclibrary)">EpisodeViewtypeMusicLayouts</include>
						<include condition="!Window.IsActive(musiclibrary)">EpisodeViewtypeVideoLayouts</include>
				</control>
				<control type="scrollbar" id="60">
					<animation effect="slide" end="-20,0" time="300">Focus</animation>
					<left>1280</left>
					<top>65</top>
					<height>580</height>
					<orientation>vertical</orientation>
					<onleft>515</onleft>
					<onright condition="Control.IsVisible(15000)">15000</onright>
					<onright condition="!Control.IsVisible(15000)">732</onright>
					<showonepage>false</showonepage>
				</control>
			</control>
			<control type="group">
				<include>opencloseslideright</include>
				<visible>Control.IsVisible(515)+!Control.HasFocus(666)</visible>
				<control type="group">
					<left>35</left>
					<top>475</top>
					<animation effect="slide" start="0" end="250" time="150" condition="!Skin.HasSetting(Episode_HideCover)">Conditional</animation>
					<control type="image" id="3200">
						<include>openclosevisible</include>
						<left>20</left>
						<top>0</top>
						<width>250</width>
						<height>170</height>
						<aspectratio align="center" aligny="bottom">keep</aspectratio>
						<fadetime>FadeTime</fadetime>
						<texture background="true">$VAR[extraart_tvshow_rule]</texture>
						<visible>!IsEmpty(Control.GetLabel(3200))</visible>
						<visible>Skin.HasSetting(tvshow_art)</visible>
					</control>
					<control type="image" id="3201">
						<include>openclosevisible</include>
						<left>20</left>
						<top>0</top>
						<width>250</width>
						<height>170</height>
						<aspectratio align="center" aligny="bottom">keep</aspectratio>
						<fadetime>FadeTime</fadetime>
						<texture background="true">$VAR[extraart_rule]</texture>
						<visible>!IsEmpty(Control.GetLabel(3201))</visible>
						<visible>Skin.HasSetting(video_art)</visible>
					</control>
				</control>
				<control type="image">
					<animation effect="slide" start="0" end="150" time="200" condition="Skin.HasSetting(extendedinfo_music)+!IsEmpty(Window(home).Property(Artist.Album.4.Thumb))">Conditional</animation>
					<include>opencloseslideright</include>
					<left>20</left>
					<top>445</top>
					<width>250</width>
					<height>200</height>
					<aspectratio align="left" aligny="bottom">keep</aspectratio>
					<texture background="true" diffuse="masks/flagging_mask.png">$INFO[Skin.String(Music_Folder_Path)]$INFO[ListItem.Artist,,/logo.png]</texture>
					<fadetime>FadeTime</fadetime>
					<visible>Skin.HasSetting(music_art)</visible>
					<visible>Window.IsActive(musiclibrary)</visible>
				</control>
				<control type="group"> <!-- Case -->
					<visible>Window.IsActive(videos)</visible>
					<visible>!Skin.HasSetting(Episode_HideCover)</visible>
					<visible>!Stringcompare(ListItem.label,..)</visible>
					<visible>!ListItem.IsCollection</visible>
					<include>opencloseslideright</include>
					<control type="group" id="5">
						<left>0</left>
						<top>335</top>
						<control type="group">
							<left>20</left>
							<top>2</top>
							<visible>!Skin.HasSetting(hideMovieCases)</visible>
							<include>opencloseslideright</include>
							<control type="image">
								<description>case by resolution</description>
								<left>25</left>
								<top>3</top>
								<width>215</width>
								<height>306</height>
								<fadetime>FadeTime</fadetime>
								<texture background="true" diffuse="clear-cases/clearcase_inlay.png" fallback="FallbackCover.png">$INFO[ListItem.Icon]</texture>
								<aspectratio>stretch</aspectratio>
								<visible>!Container.Content(Episodes)|IsEmpty(ListItem.Art(tvshow.poster))</visible>
							</control>
							<control type="image">
								<description>case by resolution</description>
								<left>25</left>
								<top>3</top>
								<width>215</width>
								<height>306</height>
								<fadetime>FadeTime</fadetime>
								<texture background="true" diffuse="clear-cases/clearcase_inlay.png" fallback="FallbackCover.png">$INFO[ListItem.Art(tvshow.poster)]</texture>
								<aspectratio>stretch</aspectratio>
								<visible>Container.Content(Episodes)+!IsEmpty(ListItem.FileExtension)</visible>
							</control>
							<control type="image">
								<description>case by resolution</description>
								<left>0</left>
								<top>0</top>
								<width>242</width>
								<height>312</height>
								<fadetime>FadeTime</fadetime>
								<texture background="true" fallback="clear-cases/fallback.png">$VAR[clearcase]</texture>
							</control>
						</control>
						<control type="group">
							<visible>Skin.HasSetting(hideMovieCases)</visible>
							<include>opencloseslideright</include>
							<control type="image" id="5">
								<description>Movie cover image</description>
								<left>23</left>
								<top>0</top>
								<width>228</width>
								<height>312</height>
								<fadetime>FadeTime</fadetime>
								<texture background="true" fallback="FallbackCover.png">$INFO[ListItem.Icon]</texture>
								<aspectratio>stretch</aspectratio>
								<bordertexture border="5">buttons/ButtonNF.png</bordertexture>
								<bordersize>4</bordersize>
								<visible>!Container.Content(Episodes)|IsEmpty(ListItem.Art(tvshow.poster))</visible>
							</control>
							<control type="image" id="6">
								<description>Movie cover image</description>
								<left>23</left>
								<top>0</top>
								<width>228</width>
								<height>312</height>
								<fadetime>FadeTime</fadetime>
								<texture background="true">$INFO[ListItem.Art(tvshow.poster)]</texture>
								<aspectratio>stretch</aspectratio>
								<bordertexture border="5">buttons/ButtonNF.png</bordertexture>
								<bordersize>4</bordersize>
								<visible>Container.Content(Episodes)</visible>
							</control>
						</control>
					</control>
				</control>
			</control>
			<control type="group">
				<visible>Control.IsVisible(515)+!Control.HasFocus(666)</visible>
				<visible>!Stringcompare(ListItem.label,..)</visible>
				<include>opencloseslideup</include>
				<control type="group">
					<left>740</left>
					<top>55</top>
					<control type="image">
						<visible>Skin.HasSetting(fsk_original)|Skin.HasSetting(fsk_dual)</visible>
						<left>40</left>
						<top>615</top>
						<width>150</width>
						<height>40</height>
						<aspectratio align="right" aligny="bottom">keep</aspectratio>
						<texture background="true">$VAR[Furniture_VideoRating]</texture>
					</control>
				</control>
			</control>
			<control type="group"> <!-- Set Information -->
				<visible>Control.IsVisible(515)+!Control.HasFocus(666)</visible>
				<control type="grouplist">
					<left>20</left>
					<top>571</top>
					<width>1240</width>
					<height>90</height>
					<itemgap>5</itemgap>
					<visible>ListItem.IsCollection</visible>
					<include>openclosevisible</include>
					<control type="group">
						<left>20</left>
						<top>60</top>
						<include>MovieSetInformationCover</include>
						<visible>ListItem.IsCollection</visible>
						<include>openclosevisible</include>
					</control>
				</control>
				<control type="label">
					<left>0</left>
					<top>660</top>
					<width>1280</width>
					<height>50</height>
					<align>center</align>
					<textcolor>grey1</textcolor>
					<font>impacted21</font>
					<label>$LOCALIZE[20161]$INFO[Container(2000).NumItems,: [COLOR=white],[/COLOR]]</label>
					<visible>ListItem.IsCollection</visible>
					<include>openclosevisible</include>
				</control>
			</control>
			<control type="group"> <!-- extended info -->
				<visible>Control.IsVisible(515)+!Control.HasFocus(666)</visible>
				<include>opencloseslideright</include>
				<visible>!Stringcompare(ListItem.label,..)</visible>
				<include>MusicExtendedInfoStripe_vertical</include>
			</control>
			<control type="image">
				<description>Separator</description>
				<visible>Control.IsVisible(515)+!Control.HasFocus(666)</visible>
				<include>opencloseslideup</include>
				<left>20</left>
				<top>660</top>
				<width>1240</width>
				<height>2</height>
				<colordiffuse>fanartdiffuse</colordiffuse>
				<texture border="1" background="true">Separator1.png</texture>
			</control>
			<control type="group">
				<visible>Control.IsVisible(515)+!Control.HasFocus(666)</visible>
				<include>CommonPageCount</include>
			</control>
			<control type="group">
				<include>opencloseslideup</include>
				<visible>!Stringcompare(ListItem.label,..)</visible>
				<visible>Control.IsVisible(515)+!Control.HasFocus(666)</visible>
				<left>15</left>
				<top>655</top>
				<control type="grouplist">
					<left>5</left>
					<top>20</top>
					<width>860</width>
					<height>28</height>
					<itemgap>4</itemgap>
					<align>left</align>
					<scrolltime tween="sine" easing="out">200</scrolltime>
					<orientation>horizontal</orientation>
					<include condition="Window.IsActive(videolibrary)">FlagVideo</include>
					<include condition="Window.IsActive(videolibrary)">FlagVideoAudioStream1</include>
					<include condition="Window.IsActive(videolibrary)">FlagVideoAudioStream2</include>
					<include condition="Window.IsActive(videolibrary)">FlagVideoSubtitles</include>
					<include condition="Window.IsActive(videolibrary)">FlagVideoStudio</include>
					<include condition="Window.IsActive(musiclibrary)">FlagMusic</include>
				</control>
			</control>
			<control type="group">
				<visible>Control.IsVisible(515)+!Control.HasFocus(666)</visible>
				<include condition="!Skin.HasSetting(HideJumpSMSBar)">AlphaBarV</include>
			</control>
        </control>
    </include>
    <include name="EpisodeViewtypeMusicLayouts">
        <itemlayout width="1400" height="50">
            <control type="group">
				<left>45</left>
				<top>0</top>
				<visible>!Stringcompare(ListItem.label,..)</visible>
				<control type="label">
					<left>1180</left>
					<width>40</width>
					<height>30</height>
					<align>center</align>
					<label>$INFO[ListItem.TrackNumber]</label>
					<aligny>bottom</aligny>
					<visible>Container.Content(songs)</visible>
				</control>
				<control type="label">
					<left>450</left>
					<width>690</width>
					<height>30</height>
					<align>right</align>
					<aligny>bottom</aligny>
					<label>$VAR[OriginalTitle]</label>
				</control>
				<control type="label">
					<left>450</left>
					<top>25</top>
					<width>690</width>
					<height>45</height>
					<align>right</align>
					<aligny>bottom</aligny>
					<label>$VAR[InfoWallBottomLabel1Var]$INFO[ListItem.Rating, • ]</label>
					<font>font16</font>
					<textcolor>grey</textcolor>
				</control>
            </control>
        </itemlayout>
        <focusedlayout width="1400" height="210">
            <control type="group">
				<left>45</left>
				<top>0</top>
				<control type="image">
					<left>950</left>
					<width>200</width>
					<height>200</height>
					<texture background="true" diffuse="masks/mask.png" fallback="FallbackCover.png">$INFO[ListItem.Icon]</texture>
					<bordertexture border="8">ThumbShadowWhite.png</bordertexture>
					<bordersize>7</bordersize>
					<aspectratio>scale</aspectratio>
					<fadetime>FadeTime</fadetime>
				</control>
				<control type="label">
					<left>1180</left>
					<top>90</top>
					<width>40</width>
					<height>30</height>
					<align>center</align>
					<label>$INFO[ListItem.TrackNumber]</label>
					<aligny>bottom</aligny>
					<visible>Container.Content(songs)</visible>
				</control>
				<control type="group">
					<animation type="Conditional" reversible="false" condition="Control.HasFocus(515) + [!Container(515).OnNext + !Container(515).OnPrevious]">
						<effect type="fade" end="100" time="200" />
					</animation>
					<left>110</left>
					<top>10</top>
					<visible>!Stringcompare(ListItem.label,..)</visible>
					<control type="label">
						<left>0</left>
						<top>0</top>
						<width>825</width>
						<align>right</align>
						<aligny>bottom</aligny>
						<scrollspeed>40</scrollspeed>
						<textcolor>focused</textcolor>
						<label>$INFO[ListItem.Label]</label>
						<font>ubuntu-r26b</font>
						<visible>!Container.Content(songs)</visible>
					</control>
					<control type="label">
						<left>0</left>
						<top>0</top>
						<width>825</width>
						<align>right</align>
						<aligny>bottom</aligny>
						<scrollspeed>40</scrollspeed>
						<textcolor>focused</textcolor>
						<label>$INFO[ListItem.Title]</label>
						<font>ubuntu-r26b</font>
						<visible>Container.Content(songs)</visible>
					</control>
					<control type="label">
						<left>0</left>
						<top>35</top>
						<width>825</width>
						<height>90</height>
						<align>right</align>
						<aligny>bottom</aligny>
						<label>$VAR[InfoWallBottomLabel1Var]$INFO[ListItem.Genre, • ]</label>
						<font>ubuntu-r16b</font>
						<textcolor>grey</textcolor>
					</control>
					<control type="textbox">
						<left>0</left>
						<top>65</top>
						<width>825</width>
						<height>110</height>
						<align>right</align>
						<include condition="!Skin.HasSetting(BigPlotText)">PlotText16Var</include>
						<include condition="Skin.HasSetting(BigPlotText)">PlotTextBigVar</include>
						<label>$VAR[InfoWallTextboxVar]</label>
					</control>
				</control>
            </control>
        </focusedlayout>
    </include>
    <include name="EpisodeViewtypeVideoLayouts">
        <itemlayout width="700" height="60" condition="![Skin.HasSetting(episodebanner)|Skin.HasSetting(episodelogo)]|Container.Content(episodes)">
			<control type="group">
				<top>5</top>
				<control type="label">
					<left>450</left>
					<width>690</width>
					<height>45</height>
					<align>right</align>
					<aligny>bottom</aligny>
                    <label>$VAR[OriginalTitle]</label>
				</control>
				<control type="label">
					<left>450</left>
					<top>25</top>
					<width>690</width>
					<height>45</height>
					<aligny>bottom</aligny>
					<align>right</align>
					<label>$VAR[EpisodeSubTitleVar]</label>
					<font>font16</font>
					<textcolor>grey</textcolor>
				</control>
				<control type="group">
					<animation effect="slide" end="-46" condition="!Container.Content(episodes)">Conditional</animation>
					<control type="image">
						<left>1211</left>
						<top>7</top>
						<width>30</width>
						<height>30</height>
						<texture background="true">$INFO[ListItem.Overlay]</texture>
						<visible>!ListItem.IsResumable</visible>
					</control>
					<control type="image">
						<left>1211</left>
						<top>7</top>
						<width>30</width>
						<height>30</height>
						<texture background="true">OverlayWatching.png</texture>
						<visible>ListItem.IsResumable</visible>
					</control>
				</control>
				<control type="label">
					<left>1136</left>
					<top>0</top>
					<width>80</width>
					<height>45</height>
					<align>center</align>
					<font>ubuntu-r26b</font>
					<label>$INFO[ListItem.Episode]</label>
					<textcolor>white</textcolor>
					<visible>Container.Content(episodes)</visible>
				</control>
            </control>
        </itemlayout>
        <itemlayout width="700" height="78" condition="Skin.HasSetting(episodebanner)+!Container.Content(episodes)">
            <control type="group">
                <top>-5</top>
				<control type="image">
					<left>724</left>
					<top>0</top>
					<width>425</width>
					<height>90</height>
					<aspectratio align="right">stretch</aspectratio>
					<colordiffuse>grey1</colordiffuse>
					<texture fallback="FallbackBanner2.png">$VAR[BannerThumb]</texture>
					<bordertexture border="8">ThumbShadow.png</bordertexture>
					<visible>!Stringcompare(ListItem.label,..)</visible>
					<bordersize>7</bordersize>
					<visible>!StringCompare(ListItem.Label,..)</visible>
					<visible>![IsEmpty(ListItem.VideoCodec)+!SubString(ListItem.Label,..,left)+ListItem.IsCollection]</visible>
					<visible>[Container.Content(tvshows)|Container.Content(seasons)|Container.Content(episodes)]+Skin.HasSetting(tvshow_art)
					|![Container.Content(tvshows)|Container.Content(seasons)|Container.Content(episodes)]+Skin.HasSetting(video_art)</visible>
				</control>
				<control type="image">
					<left>724</left>
					<top>0</top>
					<width>425</width>
					<height>90</height>
					<aspectratio align="right">stretch</aspectratio>
					<colordiffuse>orange</colordiffuse>
					<texture>SetBanner.png</texture>
					<visible>IsEmpty(ListItem.Art(banner))</visible>
					<visible>[IsEmpty(ListItem.VideoCodec)+!SubString(ListItem.Label,..,left)+ListItem.IsCollection]</visible>
					<visible>[Container.Content(tvshows)|Container.Content(seasons)|Container.Content(episodes)]+Skin.HasSetting(tvshow_art)
					|![Container.Content(tvshows)|Container.Content(seasons)|Container.Content(episodes)]+Skin.HasSetting(video_art)</visible>
					<bordertexture border="8">ThumbShadow.png</bordertexture>
					<bordersize>7</bordersize>
				</control>
				<control type="label">
					<left>735</left>
					<top>30</top>
					<width>400</width>
					<height>30</height>
					<align>right</align>
					<font>ubuntu-r21b</font>
					<shadowcolor>black</shadowcolor>
					<label>$VAR[OriginalTitle]</label>
					<visible>IsEmpty(ListItem.Art(banner))|[Container.Content(TVShows)+IsEmpty(ListItem.Art(tvshow.banner))]</visible>
				</control>
				<control type="image">
					<left>1160</left>
					<top>30</top>
					<width>30</width>
					<height>30</height>
					<texture background="true">$INFO[ListItem.Overlay]</texture>
					<visible>!ListItem.IsResumable</visible>
				</control>
				<control type="image">
					<left>1160</left>
					<top>30</top>
					<width>30</width>
					<height>30</height>
					<texture background="true">OverlayWatching.png</texture>
					<visible>ListItem.IsResumable</visible>
				</control>
            </control>
        </itemlayout>
        <itemlayout width="700" height="120" condition="Skin.HasSetting(episodelogo)+!Container.Content(episodes)">
			<control type="image">
				<left>804</left>
				<top>5</top>
				<width>346</width>
				<height>110</height>
				<aspectratio align="right">keep</aspectratio>
				<fadetime>FadeTime</fadetime>
				<texture background="true">$INFO[ListItem.Art(clearlogo)]</texture>
			</control>
			<control type="label">
				<left>450</left>
				<top>30</top>
				<width>690</width>
				<height>30</height>
				<align>right</align>
				<font>ubuntu-r26b</font>
				<label>$VAR[OriginalTitle]</label>
				<visible>IsEmpty(ListItem.Art(clearlogo))</visible>
			</control>
			<control type="image">
				<left>1160</left>
				<top>30</top>
				<width>30</width>
				<height>30</height>
				<texture background="true">$INFO[ListItem.Overlay]</texture>
				<visible>!ListItem.IsResumable</visible>
			</control>
			<control type="image">
				<left>1160</left>
				<top>30</top>
				<width>30</width>
				<height>30</height>
				<texture background="true">OverlayWatching.png</texture>
				<visible>ListItem.IsResumable</visible>
			</control>
        </itemlayout>
        <focusedlayout width="700" height="220" condition="!Container.Content(episodes)">
            <control type="group">
				<top>8</top>
				<animation effect="fade" end="100" time="400">Focus</animation>
				<control type="group">
					<left>1000</left>
					<top>0</top>
					<control type="image">
						<left>0</left>
						<top>0</top>
						<width>150</width>
						<height>206</height>
						<texture background="true" fallback="FallbackCover.png">$VAR[PosterThumb]</texture>
						<bordertexture border="8">ThumbShadowWhite.png</bordertexture>
						<bordersize>8</bordersize>
						<aspectratio>stretch</aspectratio>
						<fadetime>800</fadetime>
					</control>
					<control type="group">
						<left>8</left>
						<top>8</top>
						<include>Amazon_Flagg_Small_Focus</include>
					</control>
					<control type="group">
						<left>110</left>
						<top>168</top>
						<include>UnwatchedIcon</include>
					</control>
					<control type="image">
						<left>160</left>
						<top>85</top>
						<width>30</width>
						<height>30</height>
						<texture background="true">$INFO[ListItem.Overlay]</texture>
						<visible>!ListItem.IsResumable</visible>
					</control>
					<control type="image">
						<left>160</left>
						<top>85</top>
						<width>30</width>
						<height>30</height>
						<texture background="true">OverlayWatching.png</texture>
						<visible>ListItem.IsResumable</visible>
					</control>
				</control>
				<control type="group">
					<left>270</left>
					<top>0</top>
					<control type="label">
						<left>0</left>
						<top>5</top>
						<align>right</align>
						<width>720</width>
						<font>ubuntu-r26b</font>
						<scrollspeed>40</scrollspeed>
						<label>$VAR[OriginalTitle]</label>
						<visible>!StringCompare(ListItem.label,..)</visible>
					</control>
					<control type="label">
						<left>0</left>
						<top>40</top>
						<width>600</width>
						<align>right</align>
						<label>$VAR[EpisodeSubTitleVar]$INFO[ListItem.Votes, • $LOCALIZE[205] ,]</label>
						<font>ubuntu-r16b</font>
						<aligny>top</aligny>
						<textcolor>grey</textcolor>
						<visible>!IsEmpty(ListItem.Title)</visible>
					</control>
					<control type="image">
						<description>Rated</description>
						<left>600</left>
						<top>40</top>
						<width>120</width>
						<height>20</height>
						<fadetime>FadeTime</fadetime>
						<texture>$INFO[ListItem.Rating,LeftRatingVideo/,.png]</texture>
					</control>
					<control type="textbox">
						<left>0</left>
						<top>65</top>
						<width>720</width>
						<height>132</height>
						<align>right</align>
						<info>ListItem.Plot</info>
						<font>ubuntu-r16b</font>
					</control>
				</control>
            </control>
        </focusedlayout>
        <focusedlayout width="700" height="220" condition="Container.Content(episodes)">
            <control type="image">
                <left>804</left>
                <top>0</top>
                <width>346</width>
                <height>206</height>
                <texture background="true">$INFO[ListItem.Icon]</texture>
                <bordertexture border="8">ThumbShadowWhite.png</bordertexture>
                <bordersize>8</bordersize>
                <aspectratio scalediffuse="false">scale</aspectratio>
				<fadetime>FadeTime</fadetime>
				<visible>!Stringcompare(ListItem.label,..)</visible>
            </control>
            <control type="image">
                <left>804</left>
                <top>0</top>
                <width>346</width>
                <height>206</height>
                <texture background="true">$INFO[ListItem.Icon]</texture>
                <aspectratio align="right" scalediffuse="false">keep</aspectratio>
				<fadetime>FadeTime</fadetime>
				<visible>Stringcompare(ListItem.label,..)</visible>
            </control>
			<control type="image">
				<left>1211</left>
				<top>87</top>
				<width>30</width>
				<height>30</height>
				<texture background="true">$INFO[ListItem.Overlay]</texture>
				<visible>!ListItem.IsResumable</visible>
			</control>
			<control type="image">
				<left>1211</left>
				<top>87</top>
				<width>30</width>
				<height>30</height>
				<texture background="true">OverlayWatching.png</texture>
				<visible>ListItem.IsResumable</visible>
			</control>
            <control type="label">
                <left>1136</left>
                <top>80</top>
                <width>80</width>
                <height>45</height>
                <align>center</align>
				<font>ubuntu-r26b</font>
                <label>$INFO[ListItem.Episode]</label>
                <textcolor>white</textcolor>
                <visible>Container.Content(episodes)</visible>
            </control>
			<control type="group">
				<left>812</left>
				<top>8</top>
				<include>Amazon_Flagg_Small_Focus</include>
			</control>
            <control type="group">
                <left>60</left>
				<top>5</top>
                <animation type="Conditional" reversible="false" condition="Control.HasFocus(515) + [!Container(515).OnNext + !Container(515).OnPrevious]">
                    <effect type="fade" end="100" time="1000" />
                </animation>
                <control type="label">
                    <left>220</left>
                    <top>0</top>
                    <align>right</align>
                    <width>520</width>
					<font>ubuntu-r26b</font>
                    <scrollspeed>40</scrollspeed>
                    <label>$VAR[OriginalTitle]</label>
                    <aligny>bottom</aligny>
					<visible>!StringCompare(ListItem.label,..)</visible>
                </control>
                <control type="label">
                    <left>220</left>
                    <top>35</top>
                    <width>400</width>
                    <align>right</align>
                    <aligny>bottom</aligny>
                    <label>$VAR[EpisodeSubTitleVar]$INFO[ListItem.Votes, • $LOCALIZE[205] ,]</label>
                    <font>ubuntu-r16b</font>
                    <textcolor>grey</textcolor>
                </control>
				<control type="image">
					<description>Rated</description>
                    <left>620</left>
                    <top>35</top>
					<width>120</width>
					<height>20</height>
					<fadetime>FadeTime</fadetime>
					<texture background="true">$INFO[ListItem.Rating,LeftRatingVideo/,.png]</texture>
				</control>
                <control type="textbox">
                    <left>220</left>
                    <top>60</top>
                    <width>520</width>
                    <height>132</height>
                    <align>right</align>
                    <info>ListItem.Plot</info>
                    <font>ubuntu-r16b</font>
                </control>
            </control>
        </focusedlayout>
    </include>
</includes>