<?xml version="1.0" encoding="UTF-8"?>
<includes>	
	<include name="DiscFlow_Music">
		<control type="group">
			<include>openclose</include>
			<include>openclosevisible</include>
			<visible>Control.IsVisible(570)+!Control.HasFocus(666)</visible>
			<include>WhiteGrunge</include>
			<include>VideoGrid</include>
		</control>
		<control type="group">
			<include>openclose</include>
			<include>opencloseslideleft</include>
			<visible>Control.IsVisible(570)+!Control.HasFocus(666)</visible>
			<control type="group">
				<control type="group">
					<animation effect="rotate" center="auto" start="0" end="7" time="0" condition="true">Conditional</animation>
					<left>-230</left>
					<top>110</top>
					<include>ScrollOffsetLabel</include>
				</control>
				<control type="image">
					<include>opencloseslideleft</include>
					<animation effect="rotate" center="auto" start="0" end="360" time="22000" loop="true" condition="true">Conditional</animation>
					<left>410r</left>
					<top>310</top>
					<width>800</width>
					<height>800</height>
					<fadetime>FadeTime</fadetime>
					<texture background="true" fallback="cdart/default_glass.png" diffuse="masks/cdart_mask.png">$INFO[Skin.String(Music_Folder_Path),,../]$INFO[ListItem.Artist,,/]$INFO[ListItem.Album,,/cdart.png]</texture>
					<visible>Skin.HasSetting(music_art)</visible>
					<visible>!Container.Content(songs)</visible>
				</control>
				<control type="image">
					<include>opencloseslideleft</include>
					<animation effect="rotate" center="auto" start="0" end="360" time="22000" loop="true" condition="true">Conditional</animation>
					<left>410r</left>
					<top>310</top>
					<width>800</width>
					<height>800</height>
					<fadetime>FadeTime</fadetime>
					<texture background="true" fallback="cdart/default_glass.png" diffuse="masks/cdart_mask.png">$INFO[ListItem.Path,,cdart.png]</texture>
					<visible>Skin.HasSetting(music_art)</visible>
					<visible>Container.Content(songs)</visible>
				</control>
				<control type="image">
					<include>opencloseslideleft</include>
					<animation effect="rotate" center="auto" start="0" end="360" time="22000" loop="true" condition="true">Conditional</animation>
					<left>410r</left>
					<top>310</top>
					<width>800</width>
					<height>800</height>
					<fadetime>FadeTime</fadetime>
					<aspectratio>keep</aspectratio>
					<texture background="true">cdart/default_glass.png</texture>
					<visible>!Skin.HasSetting(music_art)</visible>
				</control>
			</control>
		</control>
		<control type="group">
			<include>openclosevisible</include>
			<visible>Control.IsVisible(570)+!Control.HasFocus(666)</visible>
			<control type="image">
				<visible>Skin.HasSetting(music_art)+!IsEmpty(Control.GetLabel(5700))</visible>
				<include>openclosevisible</include>
				<left>641</left>
				<top>123</top>
				<width>210</width>
				<height>117</height>
				<texture background="true">Black.png</texture>
			</control>
			<control type="image" id="5700">
				<visible>Skin.HasSetting(music_art)</visible>
				<include>openclosevisible</include>
				<left>646</left>
				<top>128</top>
				<width>200</width>
				<height>107</height>
				<aspectratio>keep</aspectratio>
				<texture background="true" diffuse="masks/flagging_mask.png">$INFO[Skin.String(Music_Folder_Path)]$INFO[ListItem.Artist,,/logo.png]</texture>
			</control>
		</control>
		<control type="group">
			<visible>Control.IsVisible(570)+!Control.HasFocus(666)</visible>
			<include>opencloseslideright</include>
			<control type="image">
				<left>-5</left>
				<top>-5</top>
				<width>530</width>
				<height>730</height>
				<texture background="true">DiscFlowPanel.png</texture>
			</control>
			<control type="fixedlist" id="570">
				<left>10</left>
				<top>35</top>
				<width>440</width>
				<height>636</height>
				<onleft>9000</onleft>
				<onright condition="Skin.HasSetting(HideJumpSMSBar)">732</onright>
				<onright condition="!Skin.HasSetting(HideJumpSMSBar)">15000</onright>
				<onup>570</onup>
				<ondown>570</ondown>
				<viewtype label="DiscFlow">fixed</viewtype>
				<focusposition>10</focusposition>
				<preloaditems>2</preloaditems>
				<movement>4</movement>
				<wraparound>true</wraparound>
				<scrolltime tween="Quadratic" easing="out">300</scrolltime>
				<visible>Container.Content(songs)|Container.Content(artists)|Container.Content(Albums)</visible>
				<itemlayout height="30" width="300">
					<control type="label">
						<left>0</left>
						<top>10</top>
						<width>430</width>
						<height>30</height>
						<textoffsetx>6</textoffsetx>
						<label>$INFO[ListItem.Label]</label>
					</control>
				</itemlayout>
				<focusedlayout height="50" width="430">
					<control type="group">
						<include>focuseffect</include>
						<control type="image">
							<left>0</left>
							<top>10</top>
							<width>450</width>
							<height>50</height>
							<colordiffuse>grey1</colordiffuse>
							<texture border="5" background="true">buttons/ButtonFOlightGlow.png</texture>
						</control>
						<control type="label">
							<left>0</left>
							<top>0</top>
							<width>440</width>
							<height>50</height>
							<textoffsetx>6</textoffsetx>
							<textcolor>white</textcolor>
							<label>$INFO[ListItem.Label]</label>
							<scroll>true</scroll>
						</control>
						<control type="label">
							<left>0</left>
							<top>22</top>
							<width>440</width>
							<height>50</height>
							<font>font12</font>
							<textoffsetx>6</textoffsetx>
							<textcolor>focused</textcolor>
							<label>$VAR[InfoWallBottomLabel1Var]</label>
							<scroll>true</scroll>
						</control>
					</control>
				</focusedlayout>
			</control>
		</control>
			
		<control type="group">
			<include>openclose</include>
			<include>openclosevisible</include>
			<visible>Control.IsVisible(570)+!Control.HasFocus(666)</visible>
			<control type="group"> <!-- OnNextFlow -->
				<animation effect="fade" start="100" end="0" time="250" delay="0" reversible="false">Hidden</animation>
				<left>610</left>
				<top>40</top>
				<width>600</width>
				<height>600</height>
				<control type="image">
					<visible>Container.OnNext</visible>
					<animation type="Hidden">
						<effect type="slide" start="0" end="-125,20" time="250"/>
						<effect type="rotate" center="auto" start="0" end="5" time="250"/>
					</animation>
					<animation effect="rotate" center="auto" start="0" end="5" time="0" condition="true">Conditional</animation>
					<left>700</left>
					<top>70</top>
					<width>180</width>
					<height>180</height>
					<texture background="true" diffuse="masks/mask.png">$INFO[Container(570).ListItem(4).Icon]</texture>
					<bordertexture border="1">ThumbShadow.png</bordertexture>
					<bordersize>12</bordersize>
					<aspectratio>stretch</aspectratio>
				</control>
				<control type="image">
					<visible>Container.OnNext</visible>
					<animation type="Hidden">
						<effect type="slide" start="0" end="-125,20" time="250"/>
						<effect type="rotate" center="auto" start="0" end="10" time="250"/>
					</animation>
					<animation effect="rotate" center="auto" start="0" end="5" time="0" condition="true">Conditional</animation>
					<left>575</left>
					<top>90</top>
					<width>180</width>
					<height>180</height>
					<texture background="true" diffuse="masks/mask.png">$INFO[Container(570).ListItem(3).Icon]</texture>
					<bordertexture border="1">ThumbShadow.png</bordertexture>
					<bordersize>12</bordersize>
					<aspectratio>stretch</aspectratio>
				</control>
				<control type="image">
					<visible>Container.OnNext</visible>
					<animation type="Hidden">
						<effect type="slide" start="0" end="-125,50" time="250"/>
						<effect type="rotate" center="auto" start="0" end="16" time="250"/>
					</animation>
					<animation effect="rotate" center="auto" start="0" end="15" time="0" condition="true">Conditional</animation>
					<left>450</left>
					<top>110</top>
					<width>180</width>
					<height>180</height>
					<texture background="true" diffuse="masks/mask.png">$INFO[Container(570).ListItem(2).Icon]</texture>
					<bordertexture border="1">ThumbShadow.png</bordertexture>
					<bordersize>12</bordersize>
					<aspectratio>stretch</aspectratio>
				</control>
				<control type="image">
					<visible>Container.OnNext</visible>
					<animation type="Hidden">
						<effect type="slide" start="0" end="-100,80" time="250"/>
						<effect type="rotate" center="auto" start="0" end="15" time="250"/>
					</animation>
					<animation effect="rotate" center="auto" start="0" end="31" time="0" condition="true">Conditional</animation>
					<left>325</left>
					<top>160</top>
					<width>180</width>
					<height>180</height>
					<texture background="true" diffuse="masks/mask.png">$INFO[Container(570).ListItem(1).Icon]</texture>
					<bordertexture border="1">ThumbShadow.png</bordertexture>
					<bordersize>12</bordersize>
					<aspectratio>stretch</aspectratio>
				</control>
				<control type="image">
					<visible>Container.OnNext</visible>
					<animation effect="slide" start="0" end="-260,250" time="250">Hidden</animation>
					<animation effect="rotate" center="auto" start="0" end="46" time="0" condition="true">Conditional</animation>
					<left>225</left>
					<top>240</top>
					<width>180</width>
					<height>180</height>
					<texture background="true" diffuse="masks/mask.png">$INFO[Container(570).ListItem(0).Icon]</texture>
					<bordertexture border="1">ThumbShadow.png</bordertexture>
					<bordersize>12</bordersize>
					<aspectratio>stretch</aspectratio>
				</control>
			</control>
			<control type="group">
				<animation effect="slide" start="0" end="0,800" time="500">Hidden</animation>
				<visible>Container.OnNext</visible>
				<left>605</left>
				<top>45</top>
				<control type="image">
					<left>-75</left>
					<top>350</top>
					<width>320</width>
					<height>320</height>
					<texture background="true">masks/mask_frame.png</texture>
				</control>
				<control type="image">
					<left>-60</left>
					<top>365</top>
					<width>290</width>
					<height>290</height>
					<texture background="true" diffuse="masks/mask.png">$INFO[ListItem(0).Icon]</texture>
					<aspectratio>stretch</aspectratio>
				</control>
			</control>
			<control type="group">
				<animation effect="slide" start="0,400" end="0,0" time="300" >Hidden</animation>
				<visible>Container.OnPrevious</visible>
				<left>605</left>
				<top>45</top>
				<control type="image">
					<left>-75</left>
					<top>350</top>
					<width>320</width>
					<height>320</height>
					<texture background="true">masks/mask_frame.png</texture>
				</control>
				<control type="image">
					<left>-60</left>
					<top>365</top>
					<width>290</width>
					<height>290</height>
					<texture background="true" diffuse="masks/mask.png">$INFO[ListItem(0).Icon]</texture>
					<aspectratio>stretch</aspectratio>
				</control>
			</control>
			
			<control type="group"> <!-- OnPreviousFlow -->
				<animation effect="fade" start="100" end="0" time="250" delay="0" reversible="false">Hidden</animation>
				<left>610</left>
				<top>40</top>
				<width>600</width>
				<height>600</height>
				<control type="image">
					<visible>Container.OnPrevious</visible>
					<animation type="Hidden">
						<effect type="slide" start="0" end="125,-5" time="250"/>
						<effect type="rotate" center="auto" start="0" end="-10" time="250"/>
					</animation>
					<animation effect="rotate" center="auto" start="0" end="5" time="0" condition="true">Conditional</animation>
					<left>575</left>
					<top>90</top>
					<width>180</width>
					<height>180</height>
					<texture background="true" diffuse="masks/mask.png">$INFO[Container(570).ListItem(5).Icon]</texture>
					<bordertexture border="1">ThumbShadow.png</bordertexture>
					<bordersize>12</bordersize>
					<aspectratio>stretch</aspectratio>
				</control>
				<control type="image">
					<visible>Container.OnPrevious</visible>
					<animation type="Hidden">
						<effect type="slide" start="0" end="125,-20" time="250"/>
						<effect type="rotate" center="auto" start="0" end="-10" time="250"/>
					</animation>
					<animation effect="rotate" center="auto" start="0" end="15" time="0" condition="true">Conditional</animation>
					<left>450</left>
					<top>110</top>
					<width>180</width>
					<height>180</height>
					<texture background="true" diffuse="masks/mask.png">$INFO[Container(570).ListItem(4).Icon]</texture>
					<bordertexture border="1">ThumbShadow.png</bordertexture>
					<bordersize>12</bordersize>
					<aspectratio>stretch</aspectratio>
				</control>
				<control type="image">
					<visible>Container.OnPrevious</visible>
					<animation type="Hidden">
						<effect type="slide" start="0" end="125,-55" time="250"/>
						<effect type="rotate" center="auto" start="0" end="-16" time="250"/>
					</animation>
					<animation effect="rotate" center="auto" start="0" end="31" time="0" condition="true">Conditional</animation>
					<left>325</left>
					<top>160</top>
					<width>180</width>
					<height>180</height>
					<texture background="true" diffuse="masks/mask.png">$INFO[Container(570).ListItem(3).Icon]</texture>
					<bordertexture border="1">ThumbShadow.png</bordertexture>
					<bordersize>12</bordersize>
					<aspectratio>stretch</aspectratio>
				</control>
				<control type="image">
					<visible>Container.OnPrevious</visible>
					<animation type="Hidden">
						<effect type="slide" start="0" end="100,-85" time="250"/>
						<effect type="rotate" center="auto" start="0" end="-15" time="250"/>
					</animation>
					<animation effect="rotate" center="auto" start="0" end="46" time="0" condition="true">Conditional</animation>
					<left>225</left>
					<top>240</top>
					<width>180</width>
					<height>180</height>
					<texture background="true" diffuse="masks/mask.png">$INFO[Container(570).ListItem(2).Icon]</texture>
					<bordertexture border="1">ThumbShadow.png</bordertexture>
					<bordersize>12</bordersize>
					<aspectratio>stretch</aspectratio>
				</control>
				<control type="image">
					<visible>Container.OnPrevious</visible>
					<animation effect="slide" start="0" end="225,-150" time="250">Hidden</animation>
					<animation effect="rotate" center="auto" start="0" end="46" time="0" condition="true">Conditional</animation>
					<left>0</left>
					<top>390</top>
					<width>180</width>
					<height>180</height>
					<texture background="true" diffuse="masks/mask.png">$INFO[Container(570).ListItem(1).Icon]</texture>
					<bordertexture border="1">ThumbShadow.png</bordertexture>
					<bordersize>12</bordersize>
					<aspectratio>stretch</aspectratio>
				</control>
			</control>			
			
			<control type="group"> <!-- OnNextVisible -->
				<animation effect="slide" start="1000" end="0,0" time="500" delay="400" tween="cubic" easing="out" condition="Skin.HasSetting(animation)">WindowOpen</animation>
				<animation effect="slide" start="0,0" end="1000" time="500" tween="cubic" easing="out" condition="Skin.HasSetting(animation)">WindowClose</animation>
				<visible>!Container.OnNext</visible>
				<visible>!Container.OnPrevious</visible>
				<animation effect="fade" start="0" end="100" delay="200" time="20" reversible="false" condition="!Container.OnNext|!Container.OnNext">Visible</animation>
				<left>610</left>
				<top>40</top>
				<control type="image">
					<animation effect="rotate" center="auto" start="0" end="5" time="0" condition="true">Conditional</animation>
					<left>575</left>
					<top>90</top>
					<width>180</width>
					<height>180</height>
					<texture background="true" diffuse="masks/mask.png">$INFO[ListItem(4).Icon]</texture>
					<bordertexture border="1">ThumbShadow.png</bordertexture>
					<bordersize>12</bordersize>
					<aspectratio>stretch</aspectratio>
				</control>
				<control type="image">
					<animation effect="rotate" center="auto" start="0" end="15" time="0" condition="true">Conditional</animation>
					<left>450</left>
					<top>110</top>
					<width>180</width>
					<height>180</height>
					<texture background="true" diffuse="masks/mask.png">$INFO[ListItem(3).Icon]</texture>
					<bordertexture border="1">ThumbShadow.png</bordertexture>
					<bordersize>12</bordersize>
					<aspectratio>stretch</aspectratio>
				</control>
				<control type="image">
					<animation effect="rotate" center="auto" start="0" end="31" time="0" condition="true">Conditional</animation>
					<left>325</left>
					<top>160</top>
					<width>180</width>
					<height>180</height>
					<texture background="true" diffuse="masks/mask.png">$INFO[ListItem(2).Icon]</texture>
					<bordertexture border="1">ThumbShadow.png</bordertexture>
					<bordersize>12</bordersize>
					<aspectratio>stretch</aspectratio>
				</control>
				<control type="image">
					<animation effect="rotate" center="auto" start="0" end="46" time="0" easing="out" condition="true">Conditional</animation>
					<left>225</left>
					<top>240</top>
					<width>180</width>
					<height>180</height>
					<texture background="true" diffuse="masks/mask.png">$INFO[Container(570).ListItem(1).Icon]</texture>
					<bordertexture border="1">ThumbShadow.png</bordertexture>
					<bordersize>12</bordersize>
					<aspectratio>scale</aspectratio>
				</control>
			</control>
			<control type="group">
				<animation effect="slide" start="0,400" end="0,0" time="500" delay="400" tween="cubic" easing="out" condition="Skin.HasSetting(animation)">WindowOpen</animation>
				<animation effect="slide" start="0,0" end="0,400" time="500" tween="cubic" easing="out" condition="Skin.HasSetting(animation)">WindowClose</animation>
				<animation effect="fade" start="0" end="100" delay="210" time="100" >Visible</animation>
				<visible>!Container.OnNext+!Container.OnPrevious</visible>
				<left>605</left>
				<top>45</top>
				<control type="image">
					<left>-75</left>
					<top>350</top>
					<width>320</width>
					<height>320</height>
					<texture background="true">masks/mask_frame.png</texture>
				</control>
				<control type="image">
					<left>-60</left>
					<top>365</top>
					<width>290</width>
					<height>290</height>
					<texture background="true" diffuse="masks/mask.png">$INFO[ListItem(0).Icon]</texture>
					<aspectratio>stretch</aspectratio>
				</control>
			</control>
			
			<control type="group">
				<animation effect="zoom" center="700,500" start="100" end="50" delay="0" time="200" reversible="true" condition="true">Conditions</animation>
				<visible>Container.OnPrevious</visible>
				<left>610</left>
				<top>40</top>
				<control type="image">
					<left>-75</left>
					<top>350</top>
					<width>320</width>
					<height>320</height>
					<texture background="true">masks/mask_frame.png</texture>
				</control>
				<control type="image">
					<left>-60</left>
					<top>365</top>
					<width>290</width>
					<height>290</height>
					<texture background="true" diffuse="masks/mask.png">$INFO[ListItem(0).Icon]</texture>
					<aspectratio>stretch</aspectratio>
				</control>
			</control>
		</control>
		<control type="group">
			<include>opencloseslideup</include>
			<visible>!Stringcompare(ListItem.label,..)</visible>
			<visible>Control.IsVisible(570)+!Control.HasFocus(666)</visible>
			<control type="group"> <!-- Flagging -->
				<left>20</left>
				<top>10</top>
				<control type="image">
					<left>-80</left>
					<top>660</top>
					<width>490</width>
					<height>1</height>
					<texture background="true" >Separator2.png</texture>
				</control>
				<control type="group">
					<left>0</left>
					<top>665</top>
					<control type="grouplist">
						<left>0</left>
						<top>4</top>
						<width>1240</width>
						<height>80</height>
						<itemgap>10</itemgap>
						<align>left</align>
						<orientation>horizontal</orientation>
						<include>FlagMusic</include>
					</control>
				</control>
			</control>
		</control>
		<control type="group">
			<visible>Control.IsVisible(570)+!Control.HasFocus(666)</visible>
			<include condition="!Skin.HasSetting(HideJumpSMSBar)">AlphaBarV</include>
		</control>
	</include>
</includes>	