<?xml version="1.0" encoding="UTF-8"?>
<includes>
	<include name="BannerView_Music">
		<control type="group">
			<visible>Control.IsVisible(58)+!Control.HasFocus(666)</visible>
			<include>WhiteGrunge</include>
			<include>VideoGrid</include>
		</control>
		<control type="group">
			<include>openclosebox</include>
			<visible>Control.IsVisible(58)+!Control.HasFocus(666)</visible>
			<control type="fixedlist" id="58">
				<left>260</left>
				<top>70</top>
				<width>750</width>
				<height>580</height>
				<onleft>9000</onleft>
				<onright condition="Skin.HasSetting(HideJumpSMSBar)+Control.IsVisible(60)">60</onright>
				<onright condition="Skin.HasSetting(HideJumpSMSBar)+!Control.IsVisible(60)">SetFocus(732)</onright>
				<onright condition="!Skin.HasSetting(HideJumpSMSBar)">15000</onright>
				<onup>58</onup>
				<ondown>58</ondown>
				<viewtype label="Banner">fixedlist</viewtype>
				<pagecontrol>60</pagecontrol>
				<focusposition>2</focusposition>
				<preloaditems>2</preloaditems>
				<movement>2</movement>
				<wraparound>true</wraparound>
				<scrolltime tween="Quadratic" easing="out">300</scrolltime>
				<visible>Container.Content(songs)|Container.Content(artists)|Container.Content(albums)</visible>
				<itemlayout width="560" height="60">
					<control type="group">
						<top>16</top>
						<include>focuseffect</include>
						<control type="label">
							<left>40</left>
							<width>550</width>
							<label>$INFO[ListItem.Label]</label>
							<shadowcolor>black</shadowcolor>
						</control>
						<control type="label">
							<left>40</left>
							<top>23</top>
							<width>550</width>
							<label>$VAR[InfoWallBottomLabel1Var]</label>
							<textcolor>focused</textcolor>
							<shadowcolor>black</shadowcolor>
						</control>
					</control>
				</itemlayout>
				<focusedlayout width="560" height="260">
					<control type="group">
					<include>focuseffect</include>
						<top>20</top>
						<control type="image">
							<left>0</left>
							<top>-20</top>
							<width>745</width>
							<height>282</height>
							<texture background="true" border="30">InlayDark.png</texture>
						</control>
						<control type="image">
							<left>21</left>
							<top>54</top>
							<width>703</width>
							<height>130</height>
							<aspectratio>keep</aspectratio>
							<texture background="true">$INFO[ListItem.Icon]</texture>
							<visible>Stringcompare(ListItem.label,..)</visible>
						</control>
						<control type="image" id="70">
							<left>21</left>
							<top>2</top>
							<width>703</width>
							<height>240</height>
							<aspectratio>center</aspectratio>
							<colordiffuse>33FFFFFF</colordiffuse>
							<texture border="1" background="true" diffuse="masks/mask.png">$INFO[ListItem.Art(fanart)]</texture>
							<visible>!Stringcompare(ListItem.label,..)</visible>
							<visible>Skin.HasSetting(fanart)</visible>
						</control>
						<control type="group">
							<left>10</left>
							<top>-5</top>
							<visible>!Stringcompare(ListItem.label,..)</visible>
							<control type="group" id="5">
								<left>2</left>
								<top>16</top>
								<control type="group">
									<left>20</left>
									<top>65</top>
									<visible>!Skin.HasSetting(hideMusicCases)</visible>
									<control type="image">
										<description>case by resolution</description>
										<left>15</left>
										<top>0</top>
										<width>154</width>
										<height>154</height>
										<fadetime>FadeTime</fadetime>
										<texture background="true" diffuse="masks/CdCoverMask_full.png" fallback="FallbackCover.png">$INFO[ListItem.Icon]</texture>
										<aspectratio align="right" aligny="center">stretch</aspectratio>
									</control>
									<control type="image">
										<description>case by resolution</description>
										<left>0</left>
										<top>0</top>
										<width>170</width>
										<height>154</height>
										<fadetime>FadeTime</fadetime>
										<texture background="true">masks/ClearArtCD.png</texture>
										<aspectratio align="left" aligny="top">stretch</aspectratio>
									</control>
								</control>
								<control type="group">
									<visible>Skin.HasSetting(hideMusicCases)</visible>
									<control type="image" id="5">
										<left>24</left>
										<top>67</top>
										<width>150</width>
										<height>150</height>
										<texture background="true" diffuse="masks/mask.png" fallback="FallbackCover.png">$INFO[ListItem.Icon]</texture>
										<aspectratio align="right" aligny="center">stretch</aspectratio>
									</control>
								</control>
							</control>
							<control type="group">
								<top>16</top>
								<control type="label">
									<left>25</left>
									<top>0</top>
									<width>675</width>
									<textcolor>white</textcolor>
									<align>left</align>
									<label>$INFO[ListItem.Label]</label>
								</control>
								<control type="label">
									<left>25</left>
									<top>21</top>
									<width>675</width>
									<align>left</align>
									<font>font16</font>
									<textcolor>focused</textcolor>
									<label>$VAR[InfoWallBottomLabel1Var]</label>
								</control>
							</control>
							<control type="image">
								<description>Rated</description>
								<left>25</left>
								<top>68</top>
								<width>675</width>
								<height>2</height>
								<colordiffuse>fanartdiffuse</colordiffuse>
								<texture border="1" background="true">Separator1.png</texture>
							</control>
							<control type="textbox">
								<left>200</left>
								<top>80</top>
								<width>500</width>
								<height>150</height>
								<include condition="!Skin.HasSetting(BigPlotText)">PlotText16Var</include>
								<include condition="Skin.HasSetting(BigPlotText)">PlotTextBigVar</include>
								<label fallback="195">$VAR[InfoWallTextboxVar]</label>
							</control>
						</control>
					</control>					  
				</focusedlayout>
			</control>
			<control type="group">
				<left>210</left>
				<top>59</top>
				<control type="image">
					<left>0</left>
					<top>0</top>
					<width>850</width>
					<height>12</height>
					<colordiffuse>dustdiffuse</colordiffuse>
					<texture background="true" diffuse="Separator2.png">Shadow.png</texture>
				</control>
				<control type="image">
					<left>0</left>
					<top>10</top>
					<width>850</width>
					<height>1</height>
					<colordiffuse>dustdiffuse</colordiffuse>
					<texture background="true">Separator2.png</texture>
				</control>
				<control type="group">
					<left>0</left>
					<top>585</top>
					<control type="image">
						<left>0</left>
						<top>0</top>
						<width>850</width>
						<height>14</height>
						<colordiffuse>dustdiffuse</colordiffuse>
						<texture flipx="true" background="true" diffuse="Separator2.png">Shadow.png</texture>
					</control>
					<control type="image">
						<left>0</left>
						<top>6</top>
						<width>850</width>
						<height>1</height>
						<colordiffuse>dustdiffuse</colordiffuse>
						<texture background="true">Separator2.png</texture>
					</control>
				</control>
			</control>
		</control>
		<control type="group">
			<include>openclosevisible</include>
			<visible>Control.IsVisible(58)+!Control.HasFocus(666)</visible>
			<control type="scrollbar" id="60">
				<left>1000</left>
				<top>70</top>
				<height>580</height>
				<onleft>58</onleft>
				<onright>732</onright>
				<showonepage>false</showonepage>
				<orientation>vertical</orientation>
			</control>
			<control type="group">
				<left>974</left>
				<top>124</top>
				<control type="group">
					<visible>Skin.HasSetting(fanart)</visible>
					<control type="image">
						<include>openclosevisible</include>
						<left>94</left>
						<top>355</top>
						<width>210</width>
						<height>115</height>
						<fadetime>FadeTime</fadetime>
						<texture background="true">Black.png</texture>
						<visible>![IsEmpty(Control.GetLabel(1099))+IsEmpty(Control.GetLabel(1100))]</visible>
					</control>
					<control type="multiimage" id="1099">
						<include>openclosevisible</include>
						<left>94</left>
						<top>358</top>
						<width>203</width>
						<height>109</height>
						<aspectratio>keep</aspectratio>
						<imagepath background="true">$INFO[Skin.String(Music_Folder_Path)]$INFO[ListItem.Artist,,/extrafanart]</imagepath>
						<timeperimage>5000</timeperimage>
						<randomize>true</randomize>
						<fadetime>FadeTime</fadetime>
						<visible>Skin.HasSetting(music_art)</visible>
					</control>
					<control type="image" id="1100">
						<include>openclosevisible</include>
						<left>94</left>
						<top>358</top>
						<width>203</width>
						<height>109</height>
						<aspectratio align="left" aligny="bottom">scale</aspectratio>
						<fadetime>FadeTime</fadetime>
						<texture background="true">$INFO[ListItem.Art(fanart)]</texture>
						<visible>!IsEmpty(ListItem.Art(fanart))+IsEmpty(Control.GetLabel(1099))</visible>
					</control>
				</control>
				<control type="group">
					<visible>Skin.HasSetting(music_art)</visible>
					<control type="image">
						<include>openclosevisible</include>
						<left>90</left>
						<top>0</top>
						<width>210</width>
						<height>113</height>
						<fadetime>FadeTime</fadetime>
						<texture background="true">Black.png</texture>
						<visible>!IsEmpty(Control.GetLabel(1101))</visible>
					</control>
					<control type="image" id="1101">
						<include>openclosevisible</include>
						<left>94</left>
						<top>4</top>
						<width>202</width>
						<height>108</height>
						<fadetime>FadeTime</fadetime>
						<aspectratio>keep</aspectratio>
						<texture background="true">$INFO[ListItem.Property(Album_Label),flagging/recordlabel/,.png]</texture>
					</control>
				</control>
			</control>
			<control type="group">
				<top>195</top>
				<left>2</left>
				<visible>Skin.HasSetting(music_art)</visible>
				<control type="image">
					<include>openclosevisible</include>
					<left>0</left>
					<top>45</top>
					<width>212</width>
					<height>115</height>
					<fadetime>FadeTime</fadetime>
					<texture background="true">Black.png</texture>
					<visible>!IsEmpty(Control.GetLabel(1102))</visible>
				</control>
				<control type="image" id="1102">
					<include>openclosevisible</include>
					<left>8</left>
					<top>51</top>
					<width>201</width>
					<height>107</height>
					<aspectratio>keep</aspectratio>
					<fadetime>FadeTime</fadetime>
					<texture background="true" diffuse="masks/flagging_mask.png">$INFO[Skin.String(Music_Folder_Path)]$INFO[ListItem.Artist,,/logo.png]</texture>
				</control>
			</control>
			<control type="group">
				<include>opencloseslideup</include>
				<visible>!Stringcompare(ListItem.label,..)</visible>
				<left>0</left>
				<top>670</top>
				<control type="image">
					<left>-10</left>
					<top>-10</top>
					<width>1300</width>
					<height>10</height>
					<colordiffuse>fanartdiffuse</colordiffuse>
					<texture background="true">Shadow.png</texture>
				</control>
				<control type="image">
					<left>-10</left>
					<top>0</top>
					<width>1300</width>
					<height>75</height>
					<texture background="true">BlackBack.png</texture>
				</control>
				<control type="image">
					<left>0</left>
					<top>0</top>
					<width>1280</width>
					<height>1</height>
					<texture background="true">Separator2.png</texture>
				</control>
			</control>
			<control type="group"> <!-- Flagging -->
				<left>20</left>
				<top>10</top>
				<include>opencloseslideup</include>
				<visible>!Stringcompare(ListItem.label,..)</visible>
				<control type="group">
					<left>0</left>
					<top>665</top>
					<control type="grouplist">
						<left>0</left>
						<top>4</top>
						<width>1240</width>
						<height>80</height>
						<itemgap>40</itemgap>
						<align>center</align>
						<orientation>horizontal</orientation>
						<include>FlagMusic</include>
					</control>
				</control>
			</control>
			<control type="group">
				<left>0</left>
				<top>6</top>
				<include>CommonPageCount</include>
			</control>
			<include condition="!Skin.HasSetting(HideJumpSMSBar)">AlphaBarV</include>
		</control>
	</include>
</includes>