<?xml version="1.0" encoding="UTF-8"?>
<includes>
	<include name="WideIconView">
		<control type="group">
			<visible>Control.IsVisible(505)</visible>
			<include>openclosebox</include>
			<control type="button" id="444">
				<enable>false</enable>
				<include>HiddenButton</include>
				<visible>Control.IsVisible(505)+!Control.HasFocus(666)</visible>
			</control>
			<control type="group">
				<control type="image">
					<left>75</left>
					<top>55</top>
					<width>1130</width>
					<height>600</height>
					<colordiffuse>grey2</colordiffuse>
					<texture border="4">ContentPanel_scratched.png</texture>
					<animation effect="fade" end="90" time="0" condition="true">Conditional</animation>
				</control>
				<control type="image">
					<left>75</left>
					<top>55</top>
					<width>1130</width>
					<height>600</height>
					<texture border="4">masks/Default_sharp.png</texture>
				</control>
			</control>
			<control type="panel" id="505">
				<visible>Container.Content(TVShows)|Container.Content(Sets)|Container.Content(Movies)|Container.Content(episodes)|Container.Content(seasons)|Container.Content(Files)</visible>
				<left>100</left>
				<top>120</top>
				<width>1080</width>
				<height>483</height>
				<onleft>9000</onleft>
				<onright condition="[Skin.HasSetting(HideJumpSMSBar)|Container.Content(episodes)|Container.Content(seasons)]+[Container(505).HasNext|Container(505).HasPrevious]">60</onright>
				<onright condition="[Skin.HasSetting(HideJumpSMSBar)|Container.Content(episodes)|Container.Content(seasons)]+![Container(505).HasNext|Container(505).HasPrevious]">SetFocus(732)</onright>
				<onright condition="!Skin.HasSetting(HideJumpSMSBar)+!Container.Content(episodes)+!Container.Content(seasons)">15000</onright>
				<onup>505</onup>
				<ondown>505</ondown>
				<viewtype label="$LOCALIZE[539]">list</viewtype>
				<pagecontrol>60</pagecontrol>
				<scrolltime>200</scrolltime>
				<preloaditems>2</preloaditems>
				<animation effect="slide" end="0,-10" time="150" condition="Skin.HasSetting(CommonPageCount)">Conditional</animation>
				<itemlayout height="69" width="360" condition="Container.Content(TVShows)|Container.Content(Movies)|Container.Content(Sets)|Container.Content(Files)">
					<control type="image">
						<left>0</left>
						<top>0</top>
						<width>360</width>
						<height>68</height>
						<colordiffuse>grey2</colordiffuse>
						<texture border="5">masks/Default_sharp.png</texture>
						<aspectratio>stretch</aspectratio>
					</control>
					<control type="image">
						<left>5</left>
						<top>5</top>
						<width>350</width>
						<height>58</height>
						<colordiffuse>grey2</colordiffuse>
						<texture border="5">masks/Default_sharp.png</texture>
						<aspectratio>stretch</aspectratio>
						<visible>StringCompare(ListItem.Label,..)</visible>
					</control>
					<control type="image">
						<left>5</left>
						<top>5</top>
						<width>350</width>
						<height>58</height>
						<texture background="true">$INFO[ListItem.Icon]</texture>
						<aspectratio>keep</aspectratio>
						<visible>StringCompare(ListItem.Label,..)</visible>
					</control>
					<control type="image">
						<left>5</left>
						<top>5</top>
						<width>350</width>
						<height>58</height>
						<colordiffuse>$VAR[CoverDim]</colordiffuse>
						<texture background="true" fallback="FallbackBanner2.png">$VAR[BannerThumb]</texture>
						<aspectratio>stretch</aspectratio>
						<visible>!StringCompare(ListItem.Label,..)</visible>
						<visible>![IsEmpty(ListItem.VideoCodec)+!SubString(ListItem.Label,..,left)+ListItem.IsCollection]</visible>
					</control>
					<control type="image">
						<left>5</left>
						<top>5</top>
						<width>350</width>
						<height>58</height>
						<colordiffuse>$VAR[CoverDim]</colordiffuse>
						<texture background="true">$VAR[SetBannerThumb]</texture>
						<aspectratio>stretch</aspectratio>
						<visible>!StringCompare(ListItem.Label,..)</visible>
						<visible>[IsEmpty(ListItem.VideoCodec)+!SubString(ListItem.Label,..,left)+ListItem.IsCollection]</visible>
					</control>
					<control type="label">
						<left>5</left>
						<top>5</top>
						<width>350</width>
						<height>58</height>
						<align>center</align>
						<aligny>center</aligny>
						<font>impacted21</font>
						<textcolor>$VAR[CoverDim]</textcolor>
						<shadowcolor>black</shadowcolor>
						<label>$VAR[OriginalTitle]</label>
						<visible>IsEmpty(ListItem.Art(banner))</visible>
						<visible>!StringCompare(ListItem.Label,..)</visible>
					</control>
					<control type="group">
						<left>5</left>
						<top>5</top>
						<include>Amazon_Flagg_Small</include>
					</control>
					<control type="group">
						<left>5</left>
						<top>5</top>
						<include>WatchedIcon_Small</include>
					</control>
					<control type="group">
						<left>305</left>
						<top>13</top>
						<include>Set_Flagg_Small</include>
					</control>
				</itemlayout>
				<focusedlayout height="69" width="360" condition="Container.Content(TVShows)|Container.Content(Movies)|Container.Content(Sets)|Container.Content(Files)">
					<control type="group">
						<include>focuseffect</include>
						<control type="image">
							<left>0</left>
							<top>0</top>
							<width>360</width>
							<height>68</height>
							<colordiffuse>red</colordiffuse>
							<texture>WhiteBack.png</texture>
							<aspectratio>stretch</aspectratio>
						</control>
						<control type="image">
							<left>5</left>
							<top>5</top>
							<width>350</width>
							<height>58</height>
							<colordiffuse>grey2</colordiffuse>
							<texture border="5">masks/Default_sharp.png</texture>
							<aspectratio>stretch</aspectratio>
							<visible>StringCompare(ListItem.Label,..)</visible>
						</control>
						<control type="image">
							<left>5</left>
							<top>5</top>
							<width>350</width>
							<height>58</height>
							<texture background="true">$INFO[ListItem.Icon]</texture>
							<aspectratio>keep</aspectratio>
							<visible>StringCompare(ListItem.Label,..)</visible>
						</control>
						<control type="image">
							<left>5</left>
							<top>5</top>
							<width>350</width>
							<height>58</height>
							<texture background="true" fallback="FallbackBanner2.png">$VAR[BannerThumb]</texture>
							<aspectratio>stretch</aspectratio>
							<visible>!StringCompare(ListItem.Label,..)</visible>
							<visible>![IsEmpty(ListItem.VideoCodec)+!SubString(ListItem.Label,..,left)+ListItem.IsCollection]</visible>
						</control>
						<control type="image">
							<left>5</left>
							<top>5</top>
							<width>350</width>
							<height>58</height>
							<texture background="true">$VAR[SetBannerThumb]</texture>
							<aspectratio>stretch</aspectratio>
							<visible>!StringCompare(ListItem.Label,..)</visible>
							<visible>[IsEmpty(ListItem.VideoCodec)+!SubString(ListItem.Label,..,left)+ListItem.IsCollection]</visible>
						</control>
						<control type="image">
							<left>0</left>
							<top>0</top>
							<width>360</width>
							<height>68</height>
							<texture border="5">masks/Default_sharp.png</texture>
							<aspectratio>stretch</aspectratio>
						</control>
						<control type="label">
							<left>5</left>
							<top>5</top>
							<width>350</width>
							<height>58</height>
							<align>center</align>
							<aligny>center</aligny>
							<font>impacted21</font>
							<textcolor>white</textcolor>
							<shadowcolor>black</shadowcolor>
							<label>$VAR[OriginalTitle]</label>
							<visible>IsEmpty(ListItem.Art(banner))</visible>
							<visible>!StringCompare(ListItem.Label,..)</visible>
						</control>
						<control type="group">
							<left>5</left>
							<top>5</top>
							<include>Amazon_Flagg_Small_Focus</include>
						</control>
						<control type="group">
							<left>5</left>
							<top>5</top>
							<include>WatchedIcon_Focus_Small</include>
						</control>
						<control type="group">
							<left>305</left>
							<top>13</top>
							<include>Set_Flagg_Small_Focus</include>
						</control>
					</control>
				</focusedlayout>
				<itemlayout height="160" width="216" condition="Container.Content(episodes)">
					<control type="image">
						<left>0</left>
						<top>0</top>
						<width>216</width>
						<height>120</height>
						<colordiffuse>grey2</colordiffuse>
						<texture border="5">masks/Default_sharp.png</texture>
						<aspectratio>stretch</aspectratio>
					</control>
					<control type="image">
						<left>5</left>
						<top>5</top>
						<width>206</width>
						<height>110</height>
						<colordiffuse>grey2</colordiffuse>
						<texture border="5">masks/Default_sharp.png</texture>
						<aspectratio>stretch</aspectratio>
						<visible>StringCompare(ListItem.Label,..)</visible>
					</control>
					<control type="image">
						<left>5</left>
						<top>5</top>
						<width>206</width>
						<height>110</height>
						<colordiffuse>$VAR[CoverDim]</colordiffuse>
						<texture background="true">$INFO[ListItem.Icon]</texture>
						<aspectratio>scale</aspectratio>
					</control>
					<control type="label">
						<left>5</left>
						<top>118</top>
						<width>206</width>
						<height>25</height>
						<align>center</align>
						<font>ubuntu-r13b</font>
						<textcolor>$VAR[CoverDim]</textcolor>
						<label>$INFO[ListItem.Episode,,. ]$INFO[ListItem.Title]</label>
					</control>
					<control type="group">
						<left>5</left>
						<top>5</top>
						<include>WatchedIcon_Small</include>
					</control>
					<control type="group">
						<left>5</left>
						<top>5</top>
						<include>Amazon_Flagg_Small</include>
					</control>
				</itemlayout>
				<focusedlayout height="160" width="216" condition="Container.Content(episodes)">
					<control type="group">
						<include>focuseffect</include>
						<control type="image">
							<left>5</left>
							<top>5</top>
							<width>206</width>
							<height>110</height>
							<colordiffuse>grey2</colordiffuse>
							<texture border="5">masks/Default_sharp.png</texture>
							<aspectratio>stretch</aspectratio>
							<visible>StringCompare(ListItem.Label,..)</visible>
						</control>
						<control type="image">
							<left>5</left>
							<top>5</top>
							<width>206</width>
							<height>110</height>
							<texture background="true">$INFO[ListItem.Icon]</texture>
							<aspectratio>scale</aspectratio>
						</control>
						<control type="image">
							<left>0</left>
							<top>0</top>
							<width>216</width>
							<height>120</height>
							<texture border="5">masks/Default_sharp.png</texture>
							<aspectratio>stretch</aspectratio>
						</control>
						<control type="label">
							<left>5</left>
							<top>118</top>
							<width>206</width>
							<height>25</height>
							<align>center</align>
							<font>ubuntu-r13b</font>
							<label>$INFO[ListItem.Episode,,. ]$INFO[ListItem.Title]</label>
						</control>
						<control type="group">
							<left>5</left>
							<top>5</top>
							<include>Amazon_Flagg_Small_Focus</include>
						</control>
						<control type="group">
							<left>5</left>
							<top>5</top>
							<include>WatchedIcon_Focus_Small</include>
						</control>
					</control>
				</focusedlayout>
				<itemlayout height="240" width="180" condition="Container.Content(seasons)">
					<control type="image">
						<left>0</left>
						<top>0</top>
						<width>170</width>
						<height>238</height>
						<colordiffuse>grey2</colordiffuse>
						<texture border="5">masks/Default_sharp.png</texture>
						<aspectratio>stretch</aspectratio>
					</control>
					<control type="image">
						<left>5</left>
						<top>5</top>
						<width>160</width>
						<height>228</height>
						<colordiffuse>grey2</colordiffuse>
						<texture border="5">masks/Default_sharp.png</texture>
						<aspectratio>stretch</aspectratio>
						<visible>StringCompare(ListItem.Label,..)</visible>
					</control>
					<control type="image">
						<left>5</left>
						<top>5</top>
						<width>160</width>
						<height>228</height>
						<colordiffuse>$VAR[CoverDim]</colordiffuse>
						<texture background="true">$INFO[ListItem.Icon]</texture>
						<aspectratio>stretch</aspectratio>
					</control>
					<control type="image">
						<left>5</left>
						<top>203</top>
						<width>160</width>
						<height>30</height>
						<texture>BlackBack.png</texture>
						<aspectratio>stretch</aspectratio>
					</control>
					<control type="label">
						<left>5</left>
						<top>205</top>
						<width>160</width>
						<height>30</height>
						<align>center</align>
						<font>ubuntu-r13b</font>
						<textcolor>$VAR[CoverDim]</textcolor>
						<label>$INFO[ListItem.Label]</label>
					</control>
					<control type="group">
						<left>5</left>
						<top>5</top>
						<include>WatchedIcon_Small</include>
					</control>
					<control type="group">
						<left>5</left>
						<top>5</top>
						<include>Amazon_Flagg_Small</include>
					</control>
				</itemlayout>
				<focusedlayout height="240" width="180" condition="Container.Content(seasons)">
					<control type="group">
						<include>focuseffect</include>
						<control type="image">
							<left>5</left>
							<top>5</top>
							<width>160</width>
							<height>228</height>
							<colordiffuse>grey2</colordiffuse>
							<texture border="5">masks/Default_sharp.png</texture>
							<aspectratio>stretch</aspectratio>
							<visible>StringCompare(ListItem.Label,..)</visible>
						</control>
						<control type="image">
							<left>5</left>
							<top>5</top>
							<width>160</width>
							<height>228</height>
							<texture background="true">$INFO[ListItem.Icon]</texture>
							<aspectratio>stretch</aspectratio>
						</control>
						<control type="image">
							<left>0</left>
							<top>0</top>
							<width>170</width>
							<height>238</height>
							<texture border="5">masks/Default_sharp.png</texture>
							<aspectratio>stretch</aspectratio>
						</control>
						<control type="image">
							<left>5</left>
							<top>203</top>
							<width>160</width>
							<height>30</height>
							<texture>BlackBack.png</texture>
							<aspectratio>stretch</aspectratio>
						</control>
						<control type="label">
							<left>5</left>
							<top>205</top>
							<width>160</width>
							<height>30</height>
							<align>center</align>
							<font>ubuntu-r13b</font>
							<label>$INFO[ListItem.Label]</label>
						</control>
						<control type="group">
							<left>5</left>
							<top>5</top>
							<include>WatchedIcon_Focus_Small</include>
						</control>
						<control type="group">
							<left>5</left>
							<top>5</top>
							<include>Amazon_Flagg_Small_Focus</include>
						</control>
					</control>
				</focusedlayout>
			</control>
			<control type="scrollbar" id="60">
				<animation effect="slide" end="-20" time="150" condition="Control.HasFocus(60)">Conditional</animation>
				<left>1280</left>
				<top>70</top>
				<height>576</height>
				<onleft>57</onleft>
				<onright>732</onright>
				<showonepage>false</showonepage>
				<orientation>vertical</orientation>
			</control>
			<control type="label">
				<visible>Skin.HasSetting(CommonPageCount)</visible>
				<left>110</left>
				<top>624</top>
				<width>1080</width>
				<height>25</height>
				<align>right</align>
				<font>ubuntu-r13b</font>
				<label>$INFO[Container.NumItems,([COLOR=selected],[/COLOR]) $LOCALIZE[31025]]$INFO[Container.CurrentPage, - $LOCALIZE[31024] ([COLOR=selected]]$INFO[Container.NumPages,/,[/COLOR])]</label>
			</control>
			<control type="image">
				<left>100</left>
				<top>604</top>
				<width>200</width>
				<height>42</height>
				<fadetime>FadeTime</fadetime>
				<aspectratio align="left">keep</aspectratio>
				<texture background="true">$INFO[ListItem.Art(clearlogo)]</texture>
				<animation effect="slide" end="0,-4" time="150" condition="Skin.HasSetting(CommonPageCount)">Conditional</animation>
				<visible>[Skin.HasSetting(video_art)+Container.Content(movies)]
				|[[Skin.HasSetting(tvshow_art)+!Container.Content(movies)]|IsEmpty(ListItem.Art(clearlogo))]</visible>
			</control>
		</control>
		<control type="group">
			<include>opencloseslideup</include>
			<visible>Control.IsVisible(505)</visible>
			<visible>!Stringcompare(ListItem.label,..)</visible>
			<control type="group">
				<left>0</left>
				<top>670</top>
				<control type="image">
					<left>-10</left>
					<top>-10</top>
					<width>1300</width>
					<height>10</height>
					<colordiffuse>fanartdiffuse</colordiffuse>
					<texture background="true">Shadow.png</texture>
				</control>
				<control type="image">
					<left>-10</left>
					<top>0</top>
					<width>1300</width>
					<height>75</height>
					<texture background="true">BlackBack.png</texture>
				</control>
				<control type="image">
					<left>0</left>
					<top>0</top>
					<width>1280</width>
					<height>1</height>
					<texture background="true">Separator2.png</texture>
				</control>
				<control type="group">
					<visible>Container.Content(TVShows)|Container.Content(seasons)</visible>
					<control type="label">
						<left>100</left>
						<top>12</top>
						<width>1080</width>
						<height>25</height>
						<font>impacted24</font>
						<label>$INFO[ListItem.Label]</label>
					</control>
					<control type="label">
						<left>100</left>
						<top>12</top>
						<width>1080</width>
						<height>25</height>
						<align>right</align>
						<font>impacted21</font>
						<label>$INFO[ListItem.Property(WatchedEpisodes),$LOCALIZE[16102]: ,]$INFO[ListItem.Property(TotalEpisodes), $LOCALIZE[20163] ,]</label>
					</control>
				</control>
			</control>
			<control type="grouplist"> <!-- Movie Flagging -->
				<visible>!Stringcompare(ListItem.label,..)+!Container.Content(tvshows)+!Container.Content(seasons)</visible>
				<left>20</left>
				<top>680</top>
				<width>1240</width>
				<height>80</height>
				<itemgap>4</itemgap>
				<align>center</align>
				<orientation>horizontal</orientation>
				<include>FlagVideo</include>
				<include>FlagVideoAudioStream1</include>
				<include>FlagVideoAudioStream2</include>
				<include>FlagVideoSubtitles</include>
				<include>FlagVideoStudio</include>
			</control>
		</control>
		<control type="group">
			<visible>Control.IsVisible(505)</visible>
			<include condition="!Skin.HasSetting(HideJumpSMSBar)">AlphaBarV</include>
		</control>
	</include>
</includes>
