<?xml version="1.0" encoding="UTF-8"?>
<addon
  id="plugin.video.laola1tv"
  version="1.3.0"
  name="Laola1 TV"
  provider-name="Jin">
  <requires>
   <import addon="xbmc.python" version="2.14.0"/>
  </requires>
  <extension 
    point="xbmc.python.pluginsource"
    library="default.py">
   <provides>video</provides>
  </extension>
  <extension point="xbmc.addon.metadata">
    <summary>Watch Sport Live Streams + Videos</summary>
    <description>
LAOLA1.tv - the international online sports TV.
Sports fans can enjoy a lot of exclusive highlight-clips and video-LIVE-streams from the world of sports.

***This addon is for PREMIUM MEMBERS only***
    </description>
    <platform>all</platform>
    <forum>http://kodinerds.net</forum>
  </extension>
</addon>
