<?xml version="1.0" encoding="UTF-8"?>
<includes>
	<variable name="VAR_Grabber_GTO">
		<value condition="System.HasAddon(plugin.program.tvhighlights)+!System.HasAddon(plugin.service.gto)">plugin://plugin.service.gto?action=getcontent&amp;ts=$INFO[Window(Home).Property(GTO.timestamp)]</value>
		<value>plugin://plugin.service.gto?action=getcontent&amp;ts=$INFO[Window(Home).Property(GTO.timestamp)]</value>
	</variable>
	<include name="NewsCenterItem">
		<item>
			<label>$INFO[Window(home).Property(LatestNews.$PARAM[newscenter_id].Title)]</label>
			<thumb>$INFO[Window(home).Property(LatestNews.$PARAM[newscenter_id].Logo)]</thumb>
			<label2>$INFO[Window(home).Property(LatestNews.$PARAM[newscenter_id].Date)]</label2>
			<property name="comment">$INFO[Window(home).Property(LatestNews.$PARAM[newscenter_id].Desc)]</property>
			<property name="headerpic">$INFO[Window(home).Property(LatestNews.$PARAM[newscenter_id].HeaderPic)]</property>
			<onclick>ActivateWindow(4117)</onclick>
			<icon>$INFO[Window(home).Property(LatestNews.$PARAM[newscenter_id].Logo)]</icon>
			<visible>!IsEmpty(Window(home).Property(LatestNews.$PARAM[newscenter_id].Title))</visible>
			<actualicon>$INFO[Window(home).Property(LatestNews.$PARAM[newscenter_id].Logo)]</actualicon>
		</item>
	</include>
	<variable name="NewsPreviewBundesligaTabelle">
		<value condition="Container(23010).Hasfocus(23101)">plugin://plugin.program.newscenter/?methode=get_buli_table_items&amp;buliliga=1</value>
		<value condition="Container(23010).Hasfocus(23103)">plugin://plugin.program.newscenter/?methode=get_buli_table_items&amp;buliliga=2</value>
	</variable>
	<variable name="NewsPreviewBundesligaSpiele">
		<value condition="Container(23010).Hasfocus(23102)">plugin://plugin.program.newscenter/?methode=get_buli_spielplan_items&amp;buliliga=1</value>
		<value condition="Container(23010).Hasfocus(23104)">plugin://plugin.program.newscenter/?methode=get_buli_spielplan_items&amp;buliliga=2</value>
	</variable>
	<include name="NewsCenterItem_Pollen">
		<item>
			<label>$INFO[Container(88434).ListItem.Property($PARAM[newscenter_pollen_id]_Name)]</label>
			<label2>$INFO[Container(88434).ListItem.Property($PARAM[newscenter_pollen_id]_Belastung),newscenter/,]-pollen.png</label2>
			<icon>$INFO[Container(88434).ListItem.Property($PARAM[newscenter_pollen_id]_Pic)]</icon>
			<onclick>-</onclick>
			<visible>!StringCompare(Container(88434).ListItem.Property($PARAM[newscenter_pollen_id]_Belastung),0)+!IsEmpty(Container(88434).ListItem.Property($PARAM[newscenter_pollen_id]_Belastung))</visible>
		</item>
	</include>
	<include name="HomeNewsCenterContent">
		<content>
			<include name="NewsCenterItem">
				<param name="newscenter_id" value="0" />
			</include>
			<include name="NewsCenterItem">
				<param name="newscenter_id" value="1" />
			</include>
			<include name="NewsCenterItem">
				<param name="newscenter_id" value="2" />
			</include>
			<include name="NewsCenterItem">
				<param name="newscenter_id" value="3" />
			</include>
			<include name="NewsCenterItem">
				<param name="newscenter_id" value="4" />
			</include>
			<include name="NewsCenterItem">
				<param name="newscenter_id" value="5" />
			</include>
			<include name="NewsCenterItem">
				<param name="newscenter_id" value="6" />
			</include>
			<include name="NewsCenterItem">
				<param name="newscenter_id" value="7" />
			</include>
			<include name="NewsCenterItem">
				<param name="newscenter_id" value="8" />
			</include>
			<include name="NewsCenterItem">
				<param name="newscenter_id" value="9" />
			</include>
			<include name="NewsCenterItem">
				<param name="newscenter_id" value="10" />
			</include>
			<include name="NewsCenterItem">
				<param name="newscenter_id" value="11" />
			</include>
			<include name="NewsCenterItem">
				<param name="newscenter_id" value="12" />
			</include>
			<include name="NewsCenterItem">
				<param name="newscenter_id" value="13" />
			</include>
			<include name="NewsCenterItem">
				<param name="newscenter_id" value="14" />
			</include>
			<include name="NewsCenterItem">
				<param name="newscenter_id" value="15" />
			</include>
			<include name="NewsCenterItem">
				<param name="newscenter_id" value="16" />
			</include>
			<include name="NewsCenterItem">
				<param name="newscenter_id" value="17" />
			</include>
			<include name="NewsCenterItem">
				<param name="newscenter_id" value="18" />
			</include>
			<include name="NewsCenterItem">
				<param name="newscenter_id" value="19" />
			</include>
			<include name="NewsCenterItem">
				<param name="newscenter_id" value="20" />
			</include>
		</content>
	</include>
	<include name="HomeNewsCenterItemLayout">
		<control type="image">
			<left>5</left>
			<top>5</top>
			<width>225</width>
			<height>95</height>
			<colordiffuse>grey</colordiffuse>
			<aspectratio>scale</aspectratio>
			<texture>$INFO[ListItem.Icon]</texture>
		</control>
		<control type="image">
			<left>5</left>
			<top>75</top>
			<width>100</width>
			<height>25</height>
			<aspectratio align="left" aligny="bottom">keep</aspectratio>
			<texture>$INFO[ListItem.Property(headerpic)]</texture>
			<bordersize>5</bordersize>
		</control>
		<control type="label">
			<left>10</left>
			<top>35</top>
			<width>215</width>
			<height>30</height>
			<font>impacted14</font>
			<align>center</align>
			<textcolor>description</textcolor>
			<shadowcolor>black</shadowcolor>
			<label>$INFO[ListItem.Label]</label>
		</control>
		<control type="image">
			<description>background</description>
			<left>0</left>
			<top>0</top>
			<width>235</width>
			<height>105</height>
			<colordiffuse>menudiffuse</colordiffuse>
			<texture border="1">masks/Default_sharp.png</texture>
		</control>
	</include>
	<include name="HomeNewsCenter">
		<control type="group">
			<visible>Control.IsVisible(401)|Control.IsVisible(402)|Control.IsVisible(403)</visible>
			<visible>!Window.IsVisible(favourites)+!Control.HasFocus(200)</visible>
			<include>openclosevisible</include>
			<include>BlackBack</include>
		</control>
		<control type="grouplist" id="1900">
			<left>40</left>
			<top>54</top>
			<width>1200</width>
			<height>810</height>
			<itemgap>0</itemgap>
			<orientation>vertical</orientation>
			<control type="group"> <!-- News -->
				<visible>StringCompare(Container(9000).ListItem.Property(homemenu_id),news)</visible>
				<visible>!Window.IsVisible(favourites)</visible>
				<visible>!IsEmpty(Window(Home).Property(LatestNews.1.Title))+Skin.HasSetting(Widget_NEWS_NewsCenter)</visible>
				<include>openclosefanart</include>
				<include>openclosevisible</include>
				<width>1200</width>
				<height>150</height>
				<control type="label">
					<left>5</left>
					<top>0</top>
					<width>auto</width>
					<height>30</height>
					<font>impacted21</font>
					<align>left</align>
					<textcolor>grey</textcolor>
					<shadowcolor>black</shadowcolor>
					<label>News</label>
				</control>
				<control type="list" id="401">
					<left>0</left>
					<top>32</top>
					<width>1200</width>
					<height>240</height>
					<onleft>401</onleft>
					<onright>401</onright>
					<onup>noop</onup>
					<ondown condition="Control.IsVisible(402)">402</ondown>
					<ondown condition="!Control.IsVisible(402)+Control.IsVisible(403)">403</ondown>
					<ondown condition="!Control.IsVisible(402)+!Control.IsVisible(403)">9000</ondown>
					<oninfo>RunScript(plugin.program.newscenter,&quot;?methode=set_default_feed&quot;)</oninfo>
					<onclick>RunScript(plugin.program.newscenter,&quot;?methode=set_default_feed&quot;)</onclick>
					<ondown>Action(FirstPage)</ondown>
					<viewtype label="list">list</viewtype>
					<pagecontrol>-</pagecontrol>
					<scrolltime tween="circle" easing="out">800</scrolltime>
					<orientation>horizontal</orientation>
					<visible>StringCompare(Container(9000).ListItem.Property(homemenu_id),news)</visible>
					<visible>!IsEmpty(Window(Home).Property(LatestNews.1.Title))+Skin.HasSetting(Widget_NEWS_NewsCenter)</visible>
					<autoscroll time="3000" delay="5000" repeat="5000">!ControlGroup(290).HasFocus+!IsEmpty(Container(401).ListItem(6).Label)+Skin.HasSetting(animation)</autoscroll>
					<itemlayout height="120" width="240">
						<include>HomeNewsCenterItemLayout</include>
					</itemlayout>
					<focusedlayout height="240" width="480" condition="Control.HasFocus(401)">
						<control type="group">
							<include>focuseffect</include>
							<control type="image">
								<left>5</left>
								<top>5</top>
								<width>465</width>
								<height>215</height>
								<colordiffuse>red</colordiffuse>
								<texture>WhiteBack.png</texture>
							</control>
							<control type="label">
								<left>10</left>
								<top>0</top>
								<width>455</width>
								<height>30</height>
								<font>font12</font>
								<textcolor>grey</textcolor>
								<selectedcolor>selected</selectedcolor>
								<label>$INFO[ListItem.Label2]</label>
							</control>
							<control type="label">
								<left>10</left>
								<top>20</top>
								<width>455</width>
								<height>30</height>
								<font>ubuntu-r19b</font>
								<textcolor>white</textcolor>
								<label>$INFO[ListItem.Label]</label>
							</control>
							<control type="textbox">
								<left>10</left>
								<top>50</top>
								<width>460</width>
								<height>165</height>
								<align>left</align>
								<font>font16</font>
								<textcolor>white</textcolor>
								<label>$INFO[ListItem.Property(comment)]</label>
							</control>
							<control type="image">
								<description>background</description>
								<left>0</left>
								<top>0</top>
								<width>475</width>
								<height>225</height>
								<colordiffuse>menudiffuse</colordiffuse>
								<texture border="1">masks/Default_sharp.png</texture>
							</control>
						</control>
					</focusedlayout>
					<focusedlayout height="120" width="240" condition="!Control.HasFocus(401)">
						<include>HomeNewsCenterItemLayout</include>
					</focusedlayout>
					<include>HomeNewsCenterContent</include>
				</control>
			</control>
			<control type="group"> <!-- TVHighlights / GTO -->
				<visible>StringCompare(Container(9000).ListItem.Property(homemenu_id),news)</visible>
				<visible>!Window.IsVisible(favourites)</visible>
				<visible>IntegerGreaterThan(Window(Home).Property(GTO.Blobs),0)+Skin.HasSetting(Widget_NEWS_TVHighlights_gto)</visible>
				<visible>System.HasAddon(plugin.service.gto)</visible>
				<animation effect="slide" end="0,120" time="150" condition="Control.HasFocus(401)">Conditional</animation>
				<include>openclosefanart</include>
				<include>openclosevisible</include>
				<width>1200</width>
				<height>150</height>
				<control type="label">
					<left>5</left>
					<top>0</top>
					<width>auto</width>
					<height>30</height>
					<font>impacted21</font>
					<align>left</align>
					<textcolor>grey</textcolor>
					<shadowcolor>black</shadowcolor>
					<label>TV Highlights</label>
				</control>
				<control type="list" id="402">
					<left>0</left>
					<top>32</top>
					<width>1200</width>
					<height>240</height>
					<oninfo>RunScript(plugin.service.gto,action=infopopup&amp;blob=$INFO[Container(402).ListItem.Property(BlobID)])</oninfo>
					<onclick>RunScript(plugin.service.gto,action=infopopup&amp;blob=$INFO[ListItem.Property(BlobID)])</onclick>
					<onleft>402</onleft>
					<onright>402</onright>
					<onup>401</onup>
					<ondown condition="Control.IsVisible(403)">403</ondown>
					<ondown condition="!Control.IsVisible(403)">9000</ondown>
					<viewtype label="list">list</viewtype>
					<pagecontrol>-</pagecontrol>
					<scrolltime tween="circle" easing="out">800</scrolltime>
					<orientation>horizontal</orientation>
					<visible>System.HasAddon(plugin.service.gto)</visible>
					<visible>StringCompare(Container(9000).ListItem.Property(homemenu_id),news)</visible>
					<visible>IntegerGreaterThan(Window(Home).Property(GTO.Blobs),0)+Skin.HasSetting(Widget_NEWS_TVHighlights_gto)</visible>
					<autoscroll time="3000" delay="5000" repeat="5000">!ControlGroup(290).HasFocus+!IsEmpty(Container(402).ListItem(6).Label)+Skin.HasSetting(animation)</autoscroll>
					<itemlayout height="120" width="240">
						<include>HomeNewsCenterItemLayout</include>
					</itemlayout>
					<focusedlayout height="120" width="240" condition="Control.HasFocus(402)">
						<control type="group">
							<include>focuseffect</include>
							<control type="image">
								<description>background</description>
								<left>0</left>
								<top>0</top>
								<width>235</width>
								<height>105</height>
								<colordiffuse>red</colordiffuse>
								<texture>WhiteBack.png</texture>
							</control>
							<!-- <control type="image">
								<left>5</left>
								<top>5</top>
								<width>225</width>
								<height>95</height>
								<colordiffuse>grey2</colordiffuse>
								<aspectratio>scale</aspectratio>
								<texture>$INFO[ListItem.Icon]</texture>
							</control> -->
							<control type="label">
								<left>10</left>
								<top>15</top>
								<width>215</width>
								<height>30</height>
								<font>font12</font>
								<align>center</align>
								<shadowcolor>black</shadowcolor>
								<label>$INFO[ListItem.Property(channel)]</label>
								<visible>!IsEmpty(ListItem.Property(channel))</visible>
							</control>
							<control type="label">
								<left>10</left>
								<top>15</top>
								<width>215</width>
								<height>30</height>
								<font>font12</font>
								<align>center</align>
								<shadowcolor>black</shadowcolor>
								<label>$INFO[ListItem.Label2]</label>
								<visible>IsEmpty(ListItem.Property(channel))</visible>
							</control>
							<control type="label">
								<left>10</left>
								<top>35</top>
								<width>215</width>
								<height>30</height>
								<font>impacted16</font>
								<align>center</align>
								<textcolor>description</textcolor>
								<shadowcolor>black</shadowcolor>
								<label>$INFO[ListItem.Label]</label>
							</control>
							<control type="label">
								<left>10</left>
								<top>55</top>
								<width>215</width>
								<height>30</height>
								<font>font12</font>
								<align>center</align>
								<shadowcolor>black</shadowcolor>
								<label>$INFO[ListItem.Property(extrainfos)]</label>
								<visible>!IsEmpty(ListItem.Property(extrainfos))</visible>
							</control>
							<control type="label">
								<left>10</left>
								<top>55</top>
								<width>215</width>
								<height>30</height>
								<font>font12</font>
								<align>center</align>
								<shadowcolor>black</shadowcolor>
								<label>$INFO[ListItem.Genre]$INFO[ListItem.Property(StartTime), | ,]$INFO[ListItem.Property(EndTime), - ,]</label>
								<visible>IsEmpty(ListItem.Property(extrainfos))</visible>
							</control>
							<control type="image">
								<description>background</description>
								<left>0</left>
								<top>0</top>
								<width>235</width>
								<height>105</height>
								<colordiffuse>menudiffuse</colordiffuse>
								<texture border="1">masks/Default_sharp.png</texture>
							</control>
						</control>
					</focusedlayout>
					<focusedlayout height="120" width="240" condition="!Control.HasFocus(402)">
						<include>HomeNewsCenterItemLayout</include>
					</focusedlayout>
						<content sortby="time" sortorder="ascending">$VAR[VAR_Grabber_GTO]</content>
				</control>
			</control>
			<control type="group"> <!-- Serien Planer -->
				<visible>StringCompare(Container(9000).ListItem.Property(homemenu_id),news)</visible>
				<visible>!Window.IsVisible(favourites)</visible>
				<visible>!Control.HasFocus(401)|!Control.IsVisible(402)</visible>
				<visible>!IsEmpty(Window.Property(SerienPlaner.1.Channel))+Skin.HasSetting(Widget_NEWS_SerienPlaner)</visible>
				<visible>System.HasAddon(plugin.program.serienplaner)</visible>
				<animation effect="slide" end="0,120" time="150" condition="Control.HasFocus(401)">Conditional</animation>
				<include>openclosefanart</include>
				<include>openclosevisible</include>
				<width>1200</width>
				<height>150</height>
				<control type="label">
					<left>5</left>
					<top>0</top>
					<width>auto</width>
					<height>30</height>
					<font>impacted21</font>
					<align>left</align>
					<textcolor>grey</textcolor>
					<shadowcolor>black</shadowcolor>
					<label>Serien Planer</label>
				</control>
				<control type="list" id="403">
					<left>0</left>
					<top>32</top>
					<width>1200</width>
					<height>240</height>
					<onleft>403</onleft>
					<onright>403</onright>
					<onup condition="Control.IsVisible(402)">402</onup>
					<onup condition="!Control.IsVisible(402)">401</onup>
					<ondown>9000</ondown>
					<oninfo>SetProperty(Widget.Senderlogo,$INFO[Container(403).ListItem.Property(Senderlogo)],home)</oninfo>
					<oninfo>SetProperty(Widget.Datetime,$INFO[Container(403).ListItem.Property(Datetime)],home)</oninfo>
					<oninfo>SetProperty(Widget.PVRID,$INFO[Container(403).ListItem.Property(PVRID)],home)</oninfo>
					<oninfo>SetProperty(Widget.Plot,$ESCINFO[Container(403).ListItem.Plot],home)</oninfo>
					<oninfo>SetProperty(Widget.Thumb,$INFO[Container(403).ListItem.Thumb],home)</oninfo>
					<oninfo>SetProperty(Widget.Clearlogo,$INFO[Container(403).ListItem.Art(clearlogo)],home)</oninfo>
					<oninfo>SetProperty(Widget.Label,$INFO[Container(403).ListItem.Label],home)</oninfo>
					<oninfo>SetProperty(Widget.Label2,$INFO[Container(403).ListItem.Label2],home)</oninfo>
					<oninfo>SetProperty(Widget.Season,$INFO[Container(403).ListItem.Season],home)</oninfo>
					<oninfo>SetProperty(Widget.Episode,$INFO[Container(403).ListItem.Episode],home)</oninfo>
					<oninfo>SetProperty(Widget.Genre,$INFO[Container(403).ListItem.Genre],home)</oninfo>
					<oninfo>SetProperty(Widget.Rating,$INFO[Container(403).ListItem.Rating],home)</oninfo>
					<oninfo>SetProperty(Widget.Channel,$INFO[Container(403).ListItem.Property(channel)],home)</oninfo>
					<oninfo>SetProperty(Widget.Starttime,$INFO[Container(403).ListItem.Property(Starttime)],home)</oninfo>
					<oninfo>SetProperty(Widget.Date,$INFO[Container(403).ListItem.Property(date)],home)</oninfo>
					<oninfo>SetProperty(Widget.Runtime,$INFO[Container(403).ListItem.Property(runtime)],home)</oninfo>
					<oninfo>ActivateWindow(4118)</oninfo>
					<onclick>SetProperty(Widget.Senderlogo,$INFO[ListItem.Property(Senderlogo)],home)</onclick>
					<onclick>SetProperty(Widget.Datetime,$INFO[ListItem.Property(Datetime)],home)</onclick>
					<onclick>SetProperty(Widget.PVRID,$INFO[ListItem.Property(PVRID)],home)</onclick>
					<onclick>SetProperty(Widget.Plot,$ESCINFO[ListItem.Plot],home)</onclick>
					<onclick>SetProperty(Widget.Thumb,$INFO[ListItem.Thumb],home)</onclick>
					<onclick>SetProperty(Widget.Clearlogo,$INFO[ListItem.Art(clearlogo)],home)</onclick>
					<onclick>SetProperty(Widget.Label,$INFO[ListItem.Label],home)</onclick>
					<onclick>SetProperty(Widget.Label2,$INFO[ListItem.Label2],home)</onclick>
					<onclick>SetProperty(Widget.Season,$INFO[ListItem.Season],home)</onclick>
					<onclick>SetProperty(Widget.Episode,$INFO[ListItem.Episode],home)</onclick>
					<onclick>SetProperty(Widget.Genre,$INFO[ListItem.Genre],home)</onclick>
					<onclick>SetProperty(Widget.Rating,$INFO[ListItem.Rating],home)</onclick>
					<onclick>SetProperty(Widget.Channel,$INFO[ListItem.Property(channel)],home)</onclick>
					<onclick>SetProperty(Widget.Starttime,$INFO[ListItem.Property(Starttime)],home)</onclick>
					<onclick>SetProperty(Widget.Date,$INFO[ListItem.Property(date)],home)</onclick>
					<onclick>SetProperty(Widget.Runtime,$INFO[ListItem.Property(runtime)],home)</onclick>
					<onclick>ActivateWindow(4118)</onclick>
					<viewtype label="list">list</viewtype>
					<pagecontrol>-</pagecontrol>
					<scrolltime tween="circle" easing="out">800</scrolltime>
					<orientation>horizontal</orientation>
					<visible>StringCompare(Container(9000).ListItem.Property(homemenu_id),news)</visible>
					<visible>!IsEmpty(Window.Property(SerienPlaner.1.Channel))+Skin.HasSetting(Widget_NEWS_SerienPlaner)</visible>
					<visible>System.HasAddon(plugin.program.serienplaner)</visible>
					<autoscroll time="3000" delay="5000" repeat="5000">!ControlGroup(290).HasFocus+!IsEmpty(Container(403).ListItem(6).Label)+Skin.HasSetting(animation)</autoscroll>
					<itemlayout height="120" width="240">
						<include>HomeNewsCenterItemLayout</include>
					</itemlayout>
					<focusedlayout height="120" width="240" condition="Control.HasFocus(403)">
						<control type="group">
							<include>focuseffect</include>
							<control type="image">
								<description>background</description>
								<left>0</left>
								<top>0</top>
								<width>235</width>
								<height>105</height>
								<colordiffuse>red</colordiffuse>
								<texture>WhiteBack.png</texture>
							</control>
							<!-- <control type="image">
								<left>5</left>
								<top>5</top>
								<width>225</width>
								<height>95</height>
								<colordiffuse>grey2</colordiffuse>
								<aspectratio>scale</aspectratio>
								<texture>$INFO[ListItem.Icon]</texture>
							</control> -->
							<control type="label">
								<left>10</left>
								<top>35</top>
								<width>215</width>
								<height>30</height>
								<font>impacted16</font>
								<align>center</align>
								<textcolor>description</textcolor>
								<shadowcolor>black</shadowcolor>
								<label>$INFO[ListItem.Label]</label>
							</control>
							<control type="label">
								<left>10</left>
								<top>15</top>
								<width>215</width>
								<height>30</height>
								<font>font12</font>
								<align>center</align>
								<shadowcolor>black</shadowcolor>
								<label>$INFO[ListItem.Label2]</label>
							</control>
							<control type="label">
								<left>10</left>
								<top>55</top>
								<width>215</width>
								<height>30</height>
								<font>font12</font>
								<align>center</align>
								<shadowcolor>black</shadowcolor>
								<label>$INFO[ListItem.Season,S,]$INFO[ListItem.Episode, E,]$INFO[ListItem.Property(starttime), / ,]$INFO[ListItem.Property(endtime), - ,]$INFO[ListItem.Property(date), / ,]</label>
							</control>
							<control type="image">
								<description>background</description>
								<left>0</left>
								<top>0</top>
								<width>235</width>
								<height>105</height>
								<colordiffuse>menudiffuse</colordiffuse>
								<texture border="1">masks/Default_sharp.png</texture>
							</control>
						</control>
					</focusedlayout>
					<focusedlayout height="120" width="240" condition="!Control.HasFocus(403)">
						<include>HomeNewsCenterItemLayout</include>
					</focusedlayout>
					<!-- <include>SerienPlanerContent</include> -->
						<content target="pvr" sortby="time" sortorder="ascending">plugin://plugin.program.serienplaner/?methode=get_item_serienplaner&amp;reload=$INFO[Window(home).Property(SerienPlaner.Countdown)]</content>
				</control>
			</control>
		</control>
	</include>
</includes>