﻿<?xml version="1.0" encoding="UTF-8"?>
<window id="101">
  <defaultcontrol always="true">10</defaultcontrol>
  <coordinates>
    <system>1</system>
    <left>510</left>
    <top>352</top>
  </coordinates>
  <include>dialogeffect</include>
  <controls>
    <control type="image">
	  <description>background image</description>
	  <left>-60</left>
	  <top>-40</top>
	  <width>1000</width>
	  <height>430</height>
	  <texture background="true">skin/button_klein.png</texture>
	  <bordertexture border="10">ThumbShadow.png</bordertexture>
	  <bordersize>7</bordersize>
	  <colordiffuse>$VAR[BackColorFront]</colordiffuse>
	</control>
	<control type="image">
	  <description>background image</description>
	  <left>-55</left>
	  <top>-35</top>
	  <width>990</width>
	  <height>420</height>
	  <texture background="true">skin/button_klein.png</texture>
	  <bordertexture border="10">-</bordertexture>
	  <bordersize>7</bordersize>
	  <colordiffuse>$VAR[ColorButtonDialogeBack]</colordiffuse>
	</control>
    <control type="label" id="1">
      <description>heading label</description>
      <left>0</left>
      <top>0</top>
      <width>0</width>
      <height>0</height>
      <font>-</font>
      <visible>false</visible>
    </control>
    <control type="label">
      <description>header label</description>
      <left>30</left>
      <top>27</top>
      <width>840</width>
      <height>45</height>
      <font>primal_30</font>
      <label>$INFO[Control.GetLabel(1)] $INFO[System.Progressbar,- ,%]</label>
      <align>left</align>
      <aligny>center</aligny>
      <textcolor>$VAR[ColorFontSelected]</textcolor>
	  <shadowcolor>$VAR[ColorFontShadow]</shadowcolor>
    </control>
    <control type="textbox" id="9">
      <description>dialog line 1</description>
      <left>30</left>
      <top>85</top>
      <width>840</width>
      <height>240</height>
      <align>justify</align>
      <label>-</label>
      <font>primal_20</font>
    </control>
    <control type="progress">
      <description>Progressbar</description>
      <left>30</left>
      <top>233</top>
      <width>840</width>
      <height>20</height>
      <info>System.Progressbar</info>
    </control>
    <control type="button" id="10">
      <description>Cancel button</description>
      <left>300</left>
      <top>290</top>
      <width>300</width>
      <height>60</height>
      <label>222</label>
	  <align>center</align>
      <onleft>10</onleft>
      <onright>10</onright>
      <onup>10</onup>
      <ondown>10</ondown>
    </control>
  </controls>
</window>