﻿<?xml version="1.0" encoding="UTF-8"?>
<window>
  <defaultcontrol always="true">20</defaultcontrol>
  <coordinates>
    <system>1</system>
    <left>360</left>
    <top>30</top>
  </coordinates>
  <controls>
    <control type="image">
	  <left>-360</left>
	  <top>-30</top>
	  <width>1920</width>
	  <height>1080</height>
	  <texture background="true">background.png</texture>
	</control>
    <control type="group">
      <animation effect="fade" start="100" end="0" time="200" condition="Window.IsActive(AddonSettings)">Conditional</animation>
	  <control type="image">
		<description>background image</description>
		<left>-100</left>
		<top>-20</top>
		<width>1400</width>
		<height>1050</height>
		<texture background="true">skin/button_klein.png</texture>
	    <bordertexture border="10">ThumbShadow.png</bordertexture>
	    <bordersize>7</bordersize>
	    <colordiffuse>$VAR[ColorButtonDialogeBack]</colordiffuse>
	  </control>
      <control type="label" id="1">
        <description>header label</description>
        <left>30</left>
        <top>10</top>
        <width>1140</width>
        <height>45</height>
        <font>primal_30</font>
        <label>$LOCALIZE[20333]</label>
        <align>center</align>
        <aligny>center</aligny>
        <textcolor>$VAR[ColorFontSelected]</textcolor>
	    <shadowcolor>$VAR[ColorFontShadow]</shadowcolor>
      </control>
      <control type="label">
        <description>Content Picker Header</description>
        <left>45</left>
        <top>90</top>
        <width>480</width>
        <height>60</height>
        <font>primal_20_Bold</font>
        <label>$LOCALIZE[20344]</label>
        <align>left</align>
        <aligny>center</aligny>
        <textcolor>$VAR[ColorFontNormal]</textcolor>
	    <shadowcolor>$VAR[ColorFontShadow]</shadowcolor>
      </control>
      <control type="spincontrolex" id="20">
        <description>Content Picker</description>
        <left>45</left>
        <top>150</top>
        <width>480</width>
        <height>60</height>
        <font>-</font>
        <label>-</label>
        <reverse>yes</reverse>
        <onup>28</onup>
        <ondown>5</ondown>
        <onleft>60</onleft>
        <onright>21</onright>
      </control>
      <control type="label">
        <description>Content Picker label</description>
        <left>52</left>
        <top>150</top>
        <width>420</width>
        <height>60</height>
        <font>primal_20_Bold</font>
        <label>$INFO[Control.GetLabel(20)]</label>
        <align>left</align>
        <aligny>center</aligny>
        <textcolor>$VAR[ColorFontNormal]</textcolor>
	    <shadowcolor>$VAR[ColorFontShadow]</shadowcolor>
      </control>
      <control type="label">
        <description>Used Scraper Header</description>
        <left>45</left>
        <top>225</top>
        <width>480</width>
        <height>30</height>
        <font>primal_20_Bold</font>
        <label>$LOCALIZE[50211]</label>
        <align>left</align>
        <aligny>center</aligny>
        <textcolor>$VAR[ColorFontNormal]</textcolor>
	    <shadowcolor>$VAR[ColorFontShadow]</shadowcolor>
      </control>
      <control type="image">
        <description>Used Scraper Image</description>
        <left>45</left>
        <top>262</top>
        <width>480</width>
        <height>195</height>
        <aspectratio>keep</aspectratio>
        <texture>$INFO[ListItem.Icon]</texture>
      </control>
      <control type="label">
        <description>Used Scaper Label</description>
        <left>45</left>
        <top>472</top>
        <width>480</width>
        <height>45</height>
        <font>primal_20_Bold</font>
        <label>$INFO[ListItem.Label]</label>
        <align>center</align>
        <aligny>center</aligny>
        <textcolor>$VAR[ColorFontSelected]</textcolor>
	    <shadowcolor>$VAR[ColorFontShadow]</shadowcolor>
      </control>
      <control type="image">
        <left>555</left>
        <top>90</top>
        <width>8</width>
        <height>420</height>
        <aspectratio>stretch</aspectratio>
        <texture>separator_vertical.png</texture>
      </control>
      <control type="label">
        <description>Scraper List Header</description>
        <left>600</left>
        <top>90</top>
        <width>555</width>
        <height>60</height>
        <font>primal_20_Bold</font>
        <label>$LOCALIZE[50212]</label>
        <align>left</align>
        <aligny>center</aligny>
		<textcolor>$VAR[ColorFontNormal]</textcolor>
	    <shadowcolor>$VAR[ColorFontShadow]</shadowcolor>
      </control>
      <control type="list" id="21">
        <left>600</left>
        <top>150</top>
        <width>510</width>
        <height>362</height>
        <onup>21</onup>
        <onleft>20</onleft>
        <onright>60</onright>
        <ondown>21</ondown>
        <pagecontrol>60</pagecontrol>
        <scrolltime>200</scrolltime>
        <itemlayout height="65">
          <control type="image">
            <left>0</left>
            <top>0</top>
            <width>510</width>
            <height>62</height>
            <texture>skin/button_klein.png</texture>
			<colordiffuse>$VAR[BackColorFront]</colordiffuse>
          </control>
          <control type="image">
            <left>8</left>
            <top>8</top>
            <width>52</width>
            <height>45</height>
            <texture>$INFO[Listitem.Icon]</texture>
          </control>
          <control type="label">
            <left>75</left>
            <top>0</top>
            <width>435</width>
            <height>60</height>
            <font>primal_20</font>
            <align>left</align>
            <aligny>center</aligny>
            <textcolor>$VAR[ColorFontNormal]</textcolor>
	        <shadowcolor>$VAR[ColorFontShadow]</shadowcolor>
            <selectedcolor>$VAR[ColorFontSelected]</selectedcolor>
            <info>ListItem.Label</info>
          </control>
        </itemlayout>
        <focusedlayout height="65">
          <control type="image">
            <left>0</left>
            <top>0</top>
            <width>510</width>
            <height>62</height>
            <visible>!Control.HasFocus(21)</visible>
            <texture>skin/button_klein.png</texture>
			<colordiffuse>$VAR[BackColorFront]</colordiffuse>
          </control>
          <control type="image">
            <left>0</left>
            <top>0</top>
            <width>510</width>
            <height>62</height>
			<texture background="true">skin/button_klein.png</texture>
	        <colordiffuse>$VAR[BackColorButton]</colordiffuse>
            <visible>Control.HasFocus(21)</visible>
          </control>
          <control type="image">
            <left>8</left>
            <top>8</top>
            <width>52</width>
            <height>45</height>
            <texture>$INFO[Listitem.Icon]</texture>
          </control>
          <control type="label">
            <left>75</left>
            <top>0</top>
            <width>435</width>
            <height>60</height>
            <font>primal_20</font>
            <align>left</align>
            <aligny>center</aligny>
            <textcolor>$VAR[ColorFontNormal]</textcolor>
	        <shadowcolor>$VAR[ColorFontShadow]</shadowcolor>
            <selectedcolor>$VAR[ColorFontSelected]</selectedcolor>
            <info>ListItem.Label</info>
          </control>
        </focusedlayout>
      </control>
      <control type="scrollbar" id="60">
        <left>1118</left>
        <top>150</top>
        <width>38</width>
        <height>360</height>
        <texturesliderbackground border="0,14,0,14">ScrollBarV.png</texturesliderbackground>
        <texturesliderbar border="0,14,0,14">ScrollBarV_bar.png</texturesliderbar>
        <texturesliderbarfocus border="0,14,0,14">ScrollBarV_bar_focus.png</texturesliderbarfocus>
        <textureslidernib>ScrollBarNib.png</textureslidernib>
        <textureslidernibfocus>ScrollBarNib.png</textureslidernibfocus>
        <onleft>4</onleft>
        <onright>3</onright>
        <showonepage>false</showonepage>
        <orientation>vertical</orientation>
      </control>
      <control type="label">
        <description>Scanning Options Header</description>
        <left>45</left>
        <top>544</top>
        <width>1110</width>
        <height>45</height>
        <font>primal_20_Bold</font>
        <label>$LOCALIZE[50213]</label>
        <align>center</align>
        <aligny>center</aligny>
        <textcolor>$VAR[ColorFontNormal]</textcolor>
	    <shadowcolor>$VAR[ColorFontShadow]</shadowcolor>
      </control>
      <control type="grouplist" id="5">
        <description>control area</description>
        <left>45</left>
        <top>600</top>
        <width>1110</width>
        <height>300</height>
        <itemgap>5</itemgap>
        <onup>20</onup>
        <ondown>28</ondown>
        <onleft>5</onleft>
        <onright>5</onright>
      </control>
      <control type="button" id="7">
        <description>Default Button</description>
        <left>0</left>
        <top>0</top>
        <height>60</height>
        <font>primal_20</font>
      </control>
      <control type="radiobutton" id="8">
        <description>Default RadioButton</description>
        <left>0</left>
        <top>0</top>
        <height>60</height>
        <font>primal_20</font>
      </control>
      <control type="group" id="9001">
        <top>922</top>
        <control type="button" id="28">
          <description>OK Button</description>
          <left>450</left>
          <top>0</top>
          <width>300</width>
          <height>60</height>
          <align>center</align>
          <aligny>center</aligny>
          <font>primal_20_Bold</font>
          <label>186</label>
          <onleft>22</onleft>
          <onright>29</onright>
          <onup>5</onup>
          <ondown>3</ondown>
        </control>
        <control type="button" id="29">
          <description>Cancel Button</description>
          <left>765</left>
          <top>0</top>
          <width>300</width>
          <height>60</height>
          <align>center</align>
          <aligny>center</aligny>
          <font>primal_20_Bold</font>
          <label>222</label>
          <onleft>28</onleft>
          <onright>22</onright>
          <onup>5</onup>
          <ondown>3</ondown>
        </control>
        <control type="button" id="22">
          <description>Settings Button</description>
          <left>135</left>
          <top>0</top>
          <width>300</width>
          <height>60</height>
          <align>center</align>
          <aligny>center</aligny>
          <font>primal_20_Bold</font>
          <label>5</label>
          <onleft>29</onleft>
          <onright>28</onright>
          <onup>5</onup>
          <ondown>20</ondown>
        </control>
      </control>
    </control>
  </controls>
</window>