﻿<?xml version="1.0" encoding="UTF-8"?>
<window id="131">
  <defaultcontrol>5</defaultcontrol>
  <coordinates>
    <system>1</system>
    <left>435</left>
    <top>112</top>
  </coordinates>
  <include>dialogeffect</include>
  <controls>
    <control type="image">
      <description>background image</description>
      <left>0</left>
      <top>0</top>
      <width>1050</width>
      <height>855</height>
      <texture background="true">skin/button_klein.png</texture>
	  <bordertexture border="10">ThumbShadow.png</bordertexture>
	  <bordersize>6</bordersize>
	  <colordiffuse>$VAR[BackColorFront]</colordiffuse>
    </control>
	<control type="image">
      <description>background image</description>
      <left>12</left>
      <top>12</top>
      <width>1026</width>
      <height>831</height>
      <texture background="true">skin/button_klein.png</texture>
	  <colordiffuse>$VAR[ColorButtonDialogeBack]</colordiffuse>
    </control>
    <control type="grouplist" id="5">
      <description>control area</description>
      <left>30</left>
      <top>120</top>
      <width>990</width>
      <height>600</height>
      <itemgap>5</itemgap>
      <pagecontrol>60</pagecontrol>
      <onleft>28</onleft>
      <onright>60</onright>
      <onup>28</onup>
      <ondown>28</ondown>
    </control>
    <control type="button" id="7">
      <description>Default Button</description>
      <left>0</left>
      <top>0</top>
      <height>60</height>
      <font>primal_20</font>
    </control>
    <control type="radiobutton" id="8">
      <description>Default RadioButton</description>
      <left>0</left>
      <top>0</top>
      <height>60</height>
      <font>primal_20</font>
    </control>
    <control type="spincontrolex" id="9">
      <description>Default SpinControlex</description>
      <left>0</left>
      <top>0</top>
      <height>60</height>
      <aligny>center</aligny>
      <reverse>yes</reverse>
    </control>
    <control type="image" id="11">
      <description>separator image</description>
      <height>3</height>
      <texture>separator2.png</texture>
    </control>
    <control type="button" id="28">
      <description>Ok Button</description>
      <left>218</left>
      <top>750</top>
      <width>300</width>
      <height>60</height>
      <align>center</align>
      <aligny>center</aligny>
      <label>186</label>
      <onleft>29</onleft>
      <onright>29</onright>
      <onup>5</onup>
      <ondown>5</ondown>
    </control>
    <control type="button" id="29">
      <description>Cancel Button</description>
      <left>532</left>
      <top>750</top>
      <width>300</width>
      <height>60</height>
      <align>center</align>
      <aligny>center</aligny>
      <label>222</label>
      <onleft>28</onleft>
      <onright>28</onright>
      <onup>5</onup>
      <ondown>5</ondown>
    </control>
  </controls>
</window>