<?xml version="1.0" encoding="UTF-8"?>
<window>
	<defaultcontrol always="true">50</defaultcontrol>
	<allowoverlay>no</allowoverlay>
	<include>ViewsidRecordings</include>
	<controls>
	    <include>CommonHomeBack</include>
		<include>CommonAllFront3</include>	
		<include>SideBladeForViews</include>			
		<include>BigInfosTime</include>
		<include>BigInfosDatabaseCount</include>
		<include>BigInfosWeather</include>
		<include>CommonHomeButton</include>
		<include>HomePlaying</include>	
		<control type="group">
			<description>Recordings group</description>
			<visible>Control.IsVisible(50)</visible>
			<include>Animation.ZoomIn</include>
			<control type="list" id="50">
				<left>184</left>
				<top>165</top>
				<width>1645</width>
				<height>810</height>
				<onleft>9020</onleft>
				<onright>72</onright>
				<onup>50</onup>
				<ondown>50</ondown>
				<viewtype label="535">list</viewtype>
				<pagecontrol>72</pagecontrol>
				<scrolltime>200</scrolltime>
				<itemlayout height="65" width="760">
					<control type="image">
						<left>0</left>
						<top>0</top>
						<width>1772</width>
						<height>1</height>
						<texture background="true">default/separator.png</texture>
					</control>
					<control type="image">
						<left>10</left>
						<top>0</top>
						<width>60</width>
						<height>60</height>
						<texture background="true" fallback="DefaultVideoCover.png">$INFO[ListItem.Icon]</texture>
						<aspectratio>keep</aspectratio>
					</control>
					<control type="label">
						<left>90</left>
						<top>9</top>
						<width>605</width>
						<height>40</height>
						<font>font13</font>
						<textcolor>$VAR[ColorFontSelected]</textcolor>
	                    <shadowcolor>$VAR[ColorFontShadow]</shadowcolor>
						<selectedcolor>$VAR[ColorFontSelected]</selectedcolor>
						<align>left</align>
						<aligny>center</aligny>
						<label>$INFO[ListItem.Label]</label>
					</control>
					<control type="label">
						<left>1120</left>
						<top>9</top>
						<width>500</width>
						<height>40</height>
						<font>primal_18</font>
						<textcolor>$VAR[ColorFontSelected]</textcolor>
	                    <shadowcolor>$VAR[ColorFontShadow]</shadowcolor>
						<selectedcolor>$VAR[ColorFontSelected]</selectedcolor>
						<align>right</align>
						<aligny>center</aligny>
						<label>$INFO[ListItem.Date]</label>
					</control>
					<control type="image">
						<left>730</left>
						<top>14</top>
						<width>20</width>
						<height>16</height>
						<texture>$INFO[ListItem.Overlay]</texture>
						<aspectratio>keep</aspectratio>
						<visible>!ListItem.IsResumable</visible>
					</control>
					<control type="image">
						<left>730</left>
						<top>14</top>
						<width>16</width>
						<height>16</height>
						<texture>OverlayWatching.png</texture>
						<visible>ListItem.IsResumable</visible>
					</control>
				</itemlayout>
				<focusedlayout height="205" width="760">
				<control type="group">
					<control type="image">
						<left>0</left>
						<top>0</top>
						<width>1714</width>
						<height>203</height>
						<texture background="true">skin/button_klein.png</texture>
		                <colordiffuse>$VAR[BackColorButton]</colordiffuse>
						<visible>Control.HasFocus(50)</visible>
					</control>
					<control type="image">
						<left>0</left>
						<top>0</top>
						<width>1714</width>
						<height>203</height>
						<texture background="true">skin/button_klein.png</texture>
		                <colordiffuse>$VAR[BackColorButton]</colordiffuse>
						<visible>!Control.HasFocus(50)</visible>
					</control>
					<control type="image">
						<left>560</left>
						<top>5</top>
						<width>203</width>
						<height>31</height>
						<texture border="0,0,14,0">MediaItemDetailBG.png</texture>
						<visible>Control.HasFocus(50) + !IsEmpty(ListItem.Date)</visible>
					</control>
					<control type="image">
						<left>10</left>
						<top>10</top>
						<width>280</width>
						<height>180</height>
						<texture background="true" fallback="DefaultVideoCover.png">$INFO[ListItem.Icon]</texture>
						<aspectratio>keep</aspectratio>
					</control>
					<control type="label">
						<left>310</left>
						<top>9</top>
						<width>630</width>
						<height>40</height>
						<font>primal_20</font>
						<textcolor>$VAR[ColorFontSelected]</textcolor>
	                    <shadowcolor>$VAR[ColorFontShadow]</shadowcolor>
						<selectedcolor>$VAR[ColorFontSelected]</selectedcolor>
						<align>left</align>
						<aligny>center</aligny>
						<label>$INFO[ListItem.Label]</label>
					</control>
					<control type="textbox">
						<description>Description Value for TV Show</description>
						<left>310</left>
						<top>65</top>
						<width>1310</width>
						<height>100</height>
						<font>primal_18</font>
						<align>justify</align>
						<textcolor>white</textcolor>
						<shadowcolor>$VAR[ColorFontShadow]</shadowcolor>
						<label>[COLOR $VAR[ColorFontNormal]]$INFO[ListItem.Plot][/COLOR]</label>
						<autoscroll time="2000" delay="3000" repeat="5000">Skin.HasSetting(AutoScroll)</autoscroll>
					</control>
					<control type="label">
						<left>1120</left>
						<top>9</top>
						<width>500</width>
						<height>40</height>
						<font>primal_18</font>
						<textcolor>$VAR[ColorFontSelected]</textcolor>
	                    <shadowcolor>$VAR[ColorFontShadow]</shadowcolor>
						<selectedcolor>$VAR[ColorFontSelected]</selectedcolor>
						<align>right</align>
						<aligny>center</aligny>
						<label>$INFO[ListItem.Date]</label>
					</control>
					<control type="image">
						<left>730</left>
						<top>14</top>
						<width>20</width>
						<height>16</height>
						<texture>$INFO[ListItem.Overlay]</texture>
						<aspectratio>keep</aspectratio>
						<visible>!ListItem.IsResumable</visible>
					</control>
					<control type="image">
						<left>730</left>
						<top>14</top>
						<width>16</width>
						<height>16</height>
						<texture>OverlayWatching.png</texture>
						<visible>ListItem.IsResumable</visible>
					</control>	
				  </control>				  
				</focusedlayout>
			</control>
			<control type="scrollbar" id="72">
				<left>1845</left>
				<top>165</top>
				<width>10</width>
				<height>810</height>
				<texturesliderbackground>button/ScrollBarV.png</texturesliderbackground>
				<texturesliderbar colordiffuse="$VAR[BackColorFront]">button/ScrollBarV_bar.png</texturesliderbar>
				<texturesliderbarfocus colordiffuse="$VAR[BackColorButton]">button/ScrollBarV_bar_focus.png</texturesliderbarfocus>
				<textureslidernib>button/ScrollBarNib.png</textureslidernib>
				<textureslidernibfocus>button/ScrollBarNib.png</textureslidernibfocus>
				<showonepage>true</showonepage>
				<orientation>vertical</orientation>
				<onleft>50</onleft>
				<onright>1860</onright>
			</control>
			<control type="label">
				<description>Page Count Label</description>
				<left>80</left>
				<top>1020</top>
				<width>500</width>
				<height>20</height>
				<font>primal_20</font>
				<textcolor>$VAR[ColorFontNormal]</textcolor>
				<shadowcolor>$VAR[ColorFontShadow]</shadowcolor>
				<scroll>false</scroll>
				<aligny>center</aligny>
				<label>($INFO[Container(50).NumItems]) $LOCALIZE[19163] - $LOCALIZE[31024] ($INFO[Container(50).CurrentPage]/$INFO[Container(50).NumPages])</label>		
			</control>
		</control>

		<include>PVRSideBlade</include>
	</controls>
</window>
