﻿<?xml version="1.0" encoding="UTF-8"?>
<window id="25">
  <defaultcontrol always="true">9999</defaultcontrol>
  <!--<onload>RunScript(script.extendedinfo,backend=true)</onload>-->
  <onload condition="Skin.HasSetting(tv_theme) + System.HasAddon(script.tvtunes)">XBMC.RunScript(script.tvtunes,backend=True)</onload>
  <onload condition="System.HasAddon(script.tv.show.next.aired) + !Skin.HasSetting(NextAiredInfo)">RunScript(script.tv.show.next.aired,backend=True)</onload>
  <onload condition="Skin.HasSetting(tv_theme) + !SubString(Window(10025).Property(CinemaExperienceRunning),True)">RunScript(script.tvtunes,backend=True)</onload>
  <allowoverlay>no</allowoverlay>
  <include>ViewidVideo</include>
  <visible>!Skin.HasSetting(kiosk)</visible>
  <controls>
	<control type="button" id="9999">
		<description>trigger</description>
		<include condition="!Skin.HasSetting(tv_theme)">no_tv_theme</include>
		<include condition="Skin.HasSetting(tv_theme)">yes_tv_theme</include>
		<texturenofocus>-</texturenofocus>
		<texturefocus>-</texturefocus>
	</control> 
	
	<include>CommonHomeBack</include>
	<include>SideBladeForViews</include>
	<include>CommonPageCount</include>
	<include>CommonPageCountView</include>	
	<include>ViewsVideo</include>	
	<include>BigInfosTime</include>
	<include>BigInfosDatabaseCount</include>
	<include>BigInfosWeather</include>
	<include>CommonHomeButton</include>
	<include>HomePlaying</include>
	<include>JumpBarHorizontal</include>
	  
    <control type="group">
      <visible>!Skin.HasSetting(kiosk)</visible>
      <animation effect="slide" start="0,0" end="480,0" time="400" tween="quadratic" easing="out" condition="ControlGroup(9020).HasFocus">Conditional</animation>
      <animation effect="slide" start="0,0" end="-570,0" time="400" tween="quadratic" easing="out" condition="ControlGroup(9020).HasFocus">WindowClose</animation>
      <control type="image">
        <left>-495</left>
        <top>0</top>
        <width>420</width>
        <height>1080</height>
        <texture background="true">skin/button_klein.png</texture>
		<bordertexture border="10">ThumbShadow2.png</bordertexture>
		<bordersize>7</bordersize>
		<colordiffuse>$VAR[ColorButtonDialogeBack]</colordiffuse>
        <aspectratio>stretch</aspectratio>
      </control> 
      <control type="group">
        <left>-457</left>
        <top>60</top>
        <control type="label">
          <description>View options</description>
          <left>0</left>
          <top>0</top>
          <width>375</width>
          <height>45</height>
          <font>primal_20</font>
          <textcolor>$VAR[ColorFontSelected]</textcolor>
	      <shadowcolor>$VAR[ColorFontShadow]</shadowcolor>
          <scroll>false</scroll>
          <align>left</align>
          <aligny>center</aligny>
          <label>$LOCALIZE[50028]</label>
        </control>
      </control>
      <!-- MENU ITEMS BELOW -->
      <control type="grouplist" id="9020">
		<description>My first group list control</description>
		<left>-482</left>
		<top>120</top>
		<width>400</width>
		<height>800</height>
		<itemgap>2</itemgap>
		<pagecontrol>25</pagecontrol>
		<scrolltime tween="sine" easing="out">200</scrolltime>
		<orientation>vertical</orientation>
		<usecontrolcoords>false</usecontrolcoords>
		<visible>true</visible>
		<onleft>55</onleft>
		<onright>55</onright>
		<onup>9020</onup>
		<ondown>9020</ondown>
		<control type="button" id="1">
		  <description>View</description>
		  <height>60</height>
		  <width>400</width>
		  <label>457</label>
		  <onclick>Control.SetFocus(9030)</onclick>
		</control>
		<control type="button" id="30">
		  <description>View</description>
		  <height>60</height>
		  <width>400</width>
		  <label>14018</label>
		  <onclick>Control.SetFocus(9031)</onclick>
		  <visible>Control.IsVisible(598) | Control.IsVisible(604) | Control.IsVisible(611)</visible>
		</control>
        <!--<control type="button" id="2">
          <description>View As button</description>
          <height>60</height>
		  <width>400</width>
          <label>-</label>
		  <textcolor>$VAR[ColorFontNormal]</textcolor>
	      <shadowcolor>$VAR[ColorFontShadow]</shadowcolor>
        </control>-->
        <control type="button" id="3">
          <description>Sort by button</description>
          <height>60</height>
		  <width>400</width>
          <label>103</label>
		  <textcolor>$VAR[ColorFontNormal]</textcolor>
	      <shadowcolor>$VAR[ColorFontShadow]</shadowcolor>
        </control>
        <control type="togglebutton" id="4">
          <description>Sort asc</description>
		  <height>60</height>
		  <width>400</width>
          <label>50029</label>
		  <textcolor>$VAR[ColorFontNormal]</textcolor>
	      <shadowcolor>$VAR[ColorFontShadow]</shadowcolor>
		  <altlabel>50324</altlabel>
        </control>
        <control type="radiobutton" id="16">
          <description>PartyMode</description>
		  <height>60</height>
		  <width>400</width>
          <label>589</label>
		  <textcolor>$VAR[ColorFontNormal]</textcolor>
	      <shadowcolor>$VAR[ColorFontShadow]</shadowcolor>
        </control>
        <control type="radiobutton" id="14">
          <description>HIDE Watched Toggle</description>
          <label>20367</label>
		  <textcolor>$VAR[ColorFontNormal]</textcolor>
	      <shadowcolor>$VAR[ColorFontShadow]</shadowcolor>
          <height>60</height>
		  <width>400</width>
        </control>
        <control type="edit" id="19">
		  <visible>Container.CanFilter + !Container.CanFilterAdvanced</visible>
          <description>Filter</description>
          <label>587</label>
		  <textcolor>$VAR[ColorFontNormal]</textcolor>
	      <shadowcolor>$VAR[ColorFontShadow]</shadowcolor>
          <height>60</height>
		  <width>400</width>
        </control>
		<control type="radiobutton" id="98">
		  <visible>Container.CanFilterAdvanced</visible>
		  <description>Filter</description>
		  <height>60</height>
		  <width>400</width>
		  <label>587</label>
		  <textcolor>$VAR[ColorFontNormal]</textcolor>
	      <shadowcolor>$VAR[ColorFontShadow]</shadowcolor>
		  <selected>Container.Filtered</selected>
		  <onclick>right</onclick>
		  <onclick>Filter</onclick>
		</control>
        <control type="togglebutton" id="20">
          <description>Update library</description>
		  <height>60</height>
		  <width>400</width>
          <label>653</label>
          <altlabel>13353</altlabel>
		  <textcolor>$VAR[ColorFontNormal]</textcolor>
	      <shadowcolor>$VAR[ColorFontShadow]</shadowcolor>
          <usealttexture>library.isscanningvideo</usealttexture>
        </control>
		<control type="button" id="8">
		  <height>60</height>
		  <width>400</width>
          <description>Search</description>
          <label>137</label>
		  <textcolor>$VAR[ColorFontNormal]</textcolor>
	      <shadowcolor>$VAR[ColorFontShadow]</shadowcolor>
        </control>
        <control type="radiobutton" id="11">
		  <height>60</height>
		  <width>400</width>
          <description>Unlock Shares</description>
          <label>20336</label>
		  <textcolor>$VAR[ColorFontNormal]</textcolor>
	      <shadowcolor>$VAR[ColorFontShadow]</shadowcolor>
          <onclick>xbmc.mastermode</onclick>
          <selected>system.ismaster</selected>
          <visible>system.haslocks</visible>
        </control>
      </control>
    </control>
	<include>ViewTypeList</include>
	<include>ViewTypeOption</include>
    <control type="group">
      <left>30</left>
      <top>75</top>
      <visible>Container.Content(Movies) + Container.Scrolling + [StringCompare(Container.SortMethod,$LOCALIZE[551]) | StringCompare(Container.SortMethod,$LOCALIZE[561]) | StringCompare(Container.SortMethod,$LOCALIZE[558]) | StringCompare(Container.SortMethod,$LOCALIZE[557]) | StringCompare(Container.SortMethod,$LOCALIZE[556])]</visible>
      <control type="label">
        <include>WindowTitleCommons</include>
        <left>0</left>
        <label>$INFO[ListItem.SortLetter]</label>
      </control>
    </control>
  </controls>
</window>