﻿<?xml version="1.0" encoding="UTF-8"?>
<window id="130">
  <coordinates>
    <system>1</system>
    <left>435</left>
    <top>112</top>
  </coordinates>
  <include>dialogeffect</include>
  <controls>
    <control type="image">
      <description>background image</description>
      <left>0</left>
      <top>0</top>
      <width>1050</width>
      <height>855</height>
      <texture background="true">skin/button_klein.png</texture>
	  <bordertexture border="10">ThumbShadow.png</bordertexture>
	  <bordersize>6</bordersize>
	  <colordiffuse>$VAR[BackColorFront]</colordiffuse>
    </control>
	<control type="image">
      <description>background image</description>
      <left>12</left>
      <top>12</top>
      <width>1026</width>
      <height>831</height>
      <texture background="true">skin/button_klein.png</texture>
	  <colordiffuse>$VAR[ColorButtonDialogeBack]</colordiffuse>
    </control>
    <control type="label">
      <description>header label</description>
      <left>30</left>
      <top>27</top>
      <width>990</width>
      <height>45</height>
      <font>primal_18</font>
      <label>$LOCALIZE[20067]</label>
      <align>center</align>
      <aligny>center</aligny>
      <textcolor>$VAR[ColorFontNormal]</textcolor>
	  <shadowcolor>$VAR[ColorFontShadow]</shadowcolor>
	  <selectedcolor>$VAR[ColorFontSelected]</selectedcolor>
    </control>
    <control type="image" id="101">
      <description>profile image</description>
      <left>30</left>
      <top>105</top>
      <width>225</width>
      <height>225</height>
      <align>left</align>
      <aspectratio>stretch</aspectratio>
      <texture>unknown-user.png</texture>
      <bordertexture border="10">ThumbShadow.png</bordertexture>
      <bordersize>6</bordersize>
    </control>
    <control type="label">
      <description>profile name label</description>
      <left>300</left>
      <top>105</top>
      <width>690</width>
      <align>left</align>
      <font>primal_18</font>
      <textcolor>$VAR[ColorFontNormal]</textcolor>
	  <shadowcolor>$VAR[ColorFontShadow]</shadowcolor>
	  <selectedcolor>$VAR[ColorFontSelected]</selectedcolor>
      <label>$LOCALIZE[20093]</label>
    </control>
    <control type="label" id="102">
      <description>profile name Value</description>
      <left>300</left>
      <top>142</top>
      <width>690</width>
      <align>left</align>
      <font>primal_18</font>
      <textcolor>$VAR[ColorFontNormal]</textcolor>
	  <shadowcolor>$VAR[ColorFontShadow]</shadowcolor>
	  <selectedcolor>$VAR[ColorFontSelected]</selectedcolor>
    </control>
    <control type="label">
      <description>profile directory label</description>
      <left>300</left>
      <top>232</top>
      <width>690</width>
      <align>left</align>
      <font>primal_18</font>
      <textcolor>$VAR[ColorFontNormal]</textcolor>
	  <shadowcolor>$VAR[ColorFontShadow]</shadowcolor>
	  <selectedcolor>$VAR[ColorFontSelected]</selectedcolor>
      <label>$LOCALIZE[20070]</label>
    </control>
    <control type="label" id="103">
      <description>profile directory Value</description>
      <left>300</left>
      <top>270</top>
      <width>690</width>
      <align>left</align>
      <font>primal_18</font>
      <textcolor>$VAR[ColorFontNormal]</textcolor>
	  <shadowcolor>$VAR[ColorFontShadow]</shadowcolor>
	  <selectedcolor>$VAR[ColorFontSelected]</selectedcolor>
    </control>
    <control type="grouplist" id="5">
      <description>control area</description>
      <left>30</left>
      <top>360</top>
      <width>990</width>
      <height>360</height>
      <itemgap>5</itemgap>
      <pagecontrol>60</pagecontrol>
      <onleft>28</onleft>
      <onright>60</onright>
      <onup>28</onup>
      <ondown>28</ondown>
    </control>
    <control type="button" id="7">
      <description>Default Button</description>
      <left>0</left>
      <top>0</top>
      <height>60</height>
    </control>
    <control type="radiobutton" id="8">
      <description>Default RadioButton</description>
      <left>0</left>
      <top>0</top>
      <height>60</height>
    </control>
    <control type="spincontrolex" id="9">
      <description>Default SpinControlex</description>
      <left>0</left>
      <top>0</top>
      <height>60</height>
      <aligny>center</aligny>
      <reverse>yes</reverse>
    </control>
    <control type="button" id="28">
      <description>Ok Button</description>
      <left>218</left>
      <top>750</top>
      <width>300</width>
      <height>60</height>
      <align>center</align>
      <aligny>center</aligny>
      <label>186</label>
      <onleft>29</onleft>
      <onright>29</onright>
      <onup>5</onup>
      <ondown>5</ondown>
    </control>
    <control type="button" id="29">
      <description>Cancel Button</description>
      <left>532</left>
      <top>750</top>
      <width>300</width>
      <height>60</height>
      <align>center</align>
      <aligny>center</aligny>
      <label>222</label>
      <onleft>28</onleft>
      <onright>28</onright>
      <onup>5</onup>
      <ondown>5</ondown>
    </control>
  </controls>
</window>