﻿<?xml version="1.0" encoding="UTF-8"?>
<window id="129">
  <defaultcontrol always="true">22</defaultcontrol>
  <allowoverlay>no</allowoverlay>
  <coordinates>
    <system>1</system>
    <left>278</left>
    <top>90</top>
  </coordinates>
  <controls>
      <control type="image">
		<left>-278</left>
		<top>-90</top>
		<width>1920</width>
		<height>1080</height>
		<texture background="true">background.png</texture>
	  </control>
	  <control type="group">
		<visible>!Window.IsActive(virtualkeyboard) + !Window.IsVisible(smartplaylistrule) + !Window.IsActive(selectdialog)</visible>
	  <control type="image">
		<left>12</left>
		<top>10</top>
		<width>1336</width>
		<height>960</height>
		<texture background="true">skin/button_klein.png</texture>
		<bordertexture border="10">ThumbShadow.png</bordertexture>
		<bordersize>6</bordersize>
		<colordiffuse>$VAR[BackColorFront]</colordiffuse>
	  </control>
	  <control type="image">
		<left>17</left>
		<top>15</top>
		<width>1326</width>
		<height>950</height>
		<texture background="true">skin/button_klein.png</texture>
		<bordertexture border="10">-</bordertexture>
		<bordersize>6</bordersize>
		<colordiffuse>$VAR[ColorButtonDialogeBack]</colordiffuse>
	  </control>
	  <control type="button">
		<description>Close Window button</description>
		<left>1307</left>
		<top>0</top>
		<width>48</width>
		<height>48</height>
		<label>-</label>
		<font>-</font>
		<onclick>PreviousMenu</onclick>
		<texturefocus>default/close.png</texturefocus>
		<texturenofocus>default/close.png</texturenofocus>
		<onleft>2</onleft>
		<onright>2</onright>
		<onup>2</onup>
		<ondown>2</ondown>
		<visible>system.getbool(input.enablemouse)</visible>
	  </control>
	  <control type="label">
		<description>header label</description>
		<left>35</left>
		<top>20</top>
		<width>870</width>
		<height>45</height>
		<font>primal_20</font>
        <align>left</align>
        <aligny>center</aligny>
        <textcolor>$VAR[ColorFontNormal]</textcolor>
	    <shadowcolor>$VAR[ColorFontShadow]</shadowcolor>
      </control>
      <control type="spincontrolex" id="22">
        <description>Set Playlist type</description>
        <left>30</left>
        <top>105</top>
        <width>1300</width>
        <height>70</height>
        <label>467</label>
        <font>primal_20</font>
        <onright>22</onright>
        <onleft>22</onleft>
        <onup>9001</onup>
        <ondown>12</ondown>
      </control>
      <control type="label">
        <description>Name Label</description>
        <left>45</left>
        <top>180</top>
        <width>1300</width>
		<height>60</height>
        <label>21433</label>
        <font>primal_20</font>
        <textcolor>$VAR[ColorFontSelected]</textcolor>
	    <shadowcolor>$VAR[ColorFontShadow]</shadowcolor>
      </control>
      <control type="edit" id="12">
        <description>Name Button</description>
        <left>30</left>
        <top>232</top>
        <width>1300</width>
        <height>70</height>
        <textoffsetx>15</textoffsetx>
        <textwidth>1125</textwidth>
		<textcolor>white</textcolor>
	    <shadowcolor>$VAR[ColorFontShadow]</shadowcolor>
        <font>primal_20</font>
        <align>center</align>
        <label>-</label>
        <onup>22</onup>
        <onleft>12</onleft>
        <onright>12</onright>
        <ondown>10</ondown>
      </control>
      <control type="label">
        <description>rules label</description>
        <left>45</left>
        <top>315</top>
        <width>1110</width>
		<height>60</height>
        <align>left</align>
        <label>21434</label>
        <font>primal_20</font>
        <textcolor>$VAR[ColorFontSelected]</textcolor>
	    <shadowcolor>$VAR[ColorFontShadow]</shadowcolor>
      </control>
      <control type="list" id="10">
        <description>Rules List Control</description>
        <left>30</left>
        <top>365</top>
        <width>950</width>
        <height>182</height>
        <onup>12</onup>
        <onleft>9000</onleft>
        <onright>9000</onright>
        <ondown>16</ondown>
        <itemlayout width="840" height="60">
          <control type="label">
            <left>15</left>
            <top>0</top>
            <width>950</width>
            <height>70</height>
            <aligny>center</aligny>
            <info>ListItem.Label</info>
            <selectedcolor>selected</selectedcolor>
            <font>primal_20</font>
          </control>
        </itemlayout>
        <focusedlayout width="840" height="60">
          <control type="image">
            <left>0</left>
            <top>0</top>
            <width>950</width>
            <height>70</height>
			<texture>skin/button_klein.png</texture>
			<colordiffuse>$VAR[BackColorButton]</colordiffuse>
            <visible>Control.HasFocus(10)</visible>
          </control>
          <control type="image">
            <left>0</left>
            <top>0</top>
            <width>950</width>
            <height>70</height>
            <texture>skin/button_klein.png</texture>
	        <colordiffuse>$VAR[ColorButtonNoFocus]</colordiffuse>
            <visible>!Control.HasFocus(10)</visible>
          </control>
          <control type="label">
            <left>15</left>
            <top>0</top>
            <width>800</width>
            <height>60</height>
            <aligny>center</aligny>
            <info>ListItem.Label</info>
		    <selectedcolor>$VAR[ColorFontSelected]</selectedcolor>
            <font>primal_20</font>
          </control>
        </focusedlayout>
      </control>
      <control type="group" id="9000">
	      <left>160</left>
          <top>5</top>
        <control type="button" id="13">
          <description>Add Rule Button</description>
          <left>835</left>
          <top>360</top>
          <width>335</width>
          <height>70</height>
          <label>15019</label>
          <font>primal_20</font>
          <align>center</align>
          <aligny>center</aligny>
          <onup>17</onup>
          <onleft>10</onleft>
          <onright>10</onright>
          <ondown>14</ondown>
        </control>
        <control type="button" id="14">
          <description>Remove Rule Button</description>
          <left>835</left>
          <top>431</top>
          <height>70</height>
          <width>335</width>
          <label>1210</label>
          <font>primal_20</font>
          <align>center</align>
          <aligny>center</aligny>
          <onup>13</onup>
          <onleft>10</onleft>
          <onright>10</onright>
          <ondown>15</ondown>
        </control>
        <control type="button" id="15">
          <description>Edit Rule Button</description>
          <left>835</left>
          <top>502</top>
          <height>70</height>
          <width>335</width>
          <label>21435</label>
          <font>primal_20</font>
          <align>center</align>
          <aligny>center</aligny>
          <onup>14</onup>
          <onleft>10</onleft>
          <onright>10</onright>
          <ondown>16</ondown>
        </control>
      </control>
      <control type="label">
        <description>Name Label</description>
        <left>35</left>
        <top>530</top>
        <width>1110</width>
		<height>60</height>
        <label>50145</label>
        <font>primal_20</font>
        <textcolor>$VAR[ColorFontNormal]</textcolor>
	    <shadowcolor>$VAR[ColorFontShadow]</shadowcolor>
      </control>
      <control type="spincontrolex" id="16">
        <left>30</left>
        <top>580</top>
        <width>1300</width>
        <height>60</height>
        <label>21424</label>
        <font>primal_20</font>
        <onright>16</onright>
        <onleft>16</onleft>
        <onup>10</onup>
        <ondown>17</ondown>
      </control>
      <control type="spincontrolex" id="17">
        <left>30</left>
        <top>641</top>
        <width>1300</width>
        <height>60</height>
        <label>21427</label>
        <font>primal_20</font>
        <onright>17</onright>
        <onleft>17</onleft>
        <onup>16</onup>
        <ondown>18</ondown>
      </control>
      <control type="spincontrolex" id="18">
        <left>30</left>
        <top>702</top>
        <width>964</width>
        <height>60</height>
        <label>21429</label>
        <font>primal_20</font>
        <onright>19</onright>
        <onleft>19</onleft>
        <onup>17</onup>
        <ondown>19</ondown>
      </control>
      <control type="togglebutton" id="19">
        <left>995</left>
        <top>702</top>
        <width>335</width>
        <height>60</height>
        <font>primal_20</font>
        <align>center</align>
        <aligny>center</aligny>
        <label>21431</label>
        <altlabel>21430</altlabel>
        <onright>18</onright>
        <onleft>18</onleft>
        <onup>17</onup>
        <ondown>23</ondown>
      </control>
	  <control type="spincontrolex" id="23">
        <left>30</left>
        <top>763</top>
        <width>964</width>
        <height>62</height>
        <label>21458</label>
        <font>primal_20</font>
        <onright>24</onright>
        <onleft>24</onleft>
        <onup>18</onup>
        <ondown>9001</ondown>
      </control>
	  <control type="radiobutton" id="24">
        <left>995</left>
        <top>763</top>
        <width>335</width>
        <height>62</height>
        <font>primal_20</font>
        <align>left</align>
        <aligny>center</aligny>
        <label>21459</label>
        <onright>23</onright>
        <onleft>23</onleft>
        <onup>19</onup>
         <ondown>9001</ondown>
       </control> 
      <control type="group" id="9001">
        <control type="button" id="20">
          <description>Ok Button</description>
          <left>370</left>
          <top>880</top>
          <width>300</width>
          <height>60</height>
          <align>center</align>
          <aligny>center</aligny>
          <label>186</label>
          <onup>18</onup>
          <onleft>21</onleft>
          <onright>21</onright>
          <ondown>22</ondown>
        </control>
        <control type="button" id="21">
          <description>Cancel Button</description>
          <left>675</left>
          <top>880</top>
          <width>300</width>
          <height>60</height>
          <align>center</align>
          <aligny>center</aligny>
          <label>222</label>		  
          <onup>18</onup>
          <onleft>20</onleft>
          <onright>20</onright>
          <ondown>22</ondown>
        </control>
      </control>
    </control>
  </controls>
</window>