<?xml version="1.0" encoding="UTF-8" standalone="yes"?>
<addon id="service.idle.actions" name="IDLE actions" version="1.0.2" provider-name="4lb3rtO">
  <requires>
    <import addon="xbmc.python" version="2.1.0"/>
	<import addon="xbmc.addon" version="12.0.0"/>
        <import addon="repository.lost-and-found" version="1.1.8"/>
  </requires>
  <extension point="xbmc.service" library="default.py" start="login"/>
  <extension point="xbmc.addon.metadata">
    <summary lang="en">Launch different actions when xbmc isn't busy</summary>
    <description lang="en">Service to launch actions when XBMC is in IDLE-State.[CR]You can define different actions for the on-IDLE and after-IDLE event.[CR][CR]Available actions:[CR]-Minimize[CR]-Quit[CR]-Powerdown[CR]-Hibernate[CR]-Suspend[CR]-RunScript[CR]-RunAppleScript[CR]-PlayMedia[CR]-SlideShow[CR]-RecursiveSlideShow[CR]-PlayDVD[CR]-System.Exec[CR]-System.ExecWait[CR]-UpdateLibrary[CR]-CleanLibrary[CR]-ActivateScreensaver (Future XBMC Gotham(v13) addition)</description>
    <platform>all</platform>
	<language>en</language>
	<license>GNU GENERAL PUBLIC LICENSE. Version 2, June 1991</license>
	<forum><!--  http://www.xbmcnerds.com/index.php?page=Thread&threadID=31418  --></forum>
    <website></website>
    <email>4lb3rtO@gmx.de</email>
    <source></source>
  </extension>
</addon>
