﻿<?xml version="1.0" encoding="UTF-8" standalone="yes"?>
<!-- ===================================================================================== -->
<!-- ==================================== Repos ========================================== -->
<!-- ===================================================================================== -->
<addon id="repository.kodinerds" name="kodinerds.net Add-ons (old)" version="5.0.2" provider-name="Jugger">
    <broken>Es gibt ein neues Repo</broken>
    <requires>
        <import addon="xbmc.addon" version="12.0.0"/>
        <import addon="repository.lost-and-found" version="1.1.8"/>
    </requires>
    <extension point="xbmc.addon.repository" name="Jugger">
		<info compressed="true">https://raw.githubusercontent.com/Daniel75/reponerds/master/addons.xml</info>
		<checksum>https://raw.githubusercontent.com/Daniel75/reponerds/master/addons.xml.md5</checksum>
		<datadir zip="true">https://raw.githubusercontent.com/Daniel75/reponerds/master/</datadir>
	</extension>
	<extension point="xbmc.addon.metadata">
		<summary>Install add-ons from kodinerds</summary>
		<summary lang="de">Installiere Add-ons von Kodinerds</summary>
		<description>download and install add-ons from repository-kodinerds addon-repository.</description>
		<description lang="de">Downloade und installiere Add-ons vom repository-kodinerds Add-on-Repository.</description>
		<disclaimer>kodinerds.net hat die Add-ons nicht selber erstellt und haftet nicht für deren Inhalt.</disclaimer>
		<platform>all</platform>
	</extension>
</addon>
