<?xml version="1.0" encoding="UTF-8"?>
<window id="20">
    <defaultcontrol always="true">50</defaultcontrol>
    <menucontrol>9000</menucontrol>
    <include>ViewidAddons</include>
    <controls>
        <include>BackgroundMyNavs</include>
        <include>ViewsAddons</include>
        <include>Clock</include>
        <include>NavInfo</include>
        <control type="group">
            <include>SidePanelAnimation</include>
            <include>SidePanelBackground</include>
            <control type="grouplist" id="9000">
                <include>SidePanelProperty</include>
                <control type="button" id="1">
                    <description>View</description>
                    <label>31006</label>
                    <include>SidePanelButton</include>
                    <onclick>Control.SetFocus(9001)</onclick>
                </control>
                <control type="button" id="3">
                    <description>Sort by button</description>
                    <include>SidePanelButton</include>
                    <label>103</label>
                </control>
                <control type="togglebutton" id="4">
                    <description>Sort asc</description>
                    <include>SidePanelToggleButton</include>
                    <label>31051</label>
                    <altlabel>31050</altlabel>
                    <usealttexture>Container.SortDirection(Ascending)</usealttexture>
                </control>
                <control type="button" id="5">
                    <description>Enable auto-updates</description>
                    <include>SidePanelToggleButton</include>
                    <label>10004</label>
                </control>
                <!-- <control type="radiobutton" id="6">
                    <description>No notifications</description>
                    <include>SidePanelToggleButton</include>
                    <label>25000</label>
                </control> -->
                <control type="radiobutton" id="7">
                    <description>Hide foreign</description>
                    <include>SidePanelToggleButton</include>
                    <label>25001</label>
                </control>
                <control type="radiobutton" id="8">
                    <description>Hide broken</description>
                    <include>SidePanelToggleButton</include>
                    <label>24999</label>
                </control>
                <control type="button" id="9">
                    <description>Check for updates</description>
                    <include>SidePanelButton</include>
                    <label>24034</label>
                </control>
            </control>
            <include>SidePanelNavigation</include>
        </control>
        <include>SidePanelShortcuts</include>
        <include>ViewTypeList</include>
        <include>BehindDialogFadeOut</include>
        <include>TouchButtons</include>
    </controls>
</window>
