<?xml version="1.0" encoding="UTF-8"?>
<window type="buttonmenu" id="1153">
    <defaultcontrol always="true">9000</defaultcontrol>
    <coordinates>
        <system>1</system>
        <left>0</left>
        <top>0</top>
    </coordinates>
    <include>openclose</include>
    <controls>
        <include>DialogBackground</include>
        <control type="group">
            <visible>String.IsEmpty(Container(9000).ListItem.Icon)</visible>
            <control type="image">
                <visible>Skin.HasSetting(gambit_background)</visible>
                <include>openclosefanart</include>
                <include>Dimensions_Fullscreen</include>
                <aspectratio>scale</aspectratio>
                <texture background="true">special://skin/backgrounds/gambit/background.jpg</texture>
                <colordiffuse>$VAR[BackgroundDim]</colordiffuse>
            </control>
            <control type="image">
                <aspectratio>scale</aspectratio>
                <fadetime>FadeTime</fadetime>
                <include>Dimensions_Fullscreen</include>
                <texture background="true">$INFO[Container(9000).ListItem.Label2]</texture>
            </control>
            <control type="label">
                <left>0</left>
                <top>450</top>
                <width>1920</width>
                <height>90</height>
                <label>51138</label>
                <font>menufontimpacted</font>
                <textcolor>grey</textcolor>
                <shadowcolor>black</shadowcolor>
                <align>center</align>
            </control>
        </control>
        <control type="image">
            <aspectratio>scale</aspectratio>
            <fadetime>FadeTime</fadetime>
            <include>Dimensions_Fullscreen</include>
            <texture background="true">$INFO[Container(9000).ListItem.Icon]</texture>
        </control>
        <control type="group">
            <include>opencloseslideup</include>
            <include>HomeMenu</include>
            <control type="button" id="9001">
                <left>998</left>
                <top>892</top>
                <onup>9000</onup>
                <width>225</width>
                <height>42</height>
                <label>51139</label>
                <onclick>$VAR[reset_user_background]</onclick>
            </control>
        </control>
        <control type="group">
            <left>0</left>
            <top>0</top>
            <include>opencloseslideright</include>
            <control type="image">
                <description>Background</description>
                <left>-150</left>
                <top>-4</top>
                <width>525</width>
                <height>75</height>
                <texture background="true" border="2">Scaled.png</texture>
            </control>
            <control type="label">
                <description>Navigation label</description>
                <left>15</left>
                <top>4</top>
                <width>480</width>
                <label>31102</label>
                <align>left</align>
                <aligny>center</aligny>
                <font>impacted24</font>
                <textcolor>white</textcolor>
            </control>
        </control>
    </controls>
</window>
