<?xml version="1.0" encoding="UTF-8"?>
<window type="buttonmenu" id="1152">
    <defaultcontrol always="true">100</defaultcontrol>
    <!-- <zorder>1</zorder> -->
    <coordinates>
        <system>1</system>
        <left>0</left>
        <top>0</top>
    </coordinates>
    <include>openclose</include>
    <include>openclosebox</include>
    <controls>
        <include>MediaOverlay</include>
        <control type="image">
            <include>Dimensions_Fullscreen</include>
            <colordiffuse>grey1</colordiffuse>
            <texture background="true">$INFO[ListItem.Art(fanart)]</texture>
        </control>
        <include>BlackGrunge</include>
        <include>VideoGrid</include>
        <control type="image">
            <left>-15</left>
            <top>750</top>
            <width>1950</width>
            <height>345</height>
            <texture background="true">Shadow.png</texture>
        </control>
        <control type="group">
            <left>0</left>
            <top>0</top>
            <control type="group">
                <left>0</left>
                <top>15</top>
                <visible>!String.IsEmpty(ListItem.Art(clearlogo))</visible>
                <control type="image">
                    <left>333</left>
                    <top>0</top>
                    <width>303</width>
                    <height>164</height>
                    <texture background="true">BlackBack.png</texture>
                </control>
                <control type="image">
                    <description>Clearlogo Image</description>
                    <left>333</left>
                    <top>1</top>
                    <width>303</width>
                    <height>162</height>
                    <texture background="true">$INFO[ListItem.Art(clearlogo)]</texture>
                    <aspectratio align="center" aligny="center">keep</aspectratio>
                </control>
            </control>
            <control type="group">
                <left>316</left>
                <top>190</top>
                <visible>!String.IsEmpty(ListItem.Art(clearart))</visible>
                <control type="image">
                    <left>333</left>
                    <top>0</top>
                    <width>303</width>
                    <height>164</height>
                    <texture background="true">BlackBack.png</texture>
                </control>
                <control type="image">
                    <description>Clearart Image</description>
                    <left>333</left>
                    <top>1</top>
                    <width>303</width>
                    <height>162</height>
                    <texture background="true">$INFO[ListItem.Art(clearart)]</texture>
                    <aspectratio align="center" aligny="center">keep</aspectratio>
                </control>
            </control>
            <control type="group">
                <left>634</left>
                <top>176</top>
                <visible>!String.IsEmpty(ListItem.Art(landscape))</visible>
                <control type="image">
                    <left>333</left>
                    <top>190</top>
                    <width>304</width>
                    <height>165</height>
                    <texture background="true">BlackBack.png</texture>
                </control>
                <control type="image">
                    <description>Landscape Image</description>
                    <left>333</left>
                    <top>192</top>
                    <width>304</width>
                    <height>164</height>
                    <texture background="true">$INFO[ListItem.Art(landscape)]</texture>
                    <aspectratio align="center" aligny="center">scale</aspectratio>
                </control>
            </control>
            <control type="group">
                <left>634</left>
                <top>531</top>
                <visible>!String.IsEmpty(ListItem.Art(banner))</visible>
                <control type="image">
                    <left>333</left>
                    <top>190</top>
                    <width>621</width>
                    <height>165</height>
                    <texture background="true">Black.png</texture>
                </control>
                <control type="image">
                    <description>Landscape Image</description>
                    <left>334</left>
                    <top>192</top>
                    <width>616</width>
                    <height>164</height>
                    <texture background="true">$INFO[ListItem.Art(banner)]</texture>
                    <aspectratio align="center" aligny="center">keep</aspectratio>
                </control>
            </control>
            <control type="group">
                <left>0</left>
                <top>354</top>
                <visible>!String.IsEmpty(ListItem.Art(discart))</visible>
                <control type="image">
                    <left>333</left>
                    <top>190</top>
                    <width>621</width>
                    <height>344</height>
                    <texture background="true">BlackBack.png</texture>
                </control>
                <control type="image">
                    <description>Discart Image</description>
                    <left>548</left>
                    <top>190</top>
                    <width>344</width>
                    <height>344</height>
                    <texture background="true" fallback="cdart/default_bluray.png">$INFO[ListItem.Art(discart)]</texture>
                    <aspectratio align="right" aligny="center">keep</aspectratio>
                </control>
            </control>
        </control>
        <control type="image">
            <description>Steelbox</description>
            <left>75</left>
            <top>420</top>
            <width>420</width>
            <height>662</height>
            <colordiffuse>grey</colordiffuse>
            <texture background="true">clear-cases/steelbox_Shadow.png</texture>
            <aspectratio>keep</aspectratio>
        </control>
        <control type="image">
            <description>Steelbox Fanart</description>
            <left>92</left>
            <top>420</top>
            <width>387</width>
            <height>662</height>
            <colordiffuse>grey</colordiffuse>
            <texture background="true" diffuse="clear-cases/steelbox.png">$INFO[ListItem.Art(fanart)]</texture>
            <visible>!String.IsEmpty(ListItem.Art(fanart)</visible>
        </control>
        <control type="image">
            <description>Steelbox Empty</description>
            <left>92</left>
            <top>420</top>
            <width>387</width>
            <height>662</height>
            <colordiffuse>grey</colordiffuse>
            <texture background="true">clear-cases/steelbox.png</texture>
            <visible>String.IsEmpty(ListItem.Art(fanart)</visible>
        </control>
        <control type="image">
            <description>Cover Image</description>
            <left>148</left>
            <top>406</top>
            <width>320</width>
            <height>674</height>
            <texture diffuse="clear-cases/steelbox_diffuse.png">$INFO[ListItem.Icon]</texture>
            <animation effect="rotatey" start="0" end="-45" condition="true">Conditional</animation>
        </control>
        <control type="label">
            <description>Cover Label</description>
            <left>148</left>
            <top>406</top>
            <width>320</width>
            <height>674</height>
            <align>center</align>
            <aligny>center</aligny>
            <label>51172</label>
            <textcolor>grey</textcolor>
            <font>impacted26</font>
            <animation effect="rotatey" start="0" end="-45">WindowOpen</animation>
            <visible>String.IsEmpty(ListItem.Icon)</visible>
        </control>
        <!-- <include>Clock</include> -->
        <control type="list" id="100">
            <left>1602</left>
            <top>6</top>
            <width>315</width>
            <height>1077</height>
            <onleft>noop</onleft>
            <onright>noop</onright>
            <onup>100</onup>
            <ondown>100</ondown>
            <viewtype label="535">list</viewtype>
            <pagecontrol>60</pagecontrol>
            <scrolltime>200</scrolltime>
            <orientation>vertical</orientation>
            <itemlayout width="300" height="177">
                <control type="label">
                    <left>45</left>
                    <top>68</top>
                    <width>300</width>
                    <height>45</height>
                    <align>left</align>
                    <font>impacted26</font>
                    <textcolor>grey</textcolor>
                    <label>$INFO[ListItem.Label]</label>
                </control>
            </itemlayout>
            <focusedlayout width="300" height="177">
                <control type="image">
                    <left>0</left>
                    <top>0</top>
                    <width>303</width>
                    <height>177</height>
                    <texture background="true">BlackBack.png</texture>
                </control>
                <control type="label">
                    <left>45</left>
                    <top>68</top>
                    <width>300</width>
                    <height>45</height>
                    <align>left</align>
                    <font>impacted26</font>
                    <textcolor>red</textcolor>
                    <label>$INFO[ListItem.Label]</label>
                </control>
            </focusedlayout>
            <content>
                <!-- <item id="0">
					<label>210</label>
					<label2>-</label2>
					<icon>-</icon>
					<onclick>Action(back)</onclick>
				</item> -->
                <item id="1">
                    <label>Logo</label>
                    <label2>-</label2>
                    <icon>-</icon>
                    <onclick condition="Container.Content(tvshows)">RunScript(script.artwork.downloader, mode=custom, mediatype=tvshow, dbid=$INFO[ListItem.DBID], silent=true, clearlogo)</onclick>
                    <onclick condition="Container.Content(movies)">RunScript(script.artwork.downloader, mode=custom, mediatype=movie, dbid=$INFO[ListItem.DBID], silent=true, clearlogo)</onclick>
                    <onclick condition="Container.Content(musicvideos)">RunScript(script.artwork.downloader, mode=custom, mediatype=musicvideo, dbid=$INFO[ListItem.DBID], silent=true, clearlogo)</onclick>
                    <!-- <visible>[Container.Content(tvshows)|Container.Content(movies)|Container.Content(musicvideos)]+system.hasaddon(script.artwork.downloader)</visible> -->
                </item>
                <item id="2">
                    <label>Clearart</label>
                    <label2>-</label2>
                    <icon>-</icon>
                    <onclick condition="Container.Content(tvshows)">RunScript(script.artwork.downloader, mode=custom, mediatype=tvshow, dbid=$INFO[ListItem.DBID], silent=true, clearart)</onclick>
                    <onclick condition="Container.Content(movies)">RunScript(script.artwork.downloader, mode=custom, mediatype=movie, dbid=$INFO[ListItem.DBID], silent=true, clearart)</onclick>
                    <onclick condition="Container.Content(musicvideos)">RunScript(script.artwork.downloader, mode=custom, mediatype=musicvideo, dbid=$INFO[ListItem.DBID], silent=true, clearart)</onclick>
                    <!-- <visible>[Container.Content(tvshows)|Container.Content(movies)|Container.Content(musicvideos)]+system.hasaddon(script.artwork.downloader)</visible> -->
                </item>
                <item id="3">
                    <label>Landscape</label>
                    <label2>-</label2>
                    <icon>-</icon>
                    <onclick condition="Container.Content(tvshows)">RunScript(script.artwork.downloader, mode=custom, mediatype=tvshow, dbid=$INFO[ListItem.DBID], silent=true, landscape)</onclick>
                    <onclick condition="Container.Content(movies)">RunScript(script.artwork.downloader, mode=custom, mediatype=movie, dbid=$INFO[ListItem.DBID], silent=true, landscape)</onclick>
                    <onclick condition="Container.Content(musicvideos)">RunScript(script.artwork.downloader, mode=custom, mediatype=musicvideo, dbid=$INFO[ListItem.DBID], silent=true, landscape)</onclick>
                    <!-- <visible>[Container.Content(tvshows)|Container.Content(movies)|Container.Content(musicvideos)]+system.hasaddon(script.artwork.downloader)</visible> -->
                </item>
                <item id="4">
                    <label>Discart</label>
                    <label2>-</label2>
                    <icon>-</icon>
                    <onclick condition="Container.Content(tvshows)">RunScript(script.artwork.downloader, mode=custom, mediatype=tvshow, dbid=$INFO[ListItem.DBID], silent=true, discart)</onclick>
                    <onclick condition="Container.Content(movies)">RunScript(script.artwork.downloader, mode=custom, mediatype=movie, dbid=$INFO[ListItem.DBID], silent=true, discart)</onclick>
                    <onclick condition="Container.Content(musicvideos)">RunScript(script.artwork.downloader, mode=custom, mediatype=musicvideo, dbid=$INFO[ListItem.DBID], silent=true, discart)</onclick>
                    <!-- <visible>[Container.Content(tvshows)|Container.Content(movies)|Container.Content(musicvideos)]+system.hasaddon(script.artwork.downloader)</visible> -->
                </item>
                <item id="4">
                    <label>Banner</label>
                    <label2>-</label2>
                    <icon>-</icon>
                    <onclick condition="Container.Content(tvshows)">RunScript(script.artwork.downloader, mode=custom, mediatype=tvshow, dbid=$INFO[ListItem.DBID], silent=true, banner)</onclick>
                    <onclick condition="Container.Content(movies)">RunScript(script.artwork.downloader, mode=custom, mediatype=movie, dbid=$INFO[ListItem.DBID], silent=true, banner)</onclick>
                    <onclick condition="Container.Content(musicvideos)">RunScript(script.artwork.downloader, mode=custom, mediatype=musicvideo, dbid=$INFO[ListItem.DBID], silent=true, banner)</onclick>
                    <!-- <visible>[Container.Content(tvshows)|Container.Content(movies)|Container.Content(musicvideos)]+system.hasaddon(script.artwork.downloader)</visible> -->
                </item>
                <item id="6">
                    <label>51413</label>
                    <label2>-</label2>
                    <icon>-</icon>
                    <onclick condition="Container.Content(tvshows)">RunScript(script.artwork.downloader, mode=custom, mediatype=tvshow, dbid=$INFO[ListItem.DBID], silent=true, seasonposter, extrafanart, clearlogo, clearart, banner, seasonbanner, characterart, landscape)</onclick>
                    <onclick condition="Container.Content(movies)">RunScript(script.artwork.downloader, mode=custom, mediatype=movie, dbid=$INFO[ListItem.DBID], silent=true, extrafanart, clearlogo, clearart, discart, banner, landscape)</onclick>
                    <onclick condition="Container.Content(musicvideos)">RunScript(script.artwork.downloader, mode=custom, dbid=$INFO[ListItem.DBID], silent=true, extrafanart, clearlogo, clearart, discart, banner, landscape)</onclick>
                    <!-- <visible>[Container.Content(tvshows)|Container.Content(movies)|Container.Content(musicvideos)]+system.hasaddon(script.artwork.downloader)</visible> -->
                </item>
            </content>
        </control>
    </controls>
</window>
